case,phase,blocks,unit,master,before,after,before_vs_master_percent,before_vs_master_ci95,before_vs_master_delta_us,after_vs_master_percent,after_vs_master_ci95,after_vs_master_delta_us,after_vs_before_percent,after_vs_before_ci95,after_vs_before_delta_us
demo-RobotoFlex,first_paint,6,us,1711.4165,1721.8125,1711.5210000000002,-1.371867220820705,"[-6.725853851078933, 4.990873782918426]",-23.250000000000114,-0.24198376014455958,"[-1.429196769316804, 11.46437235564568]",-4.144999999999982,3.796353683836051,"[-5.742497373903571, 15.771617281640903]",60.64600000000007
demo-RobotoFlex,pan,6,us,226.58955,222.2396,224.78334999999998,-0.8970808239254113,"[-7.278263325331285, 1.9706430418779286]",-2.064549999999997,-0.6024494256869461,"[-4.674577488455317, 2.60975607777969]",-1.3853000000000009,0.6266073368194403,"[-0.6000275781389341, 3.8887242138019307]",1.4189000000000078
demo-RobotoFlex,warm,6,us,229.79855,222.74856699999998,227.7090335,-1.5973743522325834,"[-3.4749651741041605, -0.24246852958464404]",-3.6687835000000035,0.2379959868100523,"[-2.4515628622181596, 1.9475835370204142]",0.5006164999999925,1.6531920859693572,"[1.003445020650684, 2.462761741653552]",3.6763665000000003
demo-RobotoFlex,zoom_in,6,us,1390.8645000000001,1364.92175,1375.9879584999999,-1.0502062948287927,"[-5.991224816375823, 5.713361446158816]",-14.510458499999913,-2.2507752114920843,"[-3.8562799425964687, 0.4604867560395798]",-31.3540835,-1.5533019241699586,"[-5.02893823814809, 2.713923591908074]",-21.20991700000002
demo-RobotoFlex,zoom_out,6,us,915.6738335,869.9097085000001,885.9896249999999,-4.699239155812851,"[-6.495348671648349, 0.16661349340931775]",-43.156458499999985,-3.047181822500178,"[-4.630243318577043, 2.0078897498680193]",-27.586958500000037,1.2144420059371441,"[-2.990239914891324, 7.826701744743391]",10.503458499999965
demo-RobotoFlex-no-swash,first_paint,6,us,4216.8330000000005,4388.646000000001,4059.25,-1.3976872637216087,"[-4.3244479025306095, 9.161574079627032]",-61.20749999999998,-5.242184412041794,"[-11.920675133101271, 2.6925073606758776]",-221.39600000000019,-6.294847002681808,"[-12.920081381269094, 2.0048828350428094]",-275.60400000000004
demo-RobotoFlex-no-swash,pan,6,us,229.73329999999999,230.9686,229.81675,-1.0087444197102835,"[-5.515136574049206, 0.5397544858050218]",-2.3730000000000047,0.14072808760807187,"[-10.117236894937431, 2.5273247738610394]",0.3000499999999988,-0.11909002907991573,"[-5.009330233502412, 3.4941679212491805]",-0.2686000000000064
demo-RobotoFlex-no-swash,warm,6,us,234.29521699999998,230.96245,228.1396165,-1.5701420181398917,"[-4.48565107244312, 0.4062407854043548]",-3.7307334999999995,-2.774901027572596,"[-5.4244039129758, 4.137680400558008]",-6.511916999999997,0.2884518295333205,"[-2.465944080727267, 3.722326646388807]",0.6445500000000095
demo-RobotoFlex-no-swash,zoom_in,6,us,3428.2932920000003,3456.0052914999997,3424.845333,0.45539920669960265,"[-0.30671071625373303, 1.6396077932874675]",15.913166499999988,-0.11942534872823041,"[-2.2336253036302542, 3.409903451914964]",-4.092292000000043,-0.2828676750026071,"[-3.332822398625429, 2.8805226593692224]",-9.74150050000003
demo-RobotoFlex-no-swash,zoom_out,6,us,2308.124958,2282.727333,2272.3507915,-1.5207153685726837,"[-2.222173884716666, 0.4424010134841505]",-34.78820799999994,-1.3432531186234664,"[-2.8692899878829783, 1.7784201435675773]",-30.755041499999834,0.0511543221103139,"[-2.2294579590865116, 3.1193186811021567]",1.1667915000000448
demo-Rye,first_paint,6,us,7003.8125,4268.6875,4287.521000000001,-39.40389717171104,"[-40.68490813175425, -38.482517173684876]",-2759.7704999999996,-38.64615629073553,"[-40.03765264931808, -37.22857749434212]",-2687.9369999999994,0.8862129260821527,"[-0.5773805127564813, 4.141872595357388]",37.64649999999983
demo-Rye,pan,6,us,233.66885,229.3417,228.23964999999998,-1.3831432799935928,"[-4.124458016952731, 0.3537604519721349]",-3.204250000000002,-2.6604964679822043,"[-4.582161357258102, -0.35283989756998424]",-6.329199999999986,-0.6778491612981941,"[-2.317402919966194, 0.5433927776429537]",-1.566749999999999
demo-Rye,warm,6,us,228.3326,221.3409835,220.17295000000001,-2.73302799158654,"[-4.006167449177611, -0.33417146463340375]",-6.238816499999984,-3.5623363078737533,"[-4.153211572457294, -2.490048244814136]",-8.144400000000005,-0.5343669756209646,"[-3.2733551282831783, 0.6911896554970598]",-1.1819169999999986
demo-Rye,zoom_in,6,us,6282.6545415,3628.8750419999997,3636.70825,-42.10860822149455,"[-43.05403865864757, -41.88351878610961]",-2644.3871665,-42.328438173542715,"[-42.81212049058817, -40.58752109156699]",-2659.3855000000003,0.5214605793218863,"[-0.5994333508913097, 2.3536064989302385]",18.90783300000021
demo-Rye,zoom_out,6,us,4147.4184165,2374.8663335,2432.4999585,-42.71212735975456,"[-42.99560243084969, -41.738042399995365]",-1774.500083,-41.1932249273536,"[-42.25681544445816, -40.54383007637182]",-1699.7605,2.550590470794456,"[-0.5847308618529723, 4.081256691660573]",60.48270850000017
demo-Vollkorn,first_paint,6,us,7170.5,4996.208500000001,4982.5419999999995,-29.26598181327369,"[-34.5984312168757, -17.35882088033014]",-2075.458,-31.349629410443967,"[-33.34191443333964, -29.58666550239574]",-2242.271,-2.941576378427807,"[-15.431021276884161, 3.848962271180323]",-149.91600000000017
demo-Vollkorn,pan,6,us,225.98739999999998,232.92505,228.12305,3.8389472719731144,"[1.3217272945983072, 9.654272113504158]",8.61045,2.016507522972355,"[-0.9476728429754167, 7.793876179716553]",4.56880000000001,-2.229069206491868,"[-5.824675140963759, 2.6317429217046993]",-5.162449999999993
demo-Vollkorn,warm,6,us,226.1104,222.8006665,222.04165,-0.5738909373976975,"[-2.5946113554947248, 1.344198477940961]",-1.3069670000000002,-1.0907793409610067,"[-2.755107807414825, 0.6126325311030967]",-2.474367000000001,0.4504540720599248,"[-3.235859493440063, 1.451015589991833]",0.9846499999999878
demo-Vollkorn,zoom_in,6,us,6313.696125,4206.079833,4195.9687085000005,-33.40792402369114,"[-34.19093697585696, -32.989628463219155]",-2108.4912085,-33.64121703682551,"[-34.087426181793845, -30.861042703589238]",-2123.210125,-0.3502465551235623,"[-0.6947605548568769, 4.104935201275273]",-14.718916499999978
demo-Vollkorn,zoom_out,6,us,4150.2932915,2661.956667,2670.9548335,-35.79528568257998,"[-37.4628714264485, -35.27651699317931]",-1490.4389585,-35.6100655971256,"[-37.40717554752334, -35.014875396161756]",-1477.2778335,-0.024893111768387044,"[-0.8690178118866576, 1.6879970577036496]",-0.6425835000000006
grid_unique_sizes-RobotoFlex,all_misses,6,us,5997.6875,6160.603999999999,6178.4795,1.991214798815144,"[0.9316983641494359, 4.567459358912274]",119.58249999999998,3.2747101195501394,"[2.6020145422461893, 7.0252804334950625]",195.52050000000008,0.7482864281514678,"[-1.2087501380661891, 5.888823716460056]",45.85450000000037
grid_unique_sizes-Vollkorn,all_misses,6,us,48637.4165,48806.3125,49033.521,0.2968069968561027,"[-0.2641438429932419, 0.9629140927294277]",144.33299999999872,0.47628726859952897,"[-0.27090113667370685, 1.6961545796214006]",231.70850000000064,0.3713751773687268,"[-0.19783995459580206, 0.7260608031620208]",181.375
