label,font_sha256,path,outline_type,ascii94_mapped_characters,ascii94_unique_glyphs,ascii94_original_kernel_coverage_unique_requirement_passes,demo_graphic_coverage_complete,glyph_program_bytes_all_glyphs,glyph_program_max_bytes,fpgm_bytes,prep_bytes,ascii94_program_mean_bytes_per_unique_glyph,ascii94_expanded_mean_points_per_unique_glyph,demo_five_size_median_mean_program_bytes_per_unique_glyph,demo_five_size_median_mean_expanded_points_per_unique_glyph,version,TTFA_present,maxp_maxPoints,maxp_maxContours,maxp_maxCompositePoints,maxp_maxCompositeContours,maxp_maxZones,maxp_maxTwilightPoints,maxp_maxStorage,maxp_maxFunctionDefs,maxp_maxInstructionDefs,maxp_maxStackElements,maxp_maxSizeOfInstructions,maxp_maxComponentElements,maxp_maxComponentDepth,Rye_ratio_ascii94_program_mean_bytes_per_unique_glyph,Rye_ratio_ascii94_expanded_mean_points_per_unique_glyph,Rye_ratio_demo_five_size_median_mean_program_bytes_per_unique_glyph,Rye_ratio_demo_five_size_median_mean_expanded_points_per_unique_glyph
AveriaGruesaLibre-Regular,df080c6c99c694b3d741835957e4ebc37d640a9c54f4079ceb8c7211e3f2e209,/private/tmp/femtovg-aggressive-font-search-20261002/hinted-supplement-v1/fonts/averiagruesalibre/AveriaGruesaLibre-Regular.ttf,TrueType,94,94,True,True,0,0,0,0,0.0,47.0531914893617,0.0,48.193548387096776,Version 1.002,False,135,7,0,0,2,0,1,1,0,64,0,0,0,0.0,0.4556505614504996,0.0,0.41127155334217574
AveriaSerifLibre-Regular,c64545bce66be1d737832337c1188015f9acacc5230ccbeb4ce646a0eaa252da,/private/tmp/femtovg-aggressive-font-search-20261002/hinted-supplement-v1/fonts/averiaseriflibre/AveriaSerifLibre-Regular.ttf,TrueType,94,94,True,True,0,0,0,0,0.0,50.212765957446805,0.0,51.1,Version 1.002,False,136,7,0,0,2,0,1,1,0,64,0,0,0,0.0,0.48624703821984133,0.0,0.4360744763382467
AveriaLibre-Regular,3dda695e06012f89b39eaccd77fbbcf22133a17b00ce5ddf3e4e9a996546b865,/private/tmp/femtovg-aggressive-font-search-20261002/hinted-supplement-v1/fonts/averialibre/AveriaLibre-Regular.ttf,TrueType,94,94,True,True,0,0,0,0,0.0,48.08510638297872,0.0,49.25,Version 1.002,False,129,7,0,0,2,0,1,1,0,64,0,0,0,0.0,0.46564335015967856,0.0,0.4202870442203258
MissFajardose-Regular,f76e0f245e781a75ea9fa528706b417173f7741439369c07d1501276170ab709,/private/tmp/femtovg-aggressive-font-search-20261002/hinted-supplement-v1/fonts/missfajardose/MissFajardose-Regular.ttf,TrueType,94,94,True,True,0,0,0,7,0.0,77.41489361702128,0.0,63.354838709677416,Version 1.000,False,228,8,0,0,2,0,1,1,0,64,0,0,0,0.0,0.7496651900690223,0.0,0.5406541705247878
HerrVonMuellerhoff-Regular,ba8ac10807a79462b7c8265b2eebb8419e5017fdc1a5828b1a071d9e8478772e,/private/tmp/femtovg-aggressive-font-search-20261002/hinted-supplement-v1/fonts/herrvonmuellerhoff/HerrVonMuellerhoff-Regular.ttf,TrueType,93,93,False,True,0,0,0,7,0.0,52.89247311827957,0.0,49.8,Version 1.000,False,139,5,0,0,2,0,1,1,0,64,0,0,0,0.0,0.5121966079240011,0.0,0.4249806051202482
GreatVibes-Regular,8d509802186f1b51572531ecf313e8098f9a5bfdfaca93f0c9b34467f9982d15,/private/tmp/femtovg-aggressive-font-search-20261002/hinted-supplement-v1/fonts/greatvibes/GreatVibes-Regular.ttf,TrueType,94,94,True,True,130017,995,3596,214,123.94680851063829,74.69148936170212,135.1851851851852,70.6,Version 1.103; ttfautohint (v1.8.4.7-5d5b),False,258,7,231,7,2,70,129,141,0,282,3596,4,1,0.3489681612603708,0.723292469352014,0.2998955732603937,0.6024825446082234
BilboSwashCaps-Regular,36e0a6d9f33c57797340a65c8789272247f8d2b0b9521a92112eaa13c77a4354,/private/tmp/femtovg-aggressive-font-search-20261002/hinted-supplement-v1/fonts/bilboswashcaps/BilboSwashCaps-Regular.ttf,TrueType,94,94,True,True,0,0,0,0,0.0,71.15957446808511,0.0,63.074074074074076,Version 1.003,False,211,6,0,0,2,0,1,1,0,64,0,0,0,0.0,0.6890903471721438,0.0,0.5382581961325174
PinyonScript-Regular,4aab130a6ed27f8b8117738c84a5602edf9300cdcc0651a9a65bf96f451ac29a,/private/tmp/femtovg-aggressive-font-search-20261002/hinted-supplement-v1/fonts/pinyonscript/PinyonScript-Regular.ttf,TrueType,94,94,True,True,32119,1522,3596,178,117.02127659574468,75.90425531914893,108.45454545454545,75.33333333333333,Version 1.008; ttfautohint (v1.8.4.7-5d5b),False,254,12,288,7,2,72,132,141,0,242,3596,3,1,0.32946955401803096,0.7350365715463067,0.2405961721118441,0.6428756141711921
FleurDeLeah-Regular,11f6c19bd52835c66cf6cf78f060a467a92a85f1d667447ea8feefdd9bccba7d,/private/tmp/femtovg-aggressive-font-search-20261002/hinted-supplement-v1/fonts/fleurdeleah/FleurDeLeah-Regular.ttf,TrueType,94,94,True,True,90422,2549,3596,189,366.63829787234044,153.91489361702128,264.14814814814815,120.11111111111111,Version 1.010; ttfautohint (v1.8.3),False,1339,13,802,10,2,136,228,141,0,697,3596,3,1,1.0322580645161292,1.4904707942721747,0.5859877338337336,1.024997845013361
Eater-Regular,df2744af0f58592c4ff13e8205e62a56f7bdf915b3e31c9def075668c42a2b3f,/private/tmp/femtovg-aggressive-font-search-20261002/hinted-supplement-v1/fonts/eater/Eater-Regular.ttf,TrueType,94,94,True,True,0,0,0,7,0.0,166.72340425531914,0.0,212.54545454545453,Version 001.002 ,False,410,10,388,7,2,0,1,1,0,64,0,2,1,0.0,1.6145049963943545,0.0,1.8138091543832426
Rye-Regular,b7edee5e615ae1b6b07e9d030c1309152bf3672a0e8a2a46293e273730f5adba,/private/tmp/femtovg-font-stress-search-20261002/fonts/rye/Rye-Regular.ttf,TrueType,94,94,True,True,94918,1933,1865,96,355.1808510638298,103.26595744680851,450.7741935483871,117.18181818181819,Version 1.001,False,255,13,0,0,2,60,71,60,0,241,1933,2,0,1.0,1.0,1.0,1.0
Vollkorn-Medium,b704817fe4433aa674c54f87141f2541d88d7d48342d98ec727a5eed4873a892,/private/tmp/femtovg-font-stress-search-20261002/fonts/controls/Vollkorn-Medium.ttf,TrueType,94,94,True,True,85955,4692,3596,250,73.47872340425532,47.56382978723404,97.19354838709677,52.074074074074076,Version 5.000; ttfautohint (v1.8.3),False,818,65,160,9,2,524,810,141,0,1320,4692,3,1,0.20687692814568545,0.4605954465849387,0.21561471303850008,0.4443869781340689
