case,phase,blocks,unit,master,full,simple,full_vs_master_percent,full_vs_master_ci95,full_vs_master_delta_us,simple_vs_master_percent,simple_vs_master_ci95,simple_vs_master_delta_us,simple_vs_full_percent,simple_vs_full_ci95,simple_vs_full_delta_us
demo-RobotoFlex,first_paint,12,us,1802.2295,1681.354,1743.958,-3.8530984353931483,"[-8.624647441781802, 0.8179681544114303]",-69.6869999999999,-3.2994768451267253,"[-4.60784143205113, -1.3132788080824853]",-58.52149999999983,2.4875161984702077,"[-2.583481061349885, 6.348568006122324]",41.81299999999999
demo-RobotoFlex,pan,12,us,218.75844999999998,217.1564,215.8106,-0.7454696563885921,"[-3.048427197724685, 2.9638125908584945]",-1.6291999999999973,-0.7550435473244299,"[-2.990734257583899, 0.9294220340794301]",-1.6689000000000078,-0.4616321392217404,"[-1.6940327032690994, 0.9560135530280456]",-0.9707500000000095
demo-RobotoFlex,warm,12,us,218.01875,215.89518349999997,214.89515,-1.439502586348318,"[-2.7594904969628242, -0.1640917572050038]",-3.1700495000000046,-1.415764773591921,"[-3.30213741214071, 0.12364717393787972]",-3.0806670000000054,-0.38663581069567354,"[-1.6347359278213625, 0.8727799134397918]",-0.8264000000000067
demo-RobotoFlex,zoom_in,12,us,1332.0641249999999,1309.756833,1299.9775415,-2.1987546675852787,"[-2.9784993556843498, -0.8950651444715407]",-29.022624999999948,-2.4111321275484823,"[-4.782623562424532, -0.8751507857647445]",-32.10591700000009,-0.8411577186184349,"[-2.9734735829066716, 1.325469555520098]",-11.734208500000022
demo-RobotoFlex,zoom_out,12,us,873.7030835,846.675375,844.9982085,-2.6793769289208793,"[-6.5861289387932125, -0.8953468370046791]",-23.24475000000001,-4.185098129467185,"[-5.3635797875795195, -3.0001902396892213]",-36.70133349999992,-0.3577242059912389,"[-1.9013679603935296, 0.9176409347190995]",-3.006958499999996
demo-RobotoFlex-no-swash,first_paint,12,us,4181.0625,3968.667,3906.4375,-4.523123720587225,"[-7.193654122405386, 0.6766852947374724]",-187.06250000000023,-6.1388301416617495,"[-6.97896298443511, -4.5382987935660974]",-256.66650000000004,-2.0967426413968204,"[-5.998027470553613, -0.0016119333458297636]",-83.27099999999996
demo-RobotoFlex-no-swash,pan,12,us,221.38125000000002,221.9708,222.38754999999998,1.9392806346338332,"[-1.5191316530593524, 4.004710262605804]",4.224899999999991,0.5498248817469187,"[-2.0170104036167977, 2.9649263028577955]",1.2206000000000046,-0.8843157382656675,"[-2.5925400497282425, 1.0713431337341484]",-1.960250000000002
demo-RobotoFlex-no-swash,warm,12,us,220.5,222.892333,223.0147,1.7376946832667772,"[-0.259485037460383, 3.791368061312439]",3.793766500000004,2.2490353985823885,"[-0.9701669653812361, 3.5468489427104677]",4.910382999999996,-0.06507813223032843,"[-1.8783738062906175, 0.7307637575055814]",-0.14250050000001124
demo-RobotoFlex-no-swash,zoom_in,12,us,3331.017458,3345.8577915,3309.2205,0.6185525872979603,"[-0.5315515622027478, 3.005700344942719]",20.519083500000306,-0.038503116643190394,"[-0.8946365997942352, 0.41899201099511174]",-1.2900414999999157,-1.2467456089748474,"[-2.724710572751116, -0.09268959404993282]",-41.630375000000186
demo-RobotoFlex-no-swash,zoom_out,12,us,2200.8004170000004,2211.574625,2202.0867500000004,1.477080993590596,"[-1.477719479632289, 3.390211341298055]",32.338416499999994,0.26451477315699856,"[-0.12420350688987503, 1.5450700976991971]",5.795083500000146,-0.3322776853771747,"[-1.7140071426631043, 0.6594793010159528]",-7.4183750000001965
demo-Rye,first_paint,12,us,6787.6455,4153.521,4077.688,-39.47926666273426,"[-41.55223298753323, -36.76676725024764]",-2624.0,-39.78999402348851,"[-41.349067751586716, -36.02274856132506]",-2743.542,2.064829680375291,"[-4.561674415839434, 3.1844357400034773]",84.20800000000008
demo-Rye,pan,12,us,222.24175,223.82909999999998,219.5479,-0.6113889758093072,"[-7.309277778810996, 4.255715452103825]",-1.3584499999999906,-2.013622551498284,"[-6.216394649007412, -0.3035236435583566]",-4.537499999999994,-1.3182176112807809,"[-4.031621851828038, 0.4691830926518703]",-2.966700000000003
demo-Rye,warm,12,us,217.7194165,218.2125,210.7007665,-0.4056725680178841,"[-1.6981224903004133, 2.0580315719435083]",-0.8840334999999868,-3.4778566879802355,"[-5.07347359100363, -1.9745357194064617]",-7.653383000000005,-3.3587329729429625,"[-5.362287632848722, -1.7272543854766897]",-7.311166500000013
demo-Rye,zoom_in,12,us,6104.2812914999995,3448.691,3480.9062080000003,-43.06644349884348,"[-43.83600676031422, -42.43017057261241]",-2609.216958,-42.93472717420665,"[-43.53759889964563, -42.00904269666199]",-2605.7900414999995,0.7213572281925318,"[-0.412676554618685, 1.8802570264133567]",24.949749500000053
demo-Rye,zoom_out,12,us,4014.8905415,2292.367958,2310.913125,-43.24185009553892,"[-44.348544244237544, -42.21491751770495]",-1741.3609999999999,-42.669179723867515,"[-43.85255231879631, -42.180290453293864]",-1721.2360835000002,0.9108877498069767,"[-0.1116491113438367, 0.9844679617959984]",20.8125
demo-Vollkorn,first_paint,12,us,6919.146000000001,4841.0625,4874.8125,-29.81684937071931,"[-32.69572900877051, -27.918512566574407]",-2023.4784999999997,-29.378823393985154,"[-31.665649608153714, -26.36713423420413]",-2006.4159999999997,0.36369371338678125,"[-3.6752758704353905, 3.6870379113692953]",17.0625
demo-Vollkorn,pan,12,us,220.94575,222.70215000000002,213.88325,-0.0168959926301393,"[-2.536241056659855, 6.628024544151057]",-0.08545000000000869,-1.0575562913571201,"[-5.164200693291171, 2.431068730526831]",-2.304149999999993,-3.013688758279076,"[-6.170961320463864, -0.30199528366601225]",-6.579050000000009
demo-Vollkorn,warm,12,us,216.862483,215.4041835,210.813133,-0.9693671273768301,"[-3.8134875983763585, 0.5958742367275005]",-2.0915000000000106,-2.2146231224299093,"[-5.232225300362209, -0.0008006467723253863]",-4.745800500000016,-1.117076333741085,"[-3.7786739099085533, 1.9507851637198481]",-2.3785165000000035
demo-Vollkorn,zoom_in,12,us,6179.3993335,4032.0660415,4063.9670415,-34.51509441431075,"[-35.19030078746941, -33.702994503807346]",-2131.8403749999998,-34.44266505905361,"[-34.78867572495608, -33.25891386829562]",-2132.0502500000002,0.5123871811646197,"[-0.14126414940921483, 1.7866689296389238]",20.66129150000006
demo-Vollkorn,zoom_out,12,us,4046.456625,2550.095542,2572.899375,-36.89569473274199,"[-37.35678889117941, -36.365376121904276]",-1485.4740420000003,-36.45337991793163,"[-37.16904748379377, -36.04432837584042]",-1478.84025,0.4430251871306967,"[-0.9267837636461773, 1.2765632101386593]",11.344000000000051
grid_singleton-RobotoFlex,all_misses,12,us,187.91649999999998,138.8535,156.14600000000002,-28.475676781612393,"[-30.310932625213063, -25.00293094315169]",-53.063,-17.345096559328397,"[-20.39912070779504, -15.455956988270959]",-32.8955,13.75638154445098,"[10.629565427805, 15.871161871263627]",19.4795
grid_singleton-Vollkorn,all_misses,12,us,1491.7915,1462.0415,1486.375,-1.1603503170143026,"[-8.983597436843244, 2.8028920613517028]",-17.875499999999988,-2.0227648746463043,"[-4.602691236458522, 2.321468769849244]",-30.958999999999946,1.7807538343735385,"[-2.7682009089927737, 5.662574033252898]",25.187000000000012
grid_unique_sizes-RobotoFlex,all_misses,12,us,5694.603999999999,5329.291499999999,5871.187,-6.650651784898049,"[-9.342741228055468, -3.797202454136939]",-377.08299999999963,3.266917759644161,"[2.987049152229737, 4.5591899470199815]",186.31200000000035,10.657813209701638,"[7.986801483818196, 11.953402295348447]",562.625
grid_unique_sizes-Vollkorn,all_misses,12,us,46609.3955,46566.9375,47103.0415,-0.1455240591670237,"[-1.2253186596629162, 0.4650023672314152]",-67.77049999999872,1.3766502205085906,"[0.13456672952907311, 1.896337570635176]",639.6875,1.1146398735695118,"[0.3864191070379108, 1.5818395756087233]",519.7295000000013
