screen,font,font_sha256,profile,dpr,logical_sizes,native_outline_us_per_glyph,native_render_us_per_glyph,geometry_reuse_us_per_glyph,native_outline_unhinted_us_per_glyph,hinting_increment_us_per_glyph,potential_saved_us_per_glyph,greatest_outline_case_logical_size,greatest_outline_case_us_per_glyph
english,Rye-Regular,b7edee5e615ae1b6b07e9d030c1309152bf3672a0e8a2a46293e273730f5adba,demo_unique,2,"[11.0, 12.0, 14.0, 15.0, 16.0]",20.0489962965,22.831249999999997,2.656061364,0.4762342595,19.572762037,20.434876852,14.0,20.7269153225
english,Rye-Regular,b7edee5e615ae1b6b07e9d030c1309152bf3672a0e8a2a46293e273730f5adba,ascii94,2,"[11.0, 12.0, 14.0, 15.0, 16.0]",18.2550531915,22.4418773935,3.6453678189999996,0.4567707445,17.798149468,18.7965095745,15.0,18.449789361500002
english,Vollkorn-Medium,b704817fe4433aa674c54f87141f2541d88d7d48342d98ec727a5eed4873a892,demo_unique,2,"[11.0, 12.0, 14.0, 15.0, 16.0]",15.2527895165,16.814204545499997,1.1980113635,0.2699818185,14.9710016135,15.499730644999998,16.0,15.676426851999999
english,Vollkorn-Medium,b704817fe4433aa674c54f87141f2541d88d7d48342d98ec727a5eed4873a892,ascii94,2,"[11.0, 12.0, 14.0, 15.0, 16.0]",12.695434308500001,14.632014628,1.612489096,0.2596962765,12.435738032000001,12.887289361999999,16.0,12.772993883
ko,NanumGothic-ExtraBold,5c4568e5295a8c52bc30e7efa1ea6d2de43556268ef42daba93540a1ece691ae,cjk_demo_unique,2,"[11.0, 12.0, 14.0, 15.0, 16.0]",2.521354167,4.146641666500001,1.6296305555,0.35357261900000003,2.1540364585000003,2.6076395829999997,14.0,2.7162584460000003
ko,NanumMyeongjo-Regular,7ed9e8653a8ed04285d51dc343ffea6eb3d9c73afc27383ea8929ee4ffd03205,cjk_demo_unique,2,"[11.0, 12.0, 14.0, 15.0, 16.0]",2.502646875,4.6934055555,2.213311111,0.4221791665,2.0804677085,2.6288625000000003,14.0,2.8805320945
ko,NanumMyeongjo-ExtraBold,60c0077fce069ba90ae97c0a3679f6eb3712e0ca637bdd0c15b72d335ec46db7,cjk_demo_unique,2,"[11.0, 12.0, 14.0, 15.0, 16.0]",2.4874135415,4.976733333,2.886227778,0.477678571,1.9841593745,2.5589785715,14.0,2.9171452705
ko,NanumGothic-Regular,76f45ef4a6bcff344c837c95a7dcc26e017e38b5846d5ae0cdcb5b86be2e2d31,cjk_demo_unique,2,"[11.0, 12.0, 14.0, 15.0, 16.0]",2.4278218750000002,3.98745625,1.643863889,0.3434027775,2.0646708335,2.5621958335,14.0,2.6922439185
ko,NanumMyeongjo-Bold,bc9ed8e60d93fe6db054b8fb988481b625f2eef8cb2317ad0e9834681b8fe3f3,cjk_demo_unique,2,"[11.0, 12.0, 14.0, 15.0, 16.0]",2.3701395835,4.7564833335,2.4956027780000003,0.45183571450000004,1.8987854169999998,2.5928583334999997,14.0,2.859163851
english,NanumMyeongjo-Regular,7ed9e8653a8ed04285d51dc343ffea6eb3d9c73afc27383ea8929ee4ffd03205,demo_unique,2,"[11.0, 12.0, 14.0, 15.0, 16.0]",1.7072919355,2.920170455,1.128977273,0.27377045450000004,1.422605,1.791193182,16.0,1.766474074
english,NanumMyeongjo-Bold,bc9ed8e60d93fe6db054b8fb988481b625f2eef8cb2317ad0e9834681b8fe3f3,demo_unique,2,"[11.0, 12.0, 14.0, 15.0, 16.0]",1.6890046295,3.1202951615,1.230302273,0.26814596749999997,1.41869625,1.7713379035,15.0,1.96515
ko,NanumMyeongjo-Regular,7ed9e8653a8ed04285d51dc343ffea6eb3d9c73afc27383ea8929ee4ffd03205,ascii94,2,"[11.0, 12.0, 14.0, 15.0, 16.0]",1.615802394,3.270711436,1.603224468,0.250720213,1.366367287,1.667486968,16.0,1.6314273940000001
english,NanumMyeongjo-Bold,bc9ed8e60d93fe6db054b8fb988481b625f2eef8cb2317ad0e9834681b8fe3f3,ascii94,2,"[11.0, 12.0, 14.0, 15.0, 16.0]",1.6136412230000001,3.2633202125,1.577847872,0.2535904255,1.3559507975000002,1.742519947,15.0,1.6398712765
ko,NanumMyeongjo-Bold,bc9ed8e60d93fe6db054b8fb988481b625f2eef8cb2317ad0e9834681b8fe3f3,ascii94,2,"[11.0, 12.0, 14.0, 15.0, 16.0]",1.6092199470000002,3.404576596,1.6019611705,0.2541335105,1.3537789895,1.719869415,11.0,1.6266289895
english,NanumMyeongjo-Regular,7ed9e8653a8ed04285d51dc343ffea6eb3d9c73afc27383ea8929ee4ffd03205,ascii94,2,"[11.0, 12.0, 14.0, 15.0, 16.0]",1.6040223405,3.265857713,1.576861702,0.2483595745,1.3575912235,1.722074468,11.0,1.605950798
english,NanumMyeongjo-ExtraBold,60c0077fce069ba90ae97c0a3679f6eb3712e0ca637bdd0c15b72d335ec46db7,demo_unique,2,"[11.0, 12.0, 14.0, 15.0, 16.0]",1.51135375,2.8314409095,1.2160045455000001,0.27773981449999996,1.23182375,1.5925072580000001,15.0,1.570075
ko,NanumMyeongjo-ExtraBold,60c0077fce069ba90ae97c0a3679f6eb3712e0ca637bdd0c15b72d335ec46db7,ascii94,2,"[11.0, 12.0, 14.0, 15.0, 16.0]",1.4901375,3.329598936,1.800354521,0.266345213,1.2251662235,1.625288298,14.0,1.5296321810000002
english,NanumMyeongjo-ExtraBold,60c0077fce069ba90ae97c0a3679f6eb3712e0ca637bdd0c15b72d335ec46db7,ascii94,2,"[11.0, 12.0, 14.0, 15.0, 16.0]",1.4674093085,3.3374779255,1.682069947,0.2669215425,1.2010747345,1.5740023935,16.0,1.485848936
ko,NanumGothic-ExtraBold,5c4568e5295a8c52bc30e7efa1ea6d2de43556268ef42daba93540a1ece691ae,ascii94,2,"[11.0, 12.0, 14.0, 15.0, 16.0]",1.3255095744999998,2.8225843084999998,1.4016513295,0.235161702,1.0878654255,1.4037460105000001,14.0,1.349567819
english,NanumGothic-ExtraBold,5c4568e5295a8c52bc30e7efa1ea6d2de43556268ef42daba93540a1ece691ae,ascii94,2,"[11.0, 12.0, 14.0, 15.0, 16.0]",1.3176420215,2.836480851,1.41094867,0.230762234,1.0868797875,1.4155255320000002,16.0,1.3399821804999998
english,NanumGothic-ExtraBold,5c4568e5295a8c52bc30e7efa1ea6d2de43556268ef42daba93540a1ece691ae,demo_unique,2,"[11.0, 12.0, 14.0, 15.0, 16.0]",1.2948694445,2.3910290325,1.0086181815,0.24008518499999998,1.0547842594999999,1.3318181820000004,12.0,1.629975
ko,NanumGothic-Regular,76f45ef4a6bcff344c837c95a7dcc26e017e38b5846d5ae0cdcb5b86be2e2d31,ascii94,2,"[11.0, 12.0, 14.0, 15.0, 16.0]",1.2695255319999998,2.6872340425,1.3367797874999998,0.2185284575,1.0472742025,1.3571805845,16.0,1.284574734
english,NanumGothic-Regular,76f45ef4a6bcff344c837c95a7dcc26e017e38b5846d5ae0cdcb5b86be2e2d31,ascii94,2,"[11.0, 12.0, 14.0, 15.0, 16.0]",1.2644170215,2.7657800530000003,1.3552638300000002,0.21818484049999998,1.046232181,1.3781247335000004,11.0,1.286525
english,NanumGothic-Regular,76f45ef4a6bcff344c837c95a7dcc26e017e38b5846d5ae0cdcb5b86be2e2d31,demo_unique,2,"[11.0, 12.0, 14.0, 15.0, 16.0]",1.2366477275,2.4368055555000003,0.9828590909999999,0.22796875,1.0111500000000002,1.3469518520000001,12.0,1.4831027775
ko,NanumGothicCoding-Regular,787effd7efed2abca88ade231faa8191f4e9fcf85b1805a13ee1dc3724b72089,cjk_demo_unique,2,"[11.0, 12.0, 14.0, 15.0, 16.0]",1.126388889,2.7622011905,1.5359972225,0.367475,0.758913889,1.2352999994999998,14.0,1.272437838
ko,D2Coding-Regular,c064f343b5cfc131f083377ba606b748f9b61a5bbd89708e4010b9066dff5a24,cjk_demo_unique,2,"[11.0, 12.0, 14.0, 15.0, 16.0]",0.9542654765,2.1123833335,1.140852778,0.2241916665,0.7147309530000001,0.9881510414999999,14.0,1.0584175674999998
zh,WenQuanYiMicroHei-face0,e4bca8df123ce01b104780f576ea1a58b9a5ff1662a91124b6d3180cb6c88212,ascii94,2,"[11.0, 12.0, 14.0, 15.0, 16.0]",0.7633531915,2.0182404255,1.15518617,0.2066710105,0.556682181,0.8270505320000001,11.0,0.8037454785
english,WenQuanYiMicroHei-face0,e4bca8df123ce01b104780f576ea1a58b9a5ff1662a91124b6d3180cb6c88212,ascii94,2,"[11.0, 12.0, 14.0, 15.0, 16.0]",0.760416755,2.006637766,1.186768617,0.2025154255,0.5576242020000001,0.8173311165000001,14.0,0.7847297875
english,WenQuanYiMicroHei-face0,e4bca8df123ce01b104780f576ea1a58b9a5ff1662a91124b6d3180cb6c88212,demo_unique,2,"[11.0, 12.0, 14.0, 15.0, 16.0]",0.7531272725,1.683216667,0.9024305555000001,0.229938889,0.518940909,0.7807861114999999,14.0,0.8343080645000001
english,NanumGothicCoding-Regular,787effd7efed2abca88ade231faa8191f4e9fcf85b1805a13ee1dc3724b72089,demo_unique,2,"[11.0, 12.0, 14.0, 15.0, 16.0]",0.6766583335,1.6496499999999998,0.9798048385,0.2545527775,0.42210555600000005,0.7114590904999998,12.0,0.7273138885
english,NanumGothicCoding-Regular,787effd7efed2abca88ade231faa8191f4e9fcf85b1805a13ee1dc3724b72089,ascii94,2,"[11.0, 12.0, 14.0, 15.0, 16.0]",0.6354500000000001,2.0513630320000003,1.2454343085,0.23427526599999998,0.4012188830000001,0.748780851,12.0,0.6490805855
ko,NanumGothicCoding-Regular,787effd7efed2abca88ade231faa8191f4e9fcf85b1805a13ee1dc3724b72089,ascii94,2,"[11.0, 12.0, 14.0, 15.0, 16.0]",0.634618617,2.0098624999999997,1.287355851,0.234264362,0.3996784575,0.715148138,12.0,0.6435284575
zh-pure-ui,BabelStoneHan,d8bb747b3fdccd84a60bd0aa56bb90937270d0bd15f1101cd8f2a5a3709dd0a3,cjk94,2,"[11.0, 12.0, 14.0, 15.0, 16.0]",0.6034795209999999,5.931449468,5.011269681,0.6135638295,-0.010084308500000083,0.7490359044999995,14.0,0.623393085
english,D2Coding-Regular,c064f343b5cfc131f083377ba606b748f9b61a5bbd89708e4010b9066dff5a24,demo_unique,2,"[11.0, 12.0, 14.0, 15.0, 16.0]",0.58713625,1.418983333,0.8065193545,0.194793182,0.38238636349999994,0.63716371,12.0,0.6158555555
zh-pure-ui,BabelStoneHan,d8bb747b3fdccd84a60bd0aa56bb90937270d0bd15f1101cd8f2a5a3709dd0a3,pure_cjk_ui_unique,2,"[11.0, 12.0, 14.0, 15.0, 16.0]",0.560546875,4.869445,4.5678684615,0.5582050000000001,0.011186153999999893,0.3255187500000005,16.0,0.5700016665000001
english,D2Coding-Regular,c064f343b5cfc131f083377ba606b748f9b61a5bbd89708e4010b9066dff5a24,ascii94,2,"[11.0, 12.0, 14.0, 15.0, 16.0]",0.5566601065000001,1.6352837770000002,1.0402481385,0.1849625,0.3747007980000001,0.5950356385000002,11.0,0.570667287
ko,D2Coding-Regular,c064f343b5cfc131f083377ba606b748f9b61a5bbd89708e4010b9066dff5a24,ascii94,2,"[11.0, 12.0, 14.0, 15.0, 16.0]",0.5558510640000001,1.62254016,1.0124446809999998,0.1935284575,0.3696696810000001,0.636314096,12.0,0.574955851
zh,BabelStoneHan,d8bb747b3fdccd84a60bd0aa56bb90937270d0bd15f1101cd8f2a5a3709dd0a3,cjk_demo_unique,2,"[11.0, 12.0, 14.0, 15.0, 16.0]",0.5250011905,4.27026,3.7515625000000004,0.5026285715000001,-0.0008850000000000247,0.5186975,15.0,0.664971875
zh-pure-ui,NotoSerifSC-VF,050080d9255a86808f2945bffac582b31ef32bc36411ce29563b4961670c66f9,cjk94,2,"[11.0, 12.0, 14.0, 15.0, 16.0]",0.4960218085,5.050908777,4.5537345745,0.5007978725,-0.004776063999999969,0.4638962769999999,16.0,0.5010529255
zh-pure-ui,NotoSerifSC-VF,050080d9255a86808f2945bffac582b31ef32bc36411ce29563b4961670c66f9,pure_cjk_ui_unique,2,"[11.0, 12.0, 14.0, 15.0, 16.0]",0.47485576949999997,3.77736,3.56743,0.47841346149999997,-0.0005833335000000051,0.28900615400000085,15.0,0.5466125
zh,NotoSerifSC-VF,050080d9255a86808f2945bffac582b31ef32bc36411ce29563b4961670c66f9,cjk_demo_unique,2,"[11.0, 12.0, 14.0, 15.0, 16.0]",0.4378964285,3.5533325,3.1321875,0.4459375,-0.012681521500000015,0.42114499999999966,15.0,0.544009375
zh-pure-ui,NotoSansSC-VF,a3041811a78c361b1de50f953c805e0244951c21c5bd412f7232ef0d899af0da,cjk94,2,"[11.0, 12.0, 14.0, 15.0, 16.0]",0.38017500000000004,3.4037122340000003,3.0516513295,0.37986489349999997,-0.004421808499999957,0.38571622350000023,15.0,0.3814162235
zh-pure-ui,NotoSansSC-VF,a3041811a78c361b1de50f953c805e0244951c21c5bd412f7232ef0d899af0da,pure_cjk_ui_unique,2,"[11.0, 12.0, 14.0, 15.0, 16.0]",0.3570833335,2.7530566665,2.41986,0.3528466665,-0.00046388850000000925,0.3331966665000001,15.0,0.380859375
zh,NotoSansSC-VF,a3041811a78c361b1de50f953c805e0244951c21c5bd412f7232ef0d899af0da,cjk_demo_unique,2,"[11.0, 12.0, 14.0, 15.0, 16.0]",0.3400785715,2.55421875,2.2352600000000002,0.3367071425,0.0007781250000000739,0.3289858695000003,15.0,0.41861875000000004
zh,WenQuanYiMicroHei-face0,e4bca8df123ce01b104780f576ea1a58b9a5ff1662a91124b6d3180cb6c88212,cjk_demo_unique,2,"[11.0, 12.0, 14.0, 15.0, 16.0]",0.33424374999999995,2.2575000000000003,1.7854687500000002,0.294036594,0.02127976199999998,0.4300271739999997,12.0,0.7847222225
zh-pure-ui,WenQuanYiMicroHei-face0,e4bca8df123ce01b104780f576ea1a58b9a5ff1662a91124b6d3180cb6c88212,cjk94,2,"[11.0, 12.0, 14.0, 15.0, 16.0]",0.30880984050000004,3.1561502655,2.8516510640000003,0.311070213,-0.0012962769999999568,0.26642287249999974,14.0,0.311901596
zh-pure-ui,WenQuanYiMicroHei-face0,e4bca8df123ce01b104780f576ea1a58b9a5ff1662a91124b6d3180cb6c88212,pure_cjk_ui_unique,2,"[11.0, 12.0, 14.0, 15.0, 16.0]",0.293941923,2.32889,2.0297216665,0.3099776315,-0.0040707695000000155,0.18431076950000058,15.0,0.38164375
zh-pure-ui,DroidSansFallback,21b96a0377f067833a93af3082eb28d4ffab7a8cd46bfd513286f1d64b7b0949,cjk94,2,"[11.0, 12.0, 14.0, 15.0, 16.0]",0.27498883,2.9828348399999998,2.748725532,0.27388085100000004,-0.002072605999999977,0.23410930799999985,14.0,0.2841090425
zh-pure-ui,DroidSansFallbackFull,2392015530438bafc48edfc4aee6d9de2387f627a6134d8ab3dfcc99d21c8240,cjk94,2,"[11.0, 12.0, 14.0, 15.0, 16.0]",0.272905585,2.9856162235,2.8226840429999998,0.2750220745,0.00099760649999997,0.19091303250000013,12.0,0.281449734
zh-pure-ui,DroidSansFallback,21b96a0377f067833a93af3082eb28d4ffab7a8cd46bfd513286f1d64b7b0949,pure_cjk_ui_unique,2,"[11.0, 12.0, 14.0, 15.0, 16.0]",0.26383,2.172638333,1.9590983335,0.26764423049999997,-0.0026638890000000026,0.21353999950000002,15.0,0.313803125
zh-pure-ui,DroidSansFallbackFull,2392015530438bafc48edfc4aee6d9de2387f627a6134d8ab3dfcc99d21c8240,pure_cjk_ui_unique,2,"[11.0, 12.0, 14.0, 15.0, 16.0]",0.26376615400000003,2.19021,2.0196533335,0.26166500000000004,0.0005805554999999685,0.21546461550000018,15.0,0.30455937499999997
english,NotoSerifSC-VF,050080d9255a86808f2945bffac582b31ef32bc36411ce29563b4961670c66f9,ascii94,2,"[11.0, 12.0, 14.0, 15.0, 16.0]",0.2341976065,2.0511303190000003,1.7453678190000002,0.22959893599999998,0.0011968085000000073,0.24986702150000006,12.0,0.2494901595
english,NotoSerifSC-VF,050080d9255a86808f2945bffac582b31ef32bc36411ce29563b4961670c66f9,demo_unique,2,"[11.0, 12.0, 14.0, 15.0, 16.0]",0.23377016150000002,1.4736727275,1.257765909,0.23573,-0.0006636365000000088,0.223727778,15.0,0.26297272699999996
zh,NotoSerifSC-VF,050080d9255a86808f2945bffac582b31ef32bc36411ce29563b4961670c66f9,ascii94,2,"[11.0, 12.0, 14.0, 15.0, 16.0]",0.2329454785,1.9734265954999999,1.68545,0.2329789895,-0.0006204790000000071,0.2511968084999996,11.0,0.234042553
english,BabelStoneHan,d8bb747b3fdccd84a60bd0aa56bb90937270d0bd15f1101cd8f2a5a3709dd0a3,demo_unique,2,"[11.0, 12.0, 14.0, 15.0, 16.0]",0.2073685185,1.1943159095,0.9751886359999999,0.225,-0.003191128999999987,0.21912727350000005,15.0,0.22197272750000002
zh,BabelStoneHan,d8bb747b3fdccd84a60bd0aa56bb90937270d0bd15f1101cd8f2a5a3709dd0a3,ascii94,2,"[11.0, 12.0, 14.0, 15.0, 16.0]",0.203745479,1.527438032,1.3026375,0.205518351,-0.0008311169999999923,0.23705664900000012,15.0,0.20572925549999999
english,BabelStoneHan,d8bb747b3fdccd84a60bd0aa56bb90937270d0bd15f1101cd8f2a5a3709dd0a3,ascii94,2,"[11.0, 12.0, 14.0, 15.0, 16.0]",0.2032468085,1.574157713,1.302914362,0.199800532,-0.0027593085000000017,0.23082872349999994,15.0,0.20977393649999998
english,NotoSansSC-VF,a3041811a78c361b1de50f953c805e0244951c21c5bd412f7232ef0d899af0da,demo_unique,2,"[11.0, 12.0, 14.0, 15.0, 16.0]",0.193787963,1.1686305555,0.8898166665,0.189885484,0.006563749999999979,0.2347222215,12.0,0.214466667
zh,NotoSansSC-VF,a3041811a78c361b1de50f953c805e0244951c21c5bd412f7232ef0d899af0da,ascii94,2,"[11.0, 12.0, 14.0, 15.0, 16.0]",0.186258777,1.391223404,1.1728502660000002,0.1859598405,-0.0006648935000000133,0.21368590349999983,14.0,0.194182181
english,NotoSansSC-VF,a3041811a78c361b1de50f953c805e0244951c21c5bd412f7232ef0d899af0da,ascii94,2,"[11.0, 12.0, 14.0, 15.0, 16.0]",0.184364096,1.3218305849999998,1.1394946805,0.1831890955,0.0023273935000000245,0.18546116999999995,11.0,0.1862922875
