font,phase,blocks,unit,meaning,master,full,simple,full_vs_master_percent,full_vs_master_ci95,full_vs_master_delta_us,simple_vs_master_percent,simple_vs_master_ci95,simple_vs_master_delta_us,simple_vs_full_percent,simple_vs_full_ci95,simple_vs_full_delta_us
FleurDeLeah,first_paint,12,us,per-frame phase mean,90255.8955,20183.417,20503.667,-77.57009800265921,"[-77.9008804046461, -77.52964840684965]",-70181.6455,-77.30386847092956,"[-77.49831226724982, -77.06262593441171]",-69843.937,2.253914935651591,"[0.818154895425971, 3.655748605066511]",453.6244999999999
FleurDeLeah,new_size,12,us,per-frame phase mean,91617.4670835,21733.9236665,21739.616291500002,-76.28178399843546,"[-76.40897269005475, -76.11495393999749]",-69927.81266699999,-76.13946692018371,"[-76.31246227837042, -76.01193130308869]",-69636.1528335,-0.11158253612535418,"[-0.3437408483306148, 1.3367052906959165]",-24.401041999999507
FleurDeLeah,warm,12,us,per-frame phase mean,154.236683,143.885333,138.75279999999998,-6.831499564731991,"[-8.380021781901686, -3.8489278127203654]",-10.5333835,-9.8648813129888,"[-12.379389399724289, -7.020986962793185]",-15.186032999999995,-3.5832446296036604,"[-5.610541589421697, 0.1868701566688613]",-5.1652665000000155
FleurDeLeah,return,12,us,per-frame phase mean,237.29149999999998,219.83350000000002,214.33350000000002,-7.123422066130403,"[-13.172591133938301, -5.5558655693588594]",-16.75,-9.780679296808326,"[-14.463353846860272, -5.356405395975623]",-23.5,-2.354395365742884,"[-7.691370914212459, 1.0012804402316]",-5.146500000000003
FleurDeLeah,sequence44,12,us,complete 44-frame sequence,1194589.250999,285742.354497,286643.312508,-76.084808106152,"[-76.20841144276869, -75.94600276965146]",-909398.9365020001,-75.97625586571071,"[-76.12302487363584, -75.71194850873495]",-904331.1484930001,0.0013432617791631074,"[-0.19604975088275967, 1.5743039649791957]",3.0630119999987073
RobotoFlex,first_paint,12,us,per-frame phase mean,4705.458,3965.541,4001.125,-15.299086619126017,"[-18.468284733531263, -12.386194694136726]",-710.02,-15.13849379638571,"[-16.807748847730057, -12.427613589897602]",-708.8124999999998,-0.006632033052050845,"[-2.7662084346052938, 1.7438631480678368]",-0.2504999999998745
RobotoFlex,new_size,12,us,per-frame phase mean,5100.600625,4207.468792,4302.2795,-16.848209780517386,"[-17.58496386059351, -16.453667737608278]",-867.3454164999998,-16.124735861846865,"[-16.842345222031533, -14.43235337065229]",-822.1892500000004,1.2500087211195998,"[-0.5678118632877538, 2.757407182042393]",52.82458349999979
RobotoFlex,warm,12,us,per-frame phase mean,166.3972335,158.9549,145.6833335,-3.757221282343398,"[-5.887835948886261, -2.9152443256852454]",-6.315399499999998,-12.55564134720607,"[-14.396010310660369, -8.778356975377443]",-20.836850000000013,-8.416344859403,"[-9.974170429788543, -5.778230186538003]",-13.234083000000012
RobotoFlex,return,12,us,per-frame phase mean,205.5,178.7705,196.813,-11.064286850304494,"[-13.787807124331097, -2.2172042158461194]",-20.8545,-6.101373530288207,"[-18.663200552562138, 4.3801510913922375]",-13.125,7.445526426071602,"[-1.220872852536381, 17.552173892267298]",13.6875
RobotoFlex,sequence44,12,us,complete 44-frame sequence,71032.708001,59389.85350700001,60169.103001999996,-16.141679728460694,"[-16.524654563525043, -15.515606774908248]",-11559.561996,-15.80292679037808,"[-16.33533629613964, -14.248832281888308]",-11261.937013000013,0.5908637059104049,"[-1.1991030346113318, 1.5680201453536768]",350.2114880000008
Rye,first_paint,12,us,per-frame phase mean,52128.646,13077.8955,13379.7915,-75.02876918493749,"[-75.18341064547639, -74.62549753858546]",-39153.3335,-74.32827449447359,"[-74.51716398028734, -74.09620865969137]",-38671.2085,2.2449368972248585,"[0.10927012874394348, 3.1632017447441374]",291.5619999999999
Rye,new_size,12,us,per-frame phase mean,52772.434083500004,13766.524291999998,13925.7690415,-73.94215305747639,"[-74.09114636148479, -73.84334787491834]",-38981.4897085,-73.59790556558002,"[-73.81716358262932, -73.4946251930952]",-38838.94262450001,0.9391095688917606,"[0.49746085926909434, 1.9772452325211742]",128.8262080000004
Rye,warm,12,us,per-frame phase mean,153.9472,144.8451,140.26458300000002,-5.04463781845087,"[-6.6882893279485875, -3.239104493053091]",-7.829800000000006,-7.637578659445121,"[-9.894513042322616, -6.331248706212239]",-11.658300000000011,-3.2198695533102173,"[-5.187758988652036, -0.9840429798974315]",-4.681316999999993
Rye,return,12,us,per-frame phase mean,227.04149999999998,215.77100000000002,209.58350000000002,-4.22215797764684,"[-9.670449900845163, 0.9953110702882961]",-9.395499999999998,-6.536838896992986,"[-11.459837352179765, -1.2240429934879393]",-14.688500000000005,-0.26135540529721446,"[-9.632411571991783, 4.9153939259889645]",-0.4170000000000016
Rye,sequence44,12,us,complete 44-frame sequence,689914.606493,182903.4575,184764.208505,-73.5621177959161,"[-73.66462223397785, -73.43299340854175]",-506909.732502,-73.20278250941361,"[-73.37929836087167, -73.12049011294562]",-504973.876991,0.9501853292532059,"[0.3470170867112876, 1.798402914354269]",1734.5999909999955
