case,phase,blocks,unit,master,simple,adapter,simple_vs_master_percent,simple_vs_master_ci95,simple_vs_master_delta_us,adapter_vs_master_percent,adapter_vs_master_ci95,adapter_vs_master_delta_us,adapter_vs_simple_percent,adapter_vs_simple_ci95,adapter_vs_simple_delta_us
demo-RobotoFlex,first_paint,6,us,1964.9585,1921.7295,1838.8745,-1.7780405484339956,"[-31.279997982116747, 3.3513265047415253]",-33.875,-8.338232170077402,"[-27.09607144211315, -1.8019901641340539]",-160.58350000000007,-5.070708981077743,"[-12.121760445070828, 13.613172435624566]",-96.33349999999996
demo-RobotoFlex,pan,6,us,237.0312,227.76684999999998,219.35205,0.9222769368360306,"[-10.496761360505918, 3.127598711693824]",2.0959499999999878,-6.82152014350978,"[-14.097363953044495, 0.8996882953425156]",-17.072850000000017,-3.636221879371016,"[-14.937274227994802, 6.008715560552014]",-8.26894999999999
demo-RobotoFlex,warm,6,us,234.9299,226.03895,227.92915,-7.068886622284614,"[-8.088958074516867, 10.482751781149702]",-16.7555665,-3.648930134884171,"[-8.415807754879761, 6.270039910975384]",-8.456367,-0.26771991157923947,"[-5.00356314403223, 4.833696289300282]",-0.9680670000000049
demo-RobotoFlex,zoom_in,6,us,1430.7187915,1406.6214585,1386.83675,-2.0322259990345257,"[-4.173761128104747, 0.913088486737551]",-29.07800050000003,-3.5433951604773917,"[-4.868305637475778, 0.9151235262023383]",-50.725791500000014,-0.07707058210367213,"[-5.513220412431768, 3.6169565309206564]",-2.203249999999912
demo-RobotoFlex,zoom_out,6,us,922.199625,928.105875,884.81425,-2.4523376893992754,"[-7.210451212139684, 8.345648024563623]",-22.762125000000026,-4.664433620238051,"[-10.068564524904655, 4.199862015717115]",-42.70487449999996,-2.502125413865197,"[-8.724071492486656, 2.4479967707539907]",-24.13545799999997
demo-RobotoFlex-no-swash,first_paint,6,us,4304.562,4235.7085,4262.937,-1.0040645971379714,"[-4.259479613207306, 12.506687105921367]",-42.95800000000054,-0.47270847055780885,"[-5.783585730619101, 3.9283618149526522]",-20.478999999999814,-2.433897249747935,"[-7.380556938407563, 1.4167241964562816]",-101.02099999999973
demo-RobotoFlex-no-swash,pan,6,us,229.877,229.2771,231.31455,0.05716675354515699,"[-3.7095227483174176, 3.09530401446666]",0.13144999999998674,-0.8206642360618632,"[-5.057094225350439, 6.3762281228597395]",-1.8251499999999936,1.718318140817443,"[-4.8743323893418005, 4.291264289623831]",4.0188500000000005
demo-RobotoFlex-no-swash,warm,6,us,233.08818300000001,234.22025000000002,228.8242835,1.327109033317797,"[-3.7040882154543713, 2.6526927232307096]",3.1057169999999985,-1.1809025041774002,"[-6.375113518131808, -0.5504286331497854]",-2.685483000000005,-3.4590182382772117,"[-4.383381683572474, -0.5397153530636023]",-8.067400000000006
demo-RobotoFlex-no-swash,zoom_in,6,us,3487.984292,3519.2309999999998,3455.7344165000004,0.7431672168743853,"[-0.9985745817352121, 3.0843004364020987]",26.047000000000253,-0.22001880661974282,"[-2.467725131601278, 1.2367058180734136]",-7.39233349999995,-1.5371313961990485,"[-4.5601681861571155, 1.9943824559975565]",-53.93049999999994
demo-RobotoFlex-no-swash,zoom_out,6,us,2251.0642915,2273.2151665,2285.4252500000002,1.7363923472180076,"[-4.320110817626771, 4.554657050643163]",38.74979150000013,-0.029303773009142775,"[-3.355698456316941, 3.809336412208686]",-0.8820834999999079,-1.216366134589686,"[-2.779322298547282, 2.6823608193917714]",-27.547000000000025
demo-Rye,first_paint,6,us,6963.2295,4261.5205000000005,4287.313,-37.89776352576929,"[-40.36678161993222, -35.73155948580518]",-2610.6885,-38.2170587238148,"[-39.21143925111299, -36.3099925645013]",-2689.7080000000005,1.7919400522804718,"[-4.368916684418417, 3.231162021190215]",76.16750000000002
demo-Rye,pan,6,us,236.34564999999998,227.85215,229.61455,-3.96914607995657,"[-8.31904835679645, -0.13685115170586348]",-9.420749999999984,-3.2405845088289142,"[-8.227070430286803, 6.66797912728741]",-7.691549999999992,0.9578125452452568,"[-5.6024417671843185, 12.868071021856753]",2.1456500000000034
demo-Rye,warm,6,us,231.32496650000002,221.792283,224.8784835,-3.693009116787782,"[-8.695551501447873, 5.195425232915829]",-8.5445165,-2.2478526090782602,"[-4.801919430367108, -0.19401954416236045]",-5.1138665,2.5005513639162036,"[-7.458760451340407, 6.1258034336535765]",5.509050000000002
demo-Rye,zoom_in,6,us,6315.5295835,3723.71875,3665.336792,-42.1357647443092,"[-43.579944589959226, -39.836427095357166]",-2670.2673335,-42.75135171850622,"[-43.306116619559624, -41.37892802648747]",-2718.9307080000003,-0.9726811378724665,"[-3.4851572618443294, 1.3661906394510814]",-37.243000000000166
demo-Rye,zoom_out,6,us,4211.40275,2432.7742500000004,2422.4200414999996,-42.75101475279598,"[-44.2363342477634, -41.315940428423474]",-1806.5380420000001,-42.19919405418472,"[-43.9045174741662, -41.25807914850602]",-1770.4807915000001,-0.23499054777872952,"[-1.4913579131913324, 3.4486380117478066]",-5.736125500000298
demo-Vollkorn,first_paint,6,us,7367.625,5136.0205000000005,4968.792,-30.92697385440654,"[-32.689999111936935, -27.019387913779607]",-2244.0005,-33.4951662290826,"[-38.62052002586027, -27.845382524933747]",-2501.9784999999993,-5.520194215984381,"[-10.495699957240351, 2.7569590984603876]",-294.79149999999936
demo-Vollkorn,pan,6,us,234.027,228.53755,239.46885,-2.236916000502337,"[-10.023743423974585, 5.08304981558616]",-5.429100000000005,2.3637084503230876,"[-5.851769432019438, 7.905106854557864]",5.502200000000002,8.25751892157064,"[-8.01723765436248, 13.570687489495258]",18.47080000000001
demo-Vollkorn,warm,6,us,228.4743665,224.4173,225.2186835,-1.9724311909110783,"[-7.171167247634585, 4.888378164510865]",-4.546566499999997,-0.3813574964512012,"[-6.324807426310153, 0.8658036572099403]",-0.8360669999999999,0.20084127612418623,"[-4.763065150123935, 3.5154746878344856]",0.4497999999999962
demo-Vollkorn,zoom_in,6,us,6395.038292,4389.373250000001,4350.8613335,-31.766919017772928,"[-32.85299506667377, -30.04868596864933]",-2031.5139590000003,-32.43082750207598,"[-34.499782755880105, -31.431035893467218]",-2073.480917,-2.7311713664979695,"[-4.264051448574047, 1.6953402357181457]",-122.32787449999978
demo-Vollkorn,zoom_out,6,us,4225.7656664999995,2760.685708,2751.257,-35.265018133518915,"[-37.14712039177081, -32.57269658525716]",-1495.8821665,-34.67318696830941,"[-37.641315466083014, -32.59167122656274]",-1465.074667,-0.8760086583896709,"[-4.4781048187448995, 5.736417106647673]",-24.73262499999987
grid_unique_sizes-RobotoFlex,all_misses,6,us,6073.791499999999,6161.896000000001,6175.3125,3.2381273296088864,"[0.0030524094533967983, 9.064687947037841]",191.5005000000001,2.2169445226838613,"[-2.8876738538181677, 6.6827620987224385]",134.0630000000001,-0.8773565762015989,"[-8.143503008112035, 3.3394749309219263]",-54.1255000000001
grid_unique_sizes-Vollkorn,all_misses,6,us,48260.125,49083.167,50111.104,1.3806273673829472,"[-0.8571391094474579, 3.879032562318141]",659.3539999999994,2.2112066753404713,"[1.3830017978891829, 4.292786495189171]",1076.313000000002,0.8589978851842872,"[-0.7040278952113233, 3.3757094706898694]",422.1875
