locale,font,font_sha256,profile,dpr,logical_size,weight,normalized_coords,nominal_default_weight,builder_only_default_us_per_glyph,builder_only_weighted_us_per_glyph,builder_only_increment_us_per_glyph,builder_only_ratio_to_default,rebuild_and_outline_default_us_per_glyph,rebuild_and_outline_weighted_us_per_glyph,rebuild_and_outline_increment_us_per_glyph,rebuild_and_outline_ratio_to_default,prepared_hinted_default_us_per_glyph,prepared_hinted_weighted_us_per_glyph,prepared_hinted_increment_us_per_glyph,prepared_hinted_ratio_to_default,prepared_unhinted_default_us_per_glyph,prepared_unhinted_weighted_us_per_glyph,prepared_unhinted_increment_us_per_glyph,prepared_unhinted_ratio_to_default,native_render_default_us_per_glyph,native_render_weighted_us_per_glyph,native_render_increment_us_per_glyph,native_render_ratio_to_default,geometry_reuse_default_us_per_glyph,geometry_reuse_weighted_us_per_glyph,geometry_reuse_increment_us_per_glyph,geometry_reuse_ratio_to_default
en,NotoSansSC-VF,a3041811a78c361b1de50f953c805e0244951c21c5bd412f7232ef0d899af0da,ascii94,1,11.0,300,[2621],100,0.1406914895,0.140137234,-0.0005542554999999894,0.9960604902118121,0.3245787235,0.4019614365,0.07738271299999999,1.2384096904614266,0.17232952099999999,0.25001117,0.07768164900000002,1.4507738926518574,0.17378111699999998,0.2528587765,0.07907765950000001,1.455041726426468,0.697628723,0.8100952130000001,0.11246649000000009,1.1612125279423164,0.542431383,0.576263298,0.033831914999999935,1.0623708658095838
en,NotoSansSC-VF,a3041811a78c361b1de50f953c805e0244951c21c5bd412f7232ef0d899af0da,ascii94,1,12.0,300,[2621],100,0.136425266,0.1395167555,0.0030914895000000164,1.0226606814898938,0.3228279255,0.411857447,0.08902952149999999,1.2757801121514192,0.175642819,0.256017553,0.080374734,1.4576033023018151,0.185505319,0.2578345745,0.07232925550000002,1.3899039439402814,0.7600843085,0.845356915,0.08527260650000001,1.1121883527214007,0.588485904,0.6231050535,0.0346191495,1.0588274914737805
en,NotoSansSC-VF,a3041811a78c361b1de50f953c805e0244951c21c5bd412f7232ef0d899af0da,ascii94,1,14.0,300,[2621],100,0.142874734,0.1423204785,-0.0005542554999999894,0.9961206891905745,0.3265960105,0.40904255300000003,0.08244654250000005,1.252441976782812,0.1777704785,0.24646515949999998,0.06869468099999998,1.3864234465679293,0.175,0.255651596,0.08065159599999999,1.460866262857143,0.8299202125,0.9338651595,0.10394494700000001,1.1252469158292733,0.6626776594999999,0.694293085,0.03161542550000007,1.0477086031900553
en,NotoSansSC-VF,a3041811a78c361b1de50f953c805e0244951c21c5bd412f7232ef0d899af0da,ascii94,1,15.0,300,[2621],100,0.1377547875,0.14041436200000001,0.0026595745000000115,1.0193065848981837,0.327349202,0.40575132999999997,0.07840212799999996,1.2395060917240297,0.17405824450000001,0.252426862,0.07836861749999996,1.4502436395651455,0.17531037249999998,0.253956117,0.0786457445,1.4486086212611293,0.8609375,0.9312276595,0.07029015949999995,1.0816437424319418,0.707391223,0.7187167555,0.011325532500000013,1.0160102813432843
en,NotoSansSC-VF,a3041811a78c361b1de50f953c805e0244951c21c5bd412f7232ef0d899af0da,ascii94,1,16.0,300,[2621],100,0.1352614365,0.142231915,0.006970478499999988,1.051533376255397,0.3146276595,0.4094526595,0.09482499999999999,1.3013879966901003,0.17583111699999998,0.2572917555,0.08146063850000002,1.4632890917709407,0.17277260649999998,0.252360372,0.07958776550000002,1.460650372256785,0.8951353725,0.9545433510000001,0.059407978500000125,1.0663675912326882,0.7799093085,0.7228946810000001,-0.05701462749999986,0.9268958238110324
en,NotoSansSC-VF,a3041811a78c361b1de50f953c805e0244951c21c5bd412f7232ef0d899af0da,ascii94,2,11.0,300,[2621],100,0.1360593085,0.13633617050000002,0.0002768620000000166,1.002034862612873,0.329000266,0.400243883,0.07124361700000004,1.2165457732487062,0.180042021,0.250055319,0.070013298,1.3888719845018846,0.17721648950000002,0.2420212765,0.06480478699999997,1.3656814734500198,1.0529031915,1.1834662235,0.13056303199999997,1.124002883697214,0.904631915,0.9612146275,0.05658271250000002,1.0625477739197384
en,NotoSansSC-VF,a3041811a78c361b1de50f953c805e0244951c21c5bd412f7232ef0d899af0da,ascii94,2,12.0,300,[2621],100,0.1434396275,0.1466978725,0.003258244999999993,1.0227150966353422,0.33470718099999996,0.405950798,0.07124361700000004,1.2128535658755408,0.18251356349999998,0.2513297875,0.06881622400000004,1.3770471776471562,0.17928883,0.25279255300000003,0.07350372300000002,1.4099738003756286,1.1361702125000002,1.2610151594999999,0.1248449469999997,1.1098822567485678,0.9637632974999999,1.0244792550000001,0.06071595750000025,1.0629988272613176
en,NotoSansSC-VF,a3041811a78c361b1de50f953c805e0244951c21c5bd412f7232ef0d899af0da,ascii94,2,14.0,300,[2621],100,0.139893617,0.1399268615,3.3244500000001453e-05,1.0002376412928118,0.32077765950000003,0.399257447,0.07847978749999995,1.244654779333222,0.1750109045,0.2510085105,0.075997606,1.4342449758609184,0.173969149,0.2504654255,0.07649627650000002,1.4397117359009441,1.274313032,1.3920875,0.11777446799999991,1.0924219285548356,1.096487234,1.1820034575,0.08551622349999999,1.0779910799216839
en,NotoSansSC-VF,a3041811a78c361b1de50f953c805e0244951c21c5bd412f7232ef0d899af0da,ascii94,2,15.0,300,[2621],100,0.1390292555,0.141511436,0.0024821804999999864,1.0178536559882534,0.327194149,0.40443244700000003,0.07723829800000004,1.2360625892488073,0.179055851,0.251363032,0.072307181,1.4038247317592543,0.178346809,0.2539340425,0.07558723350000002,1.4238216199315348,1.3625332449999998,1.452005851,0.08947260600000018,1.0656663654471052,1.1938606385,1.2537125,0.0598518615000001,1.050133038622665
en,NotoSansSC-VF,a3041811a78c361b1de50f953c805e0244951c21c5bd412f7232ef0d899af0da,ascii94,2,16.0,300,[2621],100,0.13694574450000002,0.139295213,0.0023494684999999793,1.0171561994027494,0.326861702,0.4096518615,0.08279015950000002,1.2532880389272403,0.173692287,0.257978723,0.08428643600000002,1.4852629754365547,0.17472313849999999,0.24755079800000002,0.07282765950000003,1.4168174869409185,1.3970412235,1.5436170214999998,0.14657579799999976,1.1049187350626521,1.2646606385,1.3557180855,0.09105744699999985,1.0720014873776746
en,NotoSansSC-VF,a3041811a78c361b1de50f953c805e0244951c21c5bd412f7232ef0d899af0da,demo_unique,1,11.0,300,[2621],100,0.13843875,0.13474,-0.0036987500000000006,0.9732824082852525,0.3108325,0.38739625,0.07656374999999999,1.2463183547408974,0.17125,0.2424475,0.0711975,1.4157518248175183,0.17593625000000002,0.25698,0.08104374999999997,1.4606427043886634,0.57197875,0.68427125,0.11229250000000002,1.1963228529031893,0.37375,0.416615,0.042864999999999986,1.1146889632107022
en,NotoSansSC-VF,a3041811a78c361b1de50f953c805e0244951c21c5bd412f7232ef0d899af0da,demo_unique,1,12.0,300,[2621],100,0.148147222,0.14236111099999998,-0.0057861110000000104,0.9609435065883314,0.374536111,0.4712972225,0.0967611115,1.2583492182947347,0.2022,0.2925944445,0.0903944445,1.447054621661721,0.2024305555,0.3006944445,0.098263889,1.4854202408193262,0.7362277779999999,0.868058333,0.13183055500000007,1.1790621855618169,0.5822916665,0.5613416665,-0.020950000000000024,0.9640214668948898
en,NotoSansSC-VF,a3041811a78c361b1de50f953c805e0244951c21c5bd412f7232ef0d899af0da,demo_unique,1,14.0,300,[2621],100,0.13276209649999998,0.1359879035,0.003225807000000025,1.0242976503463097,0.337432258,0.41784193550000004,0.08040967750000005,1.2382987269106918,0.172412903,0.2457330645,0.07332016149999998,1.4252591321427954,0.18222419350000002,0.2494620965,0.06723790299999999,1.368984500403345,0.6622314515000001,0.748487903,0.08625645149999994,1.1302512154996913,0.504435484,0.509307258,0.00487177399999994,1.0096578733148756
en,NotoSansSC-VF,a3041811a78c361b1de50f953c805e0244951c21c5bd412f7232ef0d899af0da,demo_unique,1,15.0,300,[2621],100,0.14176136350000001,0.147443182,0.005681818499999991,1.0400801626036842,0.3548295455,0.4232977275,0.06846818199999999,1.192960769102583,0.1946045455,0.25539999999999996,0.06079545449999996,1.3124051102907046,0.203597727,0.257575,0.05397727299999999,1.265117267247291,0.8791659089999999,0.8339977270000001,-0.045168181999999835,0.9486238245391293,0.5793545455,0.6067227275,0.02736818200000002,1.0472390908340599
en,NotoSansSC-VF,a3041811a78c361b1de50f953c805e0244951c21c5bd412f7232ef0d899af0da,demo_unique,1,16.0,300,[2621],100,0.1328305555,0.137924074,0.005093518500000005,1.0383459850847345,0.3221444445,0.426003704,0.10385925949999997,1.3223996603796777,0.1797074075,0.2569064815,0.077199074,1.4295820360103966,0.17986203699999997,0.2463731485,0.06651111150000003,1.3697896043510285,0.7288194445,0.8997685185,0.17094907399999992,1.2345561377239023,0.5451,0.5708333335,0.025733333499999955,1.0472084635846632
en,NotoSansSC-VF,a3041811a78c361b1de50f953c805e0244951c21c5bd412f7232ef0d899af0da,demo_unique,2,11.0,300,[2621],100,0.13374999999999998,0.14166625,0.007916250000000014,1.0591869158878506,0.33150999999999997,0.39968875000000004,0.06817875000000007,1.2056612168562038,0.17125,0.24901,0.07776,1.4540729927007299,0.17567625,0.25526125,0.07958499999999999,1.453020826662682,0.78052125,0.8803650000000001,0.09984375000000001,1.1279193231446294,0.5834375,0.61968875,0.03625124999999996,1.062133904659882
en,NotoSansSC-VF,a3041811a78c361b1de50f953c805e0244951c21c5bd412f7232ef0d899af0da,demo_unique,2,12.0,300,[2621],100,0.14154722199999997,0.1342583335,-0.007288888499999979,0.948505605429685,0.35300833350000005,0.42569444450000005,0.072686111,1.2059048019612828,0.2229166665,0.27094722250000003,0.04803055600000003,1.215464176609693,0.2159722225,0.2972194445,0.08124722199999998,1.3761929245322277,1.0311333335000001,1.1800916665,0.14895833299999994,1.1444607871364096,0.8377305555,0.8594916665,0.021761111,1.025976265109504
en,NotoSansSC-VF,a3041811a78c361b1de50f953c805e0244951c21c5bd412f7232ef0d899af0da,demo_unique,2,14.0,300,[2621],100,0.1344419355,0.134004839,-0.00043709650000001155,0.9967488083359227,0.3351483875,0.400503226,0.06535483850000001,1.1950026941424565,0.1796709675,0.247580645,0.06790967749999999,1.377966893844438,0.1729830645,0.241398387,0.06841532249999999,1.395503008908713,0.9990258065,1.1112903225,0.11226451599999998,1.1123739900106375,0.851545968,0.909812097,0.058266128999999944,1.0684239385653458
en,NotoSansSC-VF,a3041811a78c361b1de50f953c805e0244951c21c5bd412f7232ef0d899af0da,demo_unique,2,15.0,300,[2621],100,0.14697045450000001,0.13285909099999998,-0.01411136350000003,0.9039850319031297,0.364865909,0.4055886365,0.0407227275,1.1116101189382426,0.1982022725,0.2655295455,0.06732727300000002,1.3396897126898484,0.19668636350000002,0.2623113635,0.06562499999999999,1.3336530241965656,1.1066295455000001,1.2432772724999999,0.13664772699999972,1.1234810036978176,0.90625,0.9124977275,0.006247727500000022,1.006894044137931
en,NotoSansSC-VF,a3041811a78c361b1de50f953c805e0244951c21c5bd412f7232ef0d899af0da,demo_unique,2,16.0,300,[2621],100,0.13904351850000002,0.1430944445,0.0040509259999999825,1.0291342310932672,0.3304388885,0.413233333,0.08279444449999995,1.2505590212938873,0.183565741,0.253549074,0.06998333299999998,1.3812439762384636,0.1795916665,0.26693703700000004,0.08734537050000005,1.4863553649355998,1.199499074,1.327314815,0.12781574100000004,1.1065575987264165,1.0258111115,1.1216824074999998,0.09587129599999988,1.093459014944585
en,NotoSerifSC-VF,050080d9255a86808f2945bffac582b31ef32bc36411ce29563b4961670c66f9,ascii94,1,11.0,300,[1556],200,0.14250904250000002,0.137234043,-0.005274999500000016,0.9629848084903102,0.36305425550000003,0.44726276600000003,0.0842085105,1.2319447003424533,0.22014627650000002,0.296343085,0.07619680849999999,1.3461189973839962,0.21749787250000002,0.28746702150000003,0.06996914900000001,1.3217003835290388,0.95827766,1.0410460105000001,0.08276835050000009,1.0863719921217825,0.7557845745,0.76775266,0.011968085499999948,1.015835313267564
en,NotoSerifSC-VF,050080d9255a86808f2945bffac582b31ef32bc36411ce29563b4961670c66f9,ascii94,1,12.0,300,[1556],200,0.137932447,0.1364694145,-0.0014630325000000166,0.9893931229973756,0.3747228725,0.451906117,0.07718324449999997,1.2059742016415076,0.2263295215,0.3082781915,0.08194867000000003,1.362076804903244,0.2263962765,0.29860372300000004,0.07220744650000005,1.3189427300497147,1.027426596,1.143062766,0.11563616999999993,1.1125493251295977,0.8285460105,0.8398162235,0.011270212999999973,1.0136023984874405
en,NotoSerifSC-VF,050080d9255a86808f2945bffac582b31ef32bc36411ce29563b4961670c66f9,ascii94,1,14.0,300,[1556],200,0.14360611699999998,0.133821011,-0.009785105999999988,0.9318614958442196,0.37052313800000003,0.4550422875,0.08451914949999995,1.2281076155087511,0.227005585,0.301961436,0.07495585100000002,1.330193862851436,0.2202460105,0.298315691,0.07806968049999999,1.3544658099493703,1.094425798,1.211968085,0.11754228700000002,1.1074008737867855,0.892586436,0.9444260634999999,0.05183962749999993,1.0580779915638332
en,NotoSerifSC-VF,050080d9255a86808f2945bffac582b31ef32bc36411ce29563b4961670c66f9,ascii94,1,15.0,300,[1556],200,0.1342529255,0.13778829799999998,0.003535372499999967,1.0263336719615839,0.3672207445,0.45825558499999997,0.09103484049999999,1.2479022273753928,0.2194593085,0.2989803195,0.07952101099999997,1.3623496836088862,0.21482739350000002,0.2968638295,0.08203643599999999,1.3818713929515696,1.1256319145,1.251407447,0.12577553250000006,1.1117377100629462,0.9231936169999999,0.977094681,0.053901064000000054,1.0583854383386622
en,NotoSerifSC-VF,050080d9255a86808f2945bffac582b31ef32bc36411ce29563b4961670c66f9,ascii94,1,16.0,300,[1556],200,0.1389848405,0.1411789895,0.0021941489999999786,1.0157869663490384,0.3703789895,0.46058271250000005,0.09020372300000007,1.2435443844203264,0.22414654299999998,0.3033468085,0.07920026550000003,1.3533414543895064,0.22621888299999998,0.29171090450000003,0.06549202150000005,1.2895073153552794,1.1817375,1.3025154255000002,0.1207779255000001,1.1022036835591662,0.986070479,1.0385749999999998,0.052504520999999804,1.0532462152738271
en,NotoSerifSC-VF,050080d9255a86808f2945bffac582b31ef32bc36411ce29563b4961670c66f9,ascii94,2,11.0,300,[1556],200,0.137555319,0.141744415,0.004189096000000003,1.0304539005140179,0.375277128,0.4533356385,0.07805851050000001,1.2080023126269501,0.2213319145,0.303324468,0.08199255350000001,1.37045065861932,0.2235922875,0.292397872,0.06880558450000002,1.3077278973676587,1.479255319,1.5889515955,0.10969627650000002,1.074156418497218,1.298282447,1.3391069144999999,0.040824467499999795,1.031444981478672
en,NotoSerifSC-VF,050080d9255a86808f2945bffac582b31ef32bc36411ce29563b4961670c66f9,ascii94,2,12.0,300,[1556],200,0.14281914899999998,0.1430853725,0.0002662235000000235,1.0018640602598747,0.376075,0.456538032,0.08046303199999999,1.2139547483879545,0.227293883,0.3042776595,0.07698377650000002,1.338697088913739,0.231050532,0.296775266,0.06572473399999998,1.2844604313657237,1.6017510640000001,1.7289781915,0.12722712749999987,1.079430025276387,1.4120678194999998,1.477382447,0.06531462750000028,1.0462545966971526
en,NotoSerifSC-VF,050080d9255a86808f2945bffac582b31ef32bc36411ce29563b4961670c66f9,ascii94,2,14.0,300,[1556],200,0.1356273935,0.13646941499999998,0.0008420214999999842,1.006208343891826,0.3691268615,0.4495013295,0.08037446799999998,1.2177421271196216,0.2158574465,0.29299654249999996,0.07713909599999996,1.3573612921433311,0.2154476065,0.2917773935,0.07632978699999998,1.3542846831301418,1.803058245,1.9084441490000001,0.10538590400000025,1.0584484191191508,1.5964981379999998,1.689483511,0.0929853730000001,1.0582433331970476
en,NotoSerifSC-VF,050080d9255a86808f2945bffac582b31ef32bc36411ce29563b4961670c66f9,ascii94,2,15.0,300,[1556],200,0.1409018615,0.13372127649999999,-0.007180585000000017,0.9490383950676193,0.3736704785,0.4511082445,0.07743776599999996,1.207235439927856,0.21631196800000002,0.29597739349999996,0.07966542549999994,1.3682894951979723,0.2195257975,0.28766595699999997,0.06814015949999996,1.3103970479824811,1.9330119680000002,2.068905053,0.13589308499999975,1.0703012124340865,1.726074734,1.8074356384999999,0.08136090449999989,1.0471363741658244
en,NotoSerifSC-VF,050080d9255a86808f2945bffac582b31ef32bc36411ce29563b4961670c66f9,ascii94,2,16.0,300,[1556],200,0.135117553,0.131360904,-0.003756649000000001,0.9721971800362608,0.371342819,0.44076914899999997,0.06942632999999998,1.1869602061700295,0.22446808499999998,0.296032713,0.07156462800000002,1.3188187220468337,0.220400798,0.29557872350000003,0.07517792550000002,1.341096430603668,2.0120460110000002,2.1394611704999997,0.1274151594999995,1.0633261659044633,1.8281917555,1.951318883,0.12312712749999988,1.0673491318017267
en,NotoSerifSC-VF,050080d9255a86808f2945bffac582b31ef32bc36411ce29563b4961670c66f9,demo_unique,1,11.0,300,[1556],200,0.13724,0.13614500000000002,-0.0010949999999999849,0.9920212765957448,0.37145875,0.4703125,0.09885375000000002,1.2661230890374773,0.236145,0.32218875,0.08604375000000003,1.3643682906688688,0.23005375,0.3059375,0.07588374999999997,1.329852262786414,0.80265625,0.8829675,0.08031125000000006,1.1000568425150867,0.52505125,0.54046875,0.015417500000000084,1.0293638002004568
en,NotoSerifSC-VF,050080d9255a86808f2945bffac582b31ef32bc36411ce29563b4961670c66f9,demo_unique,1,12.0,300,[1556],200,0.13403055549999998,0.1403916665,0.00636111100000003,1.0474601554568654,0.355088889,0.440741667,0.08565277799999998,1.2412150327801441,0.201155556,0.27997777749999997,0.07882222149999996,1.3918471011558833,0.215625,0.279627778,0.06400277799999998,1.2968244776811593,0.8025472225,0.8234944445000001,0.0209472220000001,1.026100921432072,0.5452527775,0.578586111,0.033333333500000006,1.0611337252656177
en,NotoSerifSC-VF,050080d9255a86808f2945bffac582b31ef32bc36411ce29563b4961670c66f9,demo_unique,1,14.0,300,[1556],200,0.1323258065,0.132056452,-0.00026935450000001304,0.9979644597896329,0.3739241935,0.4455306455,0.07160645199999999,1.1914999169477383,0.231653226,0.2980508065,0.0663975805,1.2866248903436381,0.231887903,0.2939524195,0.0620645165,1.2676487893376653,0.9961354840000001,1.0521169355,0.05598145149999989,1.0561986320125907,0.7816870965,0.779233871,-0.0024532255000000447,0.9968616272278455
en,NotoSerifSC-VF,050080d9255a86808f2945bffac582b31ef32bc36411ce29563b4961670c66f9,demo_unique,1,15.0,300,[1556],200,0.138540909,0.1321,-0.006440908999999995,0.9535089740171981,0.396968182,0.46884318150000004,0.07187499950000004,1.1810598500310032,0.239581818,0.338636364,0.09905454600000002,1.4134476765678439,0.2533136365,0.29914772700000003,0.045834090500000035,1.1809381095044207,0.9628795455,1.0837136365,0.12083409099999998,1.1254924269237163,0.6960227274999999,0.7049227275000001,0.00890000000000013,1.012786938771335
en,NotoSerifSC-VF,050080d9255a86808f2945bffac582b31ef32bc36411ce29563b4961670c66f9,demo_unique,1,16.0,300,[1556],200,0.143363889,0.13240740750000002,-0.010956481499999976,0.9235757234515313,0.379089815,0.45138888899999996,0.07229907399999996,1.1907175322027577,0.23950648149999998,0.3059796295,0.06647314800000004,1.2775421674757477,0.2515425925,0.294212963,0.0426703705,1.1696347726876513,0.975115741,1.063619444,0.08850370299999999,1.0907622544470852,0.733487963,0.8219907405,0.08850277750000002,1.120660163444291
en,NotoSerifSC-VF,050080d9255a86808f2945bffac582b31ef32bc36411ce29563b4961670c66f9,demo_unique,2,11.0,300,[1556],200,0.13296875,0.14177125000000002,0.008802500000000019,1.0661997649823738,0.36958375,0.47130375,0.10172000000000003,1.2752285510388377,0.2556775,0.32999999999999996,0.07432249999999996,1.2906884649607413,0.25640625,0.29593625,0.03953000000000001,1.154169408897014,1.113645,1.2172399999999999,0.10359499999999988,1.0930233602270023,0.8825525000000001,0.91593625,0.033383749999999934,1.0378263616045504
en,NotoSerifSC-VF,050080d9255a86808f2945bffac582b31ef32bc36411ce29563b4961670c66f9,demo_unique,2,12.0,300,[1556],200,0.14571666649999998,0.14108611100000001,-0.0046305554999999665,0.9682221971499742,0.3554416665,0.415277778,0.05983611150000001,1.1683429860353753,0.2072916665,0.2616888885,0.054397221999999995,1.2624187596079748,0.220947222,0.285186111,0.06423888900000002,1.290743139553934,1.078702778,1.1834472225,0.10474444449999987,1.097102229303798,0.9229166665,0.888077778,-0.034838888500000054,0.962251317194086
en,NotoSerifSC-VF,050080d9255a86808f2945bffac582b31ef32bc36411ce29563b4961670c66f9,demo_unique,2,14.0,300,[1556],200,0.136962903,0.1426064515,0.005643548500000012,1.0412049421878857,0.395094355,0.466364516,0.071270161,1.1803876975159515,0.234071774,0.315995161,0.08192338700000001,1.3499925924430343,0.2430774195,0.3079298385,0.064852419,1.2667973813997149,1.64623629,1.7447249999999999,0.09848870999999981,1.059826593908946,1.437701613,1.4961693545,0.058467741500000114,1.040667507757745
en,NotoSerifSC-VF,050080d9255a86808f2945bffac582b31ef32bc36411ce29563b4961670c66f9,demo_unique,2,15.0,300,[1556],200,0.132293182,0.13305,0.0007568179999999924,1.0057207634479606,0.384093182,0.4490545455,0.06496136350000004,1.1691291763153453,0.2358909095,0.303218182,0.06732727250000001,1.285416986363351,0.2371227275,0.305870455,0.0687477275,1.289924665698694,1.3963999999999999,1.5016090910000002,0.10520909100000031,1.0753430900888,1.1360795455,1.2267045455,0.09062500000000018,1.07976994248243
en,NotoSerifSC-VF,050080d9255a86808f2945bffac582b31ef32bc36411ce29563b4961670c66f9,demo_unique,2,16.0,300,[1556],200,0.13969907399999998,0.141087963,0.001388889000000032,1.0099420057716348,0.3734962965,0.46462222249999996,0.09112592599999997,1.2439808020961192,0.22700648099999998,0.309182407,0.08217592600000001,1.3619981492951296,0.2475305555,0.3062898145,0.05875925899999998,1.2373818411278925,1.7713731485,1.8940972225000001,0.12272407400000018,1.06928188682544,1.5769287035,1.6859564814999999,0.10902777799999996,1.0691393198424333
en,NotoSansSC-VF,a3041811a78c361b1de50f953c805e0244951c21c5bd412f7232ef0d899af0da,ascii94,1,11.0,400,[6390],100,0.1406914895,0.15075345750000002,0.010061968000000032,1.0715179577368823,0.3245787235,0.422938564,0.09835984050000002,1.303038472267576,0.17232952099999999,0.259574468,0.08724494700000002,1.5062681454328422,0.17378111699999998,0.257679787,0.08389867000000001,1.4827835811413275,0.697628723,0.8752550535,0.17762633049999998,1.2546144168722824,0.542431383,0.6224401595,0.08000877649999993,1.147500271937621
en,NotoSansSC-VF,a3041811a78c361b1de50f953c805e0244951c21c5bd412f7232ef0d899af0da,ascii94,1,12.0,400,[6390],100,0.136425266,0.140757979,0.004332713000000016,1.0317588752218376,0.3228279255,0.412987766,0.09015984049999998,1.279281417059442,0.175642819,0.2649492025,0.08930638349999998,1.5084545101727158,0.185505319,0.25518617,0.06968085099999999,1.375627240100862,0.7600843085,0.8732936170000001,0.1132093085000001,1.1489430938568048,0.588485904,0.644337234,0.05585132999999998,1.0949068271990419
en,NotoSansSC-VF,a3041811a78c361b1de50f953c805e0244951c21c5bd412f7232ef0d899af0da,ascii94,1,14.0,400,[6390],100,0.142874734,0.137832447,-0.005042287000000006,0.9647083367448299,0.3265960105,0.418694681,0.09209867050000003,1.281995699699461,0.1777704785,0.255418883,0.07764840449999999,1.4367902092360065,0.175,0.26000664900000003,0.08500664900000005,1.4857522800000003,0.8299202125,0.9425643615,0.11264414899999997,1.1357288897214322,0.6626776594999999,0.717519947,0.054842287500000086,1.0827586183324476
en,NotoSansSC-VF,a3041811a78c361b1de50f953c805e0244951c21c5bd412f7232ef0d899af0da,ascii94,1,15.0,400,[6390],100,0.1377547875,0.1462101065,0.008455318999999989,1.0613794928905829,0.327349202,0.42039015999999996,0.09304095799999995,1.284225400372291,0.17405824450000001,0.266843883,0.09278563849999999,1.5330723561330644,0.17531037249999998,0.256382979,0.08107260650000003,1.4624518523568824,0.8609375,0.9678194145,0.10688191449999995,1.1241459623956442,0.707391223,0.7623114360000001,0.05492021300000005,1.0776376794259435
en,NotoSansSC-VF,a3041811a78c361b1de50f953c805e0244951c21c5bd412f7232ef0d899af0da,ascii94,1,16.0,400,[6390],100,0.1352614365,0.136613298,0.0013518614999999956,1.00999443400115,0.3146276595,0.4030917555,0.08846409599999999,1.281170753202644,0.17583111699999998,0.2513851065,0.07555398950000003,1.4296963517555317,0.17277260649999998,0.2499335105,0.07716090400000003,1.446603808110055,0.8951353725,0.9905920214999999,0.09545664899999995,1.1066393440954094,0.7799093085,0.7671098405000001,-0.01279946799999987,0.9835885174590144
en,NotoSansSC-VF,a3041811a78c361b1de50f953c805e0244951c21c5bd412f7232ef0d899af0da,ascii94,2,11.0,400,[6390],100,0.1360593085,0.1400154255,0.003956117000000009,1.0290764155985697,0.329000266,0.4152925535,0.08629228750000001,1.2622863760845713,0.180042021,0.25804547850000004,0.07800345750000004,1.4332513991275406,0.17721648950000002,0.254454787,0.0772382975,1.435841482459791,1.0529031915,1.2070031915000001,0.15410000000000013,1.146357235160874,0.904631915,0.980474202,0.07584228700000006,1.0838377308410572
en,NotoSansSC-VF,a3041811a78c361b1de50f953c805e0244951c21c5bd412f7232ef0d899af0da,ascii94,2,12.0,400,[6390],100,0.1434396275,0.140336702,-0.0031029254999999922,0.9783677247767533,0.33470718099999996,0.40785664899999996,0.073149468,1.2185476504610757,0.18251356349999998,0.256139362,0.0736257985,1.4033990520381243,0.17928883,0.25682606399999997,0.07753723399999995,1.432471080323297,1.1361702125000002,1.301407181,0.16523696849999991,1.1454332869160657,0.9637632974999999,1.080950798,0.11718750050000004,1.1215936535495636
en,NotoSansSC-VF,a3041811a78c361b1de50f953c805e0244951c21c5bd412f7232ef0d899af0da,ascii94,2,14.0,400,[6390],100,0.139893617,0.13900718099999998,-0.0008864360000000182,0.9936634993146255,0.32077765950000003,0.3987587765,0.07798111699999999,1.2431002119086163,0.1750109045,0.2523050535,0.07729414899999998,1.4416533313785598,0.173969149,0.2516289895,0.07765984050000002,1.446400071198831,1.274313032,1.3961324465,0.1218194145,1.0955961458769732,1.096487234,1.224357447,0.127870213,1.116618059048009
en,NotoSansSC-VF,a3041811a78c361b1de50f953c805e0244951c21c5bd412f7232ef0d899af0da,ascii94,2,15.0,400,[6390],100,0.1390292555,0.137599468,-0.0014297875000000015,0.9897159234949654,0.327194149,0.407358245,0.08016409600000002,1.2450046745793124,0.179055851,0.2565712765,0.07751542550000001,1.4329119940347552,0.178346809,0.2513406915,0.0729938825,1.4092805635787966,1.3625332449999998,1.496963564,0.13443031900000024,1.098662046957981,1.1938606385,1.3323579785,0.13849734000000002,1.1160079623481112
en,NotoSansSC-VF,a3041811a78c361b1de50f953c805e0244951c21c5bd412f7232ef0d899af0da,ascii94,2,16.0,400,[6390],100,0.13694574450000002,0.1404143615,0.0034686169999999794,1.0253284029574208,0.326861702,0.4089095745,0.08204787250000001,1.251017087648892,0.173692287,0.261569149,0.087876862,1.5059341639044685,0.17472313849999999,0.24991117,0.0751880315,1.4303266994027812,1.3970412235,1.597130053,0.20008882950000006,1.143223282272744,1.2646606385,1.4264848405,0.1618242019999998,1.127958597803706
en,NotoSansSC-VF,a3041811a78c361b1de50f953c805e0244951c21c5bd412f7232ef0d899af0da,demo_unique,1,11.0,400,[6390],100,0.13843875,0.1452075,0.00676874999999999,1.048893463715903,0.3108325,0.40817749999999997,0.09734499999999996,1.3131751023461187,0.17125,0.27249999999999996,0.10124999999999995,1.5912408759124084,0.17593625000000002,0.26286375,0.08692749999999999,1.4940852155255098,0.57197875,0.7071350000000001,0.1351562500000001,1.2362959288260273,0.37375,0.41953125,0.045781249999999996,1.1224916387959867
en,NotoSansSC-VF,a3041811a78c361b1de50f953c805e0244951c21c5bd412f7232ef0d899af0da,demo_unique,1,12.0,400,[6390],100,0.148147222,0.134377778,-0.013769443999999992,0.9070556719585333,0.374536111,0.416202778,0.04166666699999999,1.1112487308333268,0.2022,0.277775,0.075575,1.373763600395648,0.2024305555,0.2732638885,0.070833333,1.3499142351560656,0.7362277779999999,0.831136111,0.09490833300000001,1.1289116437005722,0.5822916665,0.5434027779999999,-0.03888888850000005,0.9332140733976998
en,NotoSansSC-VF,a3041811a78c361b1de50f953c805e0244951c21c5bd412f7232ef0d899af0da,demo_unique,1,14.0,400,[6390],100,0.13276209649999998,0.146035484,0.013273387500000011,1.0999787428032972,0.337432258,0.3970435485,0.059611290500000025,1.176661504899748,0.172412903,0.2647516125,0.0923387095,1.5355672800196398,0.18222419350000002,0.262802419,0.08057822549999999,1.4421927953271472,0.6622314515000001,0.783132258,0.1209008064999999,1.1825657875749502,0.504435484,0.5264443544999999,0.02200887049999989,1.043630694505226
en,NotoSansSC-VF,a3041811a78c361b1de50f953c805e0244951c21c5bd412f7232ef0d899af0da,demo_unique,1,15.0,400,[6390],100,0.14176136350000001,0.1322909095,-0.009470454000000017,0.9331943925609885,0.3548295455,0.443843182,0.08901363649999999,1.250863090824549,0.1946045455,0.2673295455,0.07272499999999998,1.3737065843613605,0.203597727,0.26818181799999996,0.06458409099999995,1.3172142044591684,0.8791659089999999,0.8772704545,-0.001895454499999949,0.9978440309381924,0.5793545455,0.5907204545,0.011365909000000007,1.0196182270222647
en,NotoSansSC-VF,a3041811a78c361b1de50f953c805e0244951c21c5bd412f7232ef0d899af0da,demo_unique,1,16.0,400,[6390],100,0.1328305555,0.14699074099999998,0.014160185499999978,1.1066033748537623,0.3221444445,0.4000009255,0.07785648099999998,1.2416818986924978,0.1797074075,0.2645055555,0.08479814799999999,1.4718678499660622,0.17986203699999997,0.25385740749999997,0.07399537049999999,1.4114007143152727,0.7288194445,0.8702546295,0.14143518499999996,1.1940606635392808,0.5451,0.5604935185,0.015393518499999925,1.0282398064575307
en,NotoSansSC-VF,a3041811a78c361b1de50f953c805e0244951c21c5bd412f7232ef0d899af0da,demo_unique,2,11.0,400,[6390],100,0.13374999999999998,0.14348875,0.009738750000000018,1.0728130841121497,0.33150999999999997,0.41703124999999996,0.08552125,1.257974872552864,0.17125,0.25078125,0.07953125,1.4644160583941606,0.17567625,0.25661375,0.08093749999999997,1.4607196476473057,0.78052125,0.913125,0.1326037499999999,1.169891274580929,0.5834375,0.63458375,0.05114624999999995,1.087663631494376
en,NotoSansSC-VF,a3041811a78c361b1de50f953c805e0244951c21c5bd412f7232ef0d899af0da,demo_unique,2,12.0,400,[6390],100,0.14154722199999997,0.1311333335,-0.010413888499999968,0.9264281675552772,0.35300833350000005,0.413077778,0.06006944449999996,1.1701643808360687,0.2229166665,0.269211111,0.046294444500000004,1.2076760128655522,0.2159722225,0.266205556,0.050233333500000005,1.2325916403439336,1.0311333335000001,1.1028916665000001,0.07175833300000001,1.0695917110510131,0.8377305555,0.8506944445,0.012963889000000006,1.0154750103298578
en,NotoSansSC-VF,a3041811a78c361b1de50f953c805e0244951c21c5bd412f7232ef0d899af0da,demo_unique,2,14.0,400,[6390],100,0.1344419355,0.133601613,-0.0008403224999999903,0.9937495507121735,0.3351483875,0.41532258050000004,0.08017419300000006,1.239219987295926,0.1796709675,0.2481846775,0.06851371,1.3813287753348353,0.1729830645,0.254334677,0.0813516125,1.4702865724754228,0.9990258065,1.1763112905000002,0.17728548400000022,1.1774583627835447,0.851545968,0.983568548,0.13202258,1.1550387001538829
en,NotoSansSC-VF,a3041811a78c361b1de50f953c805e0244951c21c5bd412f7232ef0d899af0da,demo_unique,2,15.0,400,[6390],100,0.14697045450000001,0.14308636400000002,-0.0038840904999999926,0.9735723039490227,0.364865909,0.4271795455,0.06231363649999999,1.1707850335230963,0.1982022725,0.2714977275,0.07329545500000001,1.369801284695159,0.19668636350000002,0.2643931815,0.067706818,1.3442374793817367,1.1066295455000001,1.4702636365,0.36363409099999977,1.328596044158302,0.90625,1.3067227275,0.40047272749999996,1.441900940689655
en,NotoSansSC-VF,a3041811a78c361b1de50f953c805e0244951c21c5bd412f7232ef0d899af0da,demo_unique,2,16.0,400,[6390],100,0.13904351850000002,0.1375777775,-0.0014657410000000204,0.9894584011120229,0.3304388885,0.411575,0.0811361115,1.245540444311233,0.183565741,0.2738425925,0.09027685149999998,1.4917957512562214,0.1795916665,0.256135185,0.07654351849999999,1.4262086320135572,1.199499074,1.3795916665,0.1800925925000001,1.1501398345389637,1.0258111115,1.114737037,0.08892592550000011,1.0866884015030482
en,NotoSerifSC-VF,050080d9255a86808f2945bffac582b31ef32bc36411ce29563b4961670c66f9,ascii94,1,11.0,400,[3441],200,0.14250904250000002,0.14099042550000002,-0.0015186169999999999,0.9893437148032203,0.36305425550000003,0.446088298,0.08303404249999996,1.2287097348181337,0.22014627650000002,0.3002215425,0.08007526599999998,1.3637366358090548,0.21749787250000002,0.2919992025,0.07450132999999998,1.3425382011495306,0.95827766,1.056538298,0.09826063799999996,1.1025387965321032,0.7557845745,0.804964362,0.04917978749999996,1.0650711712825518
en,NotoSerifSC-VF,050080d9255a86808f2945bffac582b31ef32bc36411ce29563b4961670c66f9,ascii94,1,12.0,400,[3441],200,0.137932447,0.1371898935,-0.0007425535000000205,0.9946165422556448,0.3747228725,0.45121914900000004,0.07649627650000002,1.2041409321764847,0.2263295215,0.299811702,0.07348218050000002,1.3246690047899916,0.2263962765,0.2948694145,0.06847313799999999,1.3024481632762188,1.027426596,1.1198912235,0.09246462750000006,1.0899963343950656,0.8285460105,0.863386702,0.03484069150000002,1.042050400410443
en,NotoSerifSC-VF,050080d9255a86808f2945bffac582b31ef32bc36411ce29563b4961670c66f9,ascii94,1,14.0,400,[3441],200,0.14360611699999998,0.141212234,-0.0023938829999999856,0.983330215662053,0.37052313800000003,0.45513058500000003,0.084607447,1.2283459204644867,0.227005585,0.3025375,0.075531915,1.3327315272881943,0.2202460105,0.294968883,0.07472287250000001,1.3392700386734133,1.094425798,1.2196587765,0.12523297849999993,1.1144280212773272,0.892586436,0.962899202,0.07031276600000003,1.0787741815964589
en,NotoSerifSC-VF,050080d9255a86808f2945bffac582b31ef32bc36411ce29563b4961670c66f9,ascii94,1,15.0,400,[3441],200,0.1342529255,0.140281383,0.006028457500000001,1.0449037328426785,0.3672207445,0.4527148935,0.08549414900000002,1.232814050623439,0.2194593085,0.3038231385,0.08436382999999997,1.3844167311772968,0.21482739350000002,0.2966978725,0.081870479,1.3810988797385375,1.1256319145,1.278280053,0.15264813850000003,1.1356110612480328,0.9231936169999999,1.000930851,0.07773723399999999,1.084204691809519
en,NotoSerifSC-VF,050080d9255a86808f2945bffac582b31ef32bc36411ce29563b4961670c66f9,ascii94,1,16.0,400,[3441],200,0.1389848405,0.137954255,-0.0010305855000000141,0.9925849071287741,0.3703789895,0.4455896275,0.075210638,1.203063996965735,0.22414654299999998,0.293494947,0.06934840400000003,1.3093886841698916,0.22621888299999998,0.285206117,0.058987234,1.2607529186677136,1.1817375,1.3123114365,0.13057393649999982,1.1104931818614538,0.986070479,1.0712656915,0.08519521250000006,1.0863987050767394
en,NotoSerifSC-VF,050080d9255a86808f2945bffac582b31ef32bc36411ce29563b4961670c66f9,ascii94,2,11.0,400,[3441],200,0.137555319,0.1366023935,-0.000952925500000007,0.9930724198313261,0.375277128,0.4469968085,0.0717196805,1.1911112485917341,0.2213319145,0.296975,0.07564308549999998,1.341763119299273,0.2235922875,0.2966422875,0.07305,1.3267107323637002,1.479255319,1.6004986705,0.12124335149999999,1.0819624238917473,1.298282447,1.375143883,0.07686143599999995,1.059202399429806
en,NotoSerifSC-VF,050080d9255a86808f2945bffac582b31ef32bc36411ce29563b4961670c66f9,ascii94,2,12.0,400,[3441],200,0.14281914899999998,0.13372127649999999,-0.009097872499999993,0.9362979504940195,0.376075,0.44875877649999996,0.07268377649999996,1.1932693651532273,0.227293883,0.29943484,0.07214095699999998,1.3173906664263375,0.231050532,0.2895279255,0.0584773935,1.2530935245801555,1.6017510640000001,1.7233710105000002,0.12161994650000008,1.075929368322867,1.4120678194999998,1.4807069149999998,0.06863909550000002,1.0486089227104578
en,NotoSerifSC-VF,050080d9255a86808f2945bffac582b31ef32bc36411ce29563b4961670c66f9,ascii94,2,14.0,400,[3441],200,0.1356273935,0.13774361699999998,0.0021162234999999863,1.015603215879836,0.3691268615,0.44968962749999997,0.08056276599999995,1.2182522444251864,0.2158574465,0.297839096,0.08198164950000003,1.37979532709797,0.2154476065,0.295323404,0.07987579750000001,1.3707434897866921,1.803058245,1.9827015955,0.17964335050000013,1.0996325831393208,1.5964981379999998,1.7289784575,0.13248031950000017,1.0829818189866252
en,NotoSerifSC-VF,050080d9255a86808f2945bffac582b31ef32bc36411ce29563b4961670c66f9,ascii94,2,15.0,400,[3441],200,0.1409018615,0.1398268615,-0.0010749999999999926,0.9923705763106615,0.3736704785,0.4603390955,0.086668617,1.2319386250364437,0.21631196800000002,0.303479787,0.08716781899999998,1.4029727056063768,0.2195257975,0.297650532,0.07812473450000001,1.3558795157093098,1.9330119680000002,2.100255053,0.16724308499999996,1.0865194255227704,1.726074734,1.8836547875,0.15758005350000004,1.0912938764446338
en,NotoSerifSC-VF,050080d9255a86808f2945bffac582b31ef32bc36411ce29563b4961670c66f9,ascii94,2,16.0,400,[3441],200,0.135117553,0.139062234,0.003944681000000005,1.0291944378240776,0.371342819,0.45099734,0.07965452100000003,1.2145040025669651,0.22446808499999998,0.304543351,0.08007526600000003,1.3567334126809165,0.220400798,0.29429308499999995,0.07389228699999995,1.3352632461884277,2.0120460110000002,2.2206337765,0.2085877654999999,1.103669480896379,1.8281917555,1.9723295214999998,0.14413776599999983,1.078841710978277
en,NotoSerifSC-VF,050080d9255a86808f2945bffac582b31ef32bc36411ce29563b4961670c66f9,demo_unique,1,11.0,400,[3441],200,0.13724,0.14015624999999998,0.0029162499999999814,1.0212492713494608,0.37145875,0.45322875,0.08177000000000001,1.220132114265716,0.236145,0.31348875,0.07734374999999999,1.3275265197230515,0.23005375,0.29687375000000005,0.06682000000000005,1.290453861325886,0.80265625,0.9116150000000001,0.1089587500000001,1.1357477126727664,0.52505125,0.5690625,0.04401125000000006,1.0838227696820073
en,NotoSerifSC-VF,050080d9255a86808f2945bffac582b31ef32bc36411ce29563b4961670c66f9,demo_unique,1,12.0,400,[3441],200,0.13403055549999998,0.1469888885,0.012958333000000016,1.09668193160626,0.355088889,0.4033555555,0.0482666665,1.1359284055210186,0.201155556,0.26863333300000003,0.06747777700000002,1.3354507245129237,0.215625,0.2690944445,0.05346944449999996,1.2479742353623187,0.8025472225,0.8873833335,0.08483611099999999,1.1057085597227894,0.5452527775,0.5968777775,0.05162500000000003,1.0946808565317212
en,NotoSerifSC-VF,050080d9255a86808f2945bffac582b31ef32bc36411ce29563b4961670c66f9,demo_unique,1,14.0,400,[3441],200,0.1323258065,0.140289516,0.007963709499999999,1.060182588042643,0.3739241935,0.46152580649999997,0.08760161299999997,1.234276397523339,0.231653226,0.30853467749999997,0.07688145149999998,1.3318816354407255,0.231887903,0.32614274200000004,0.09425483900000003,1.4064672532745273,0.9961354840000001,1.077285484,0.08114999999999983,1.0814648221084753,0.7816870965,0.7934145159999999,0.011727419499999892,1.015002703194807
en,NotoSerifSC-VF,050080d9255a86808f2945bffac582b31ef32bc36411ce29563b4961670c66f9,demo_unique,1,15.0,400,[3441],200,0.138540909,0.1323886365,-0.0061522725,0.9555923766892565,0.396968182,0.47357954550000003,0.07661136350000003,1.1929911941909743,0.239581818,0.3410977275,0.1015159095,1.4237212587643024,0.2533136365,0.3087136365,0.055400000000000005,1.2187012146896403,0.9628795455,1.0717795455,0.10890000000000011,1.113098258768651,0.6960227274999999,0.736740909,0.04071818150000006,1.0585012240135507
en,NotoSerifSC-VF,050080d9255a86808f2945bffac582b31ef32bc36411ce29563b4961670c66f9,demo_unique,1,16.0,400,[3441],200,0.143363889,0.1397759255,-0.0035879634999999854,0.9749730317374413,0.379089815,0.46662870349999996,0.08753888849999997,1.23091859774708,0.23950648149999998,0.310262963,0.07075648150000002,1.2954261657424082,0.2515425925,0.3077555555,0.056212963000000005,1.223472941267392,0.975115741,1.1323685185,0.1572527775000001,1.161265756348815,0.733487963,0.8195990740000001,0.08611111100000013,1.1173994875768671
en,NotoSerifSC-VF,050080d9255a86808f2945bffac582b31ef32bc36411ce29563b4961670c66f9,demo_unique,2,11.0,400,[3441],200,0.13296875,0.13224,-0.0007287500000000002,0.9945193889541716,0.36958375,0.4424475,0.07286375,1.1971508487589078,0.2556775,0.30140625,0.045728749999999985,1.1788532428547682,0.25640625,0.29593749999999996,0.03953124999999996,1.154174283973187,1.113645,1.2263012500000001,0.11265625000000012,1.1011599297801364,0.8825525000000001,0.9504675,0.06791499999999995,1.0769529291458582
en,NotoSerifSC-VF,050080d9255a86808f2945bffac582b31ef32bc36411ce29563b4961670c66f9,demo_unique,2,12.0,400,[3441],200,0.14571666649999998,0.14317222200000002,-0.002544444499999965,0.9825384112804971,0.3554416665,0.408333333,0.052891666500000045,1.1488054763551476,0.2072916665,0.26470000000000005,0.05740833350000005,1.2769447246447798,0.220947222,0.25891111099999997,0.03796388899999997,1.1718233370682523,1.078702778,1.161461111,0.0827583329999999,1.0767202372032827,0.9229166665,0.9386583335,0.015741667000000015,1.0170564337728318
en,NotoSerifSC-VF,050080d9255a86808f2945bffac582b31ef32bc36411ce29563b4961670c66f9,demo_unique,2,14.0,400,[3441],200,0.136962903,0.1457991935,0.00883629050000001,1.0645159404952158,0.395094355,0.48071290349999996,0.08561854849999995,1.2167040541492928,0.234071774,0.31787661300000003,0.08380483900000002,1.3580305201600258,0.2430774195,0.3062830645,0.06320564499999998,1.2600226920707458,1.64623629,1.779939516,0.13370322599999995,1.081217518294412,1.437701613,1.5934814515,0.1557798385,1.1083533864686566
en,NotoSerifSC-VF,050080d9255a86808f2945bffac582b31ef32bc36411ce29563b4961670c66f9,demo_unique,2,15.0,400,[3441],200,0.132293182,0.1324795455,0.0001863634999999808,1.001408715832385,0.384093182,0.47471818200000004,0.09062500000000007,1.2359453493241128,0.2358909095,0.322918182,0.0870272725,1.3689301664250864,0.2371227275,0.324147727,0.0870249995,1.3670040422422183,1.3963999999999999,1.5701704545,0.17377045450000006,1.1244417462761387,1.1360795455,1.2412863635,0.10520681800000009,1.0926051511240769
en,NotoSerifSC-VF,050080d9255a86808f2945bffac582b31ef32bc36411ce29563b4961670c66f9,demo_unique,2,16.0,400,[3441],200,0.13969907399999998,0.1413583335,0.0016592595000000099,1.0118773836682697,0.3734962965,0.4574462965,0.08395000000000002,1.224767958308256,0.22700648099999998,0.302276852,0.075270371,1.3315780706719118,0.2475305555,0.32040925899999995,0.07287870349999995,1.294423059621017,1.7713731485,1.948764815,0.17739166650000016,1.1001435901013943,1.5769287035,1.780710185,0.20378148150000008,1.1292268198604707
zh,NotoSansSC-VF,a3041811a78c361b1de50f953c805e0244951c21c5bd412f7232ef0d899af0da,ascii94,1,11.0,300,[2621],100,0.21673324500000002,0.1359593085,-0.08077393650000003,0.6273117375232395,0.5248228724999999,0.399800532,-0.12502234049999994,0.7617818371664052,0.300642553,0.253745479,-0.04689707399999998,0.8440105250170624,0.2915446805,0.254144681,-0.0373999995,0.8717177777489924,1.102581915,0.8185396275,-0.28404228750000005,0.7423844127717258,0.8423425535,0.5619789895,-0.28036356399999995,0.6671620555852638
zh,NotoSansSC-VF,a3041811a78c361b1de50f953c805e0244951c21c5bd412f7232ef0d899af0da,ascii94,1,12.0,300,[2621],100,0.137799202,0.1375,-0.0002992019999999984,0.997828710212705,0.32142074499999995,0.41187952149999996,0.0904587765,1.2814341572756918,0.1903034575,0.259663298,0.06935984049999999,1.364469681272081,0.17989813799999999,0.2617574465,0.0818593085,1.455031438402103,0.7468417555,0.869725266,0.12288351050000001,1.164537547070773,0.5739914895,0.5867353725,0.012743882999999956,1.022202215944179
zh,NotoSansSC-VF,a3041811a78c361b1de50f953c805e0244951c21c5bd412f7232ef0d899af0da,ascii94,1,14.0,300,[2621],100,0.140713564,0.13858617,-0.0021273940000000047,0.9848813864170194,0.3296875,0.4108598405,0.0811723405,1.2462099427488151,0.183621277,0.2608045215,0.0771832445,1.4203393297390041,0.17946569150000002,0.257989894,0.07852420249999997,1.4375443676375323,0.8091867020000001,0.9285904254999999,0.11940372349999984,1.147560165292978,0.648481649,0.6626220745,0.014140425499999942,1.0218054366253932
zh,NotoSansSC-VF,a3041811a78c361b1de50f953c805e0244951c21c5bd412f7232ef0d899af0da,ascii94,1,15.0,300,[2621],100,0.1387744685,0.1399489365,0.0011744680000000118,1.0084631417629966,0.3326571805,0.4145835105,0.08192632999999999,1.246278555829941,0.18272393650000002,0.256638032,0.0739140955,1.4045123858197965,0.181394149,0.2541220745,0.07272792550000001,1.4009386515548525,0.8428856385,0.9685617019999999,0.12567606349999993,1.1491021530793348,0.674767287,0.6906135635,0.015846276500000034,1.0234840615502454
zh,NotoSansSC-VF,a3041811a78c361b1de50f953c805e0244951c21c5bd412f7232ef0d899af0da,ascii94,1,16.0,300,[2621],100,0.1367353725,0.133100532,-0.003634840500000014,0.9734169700674928,0.3209550535,0.40459893599999996,0.08364388249999999,1.2606093332629205,0.174257447,0.257513032,0.08325558499999997,1.477773469273884,0.1765404255,0.25531888300000005,0.07877845750000007,1.4462346642525798,0.855950532,0.9859484045,0.12999787249999994,1.1518754503210005,0.7024821805,0.7269390955,0.024456915000000023,1.034814996990518
zh,NotoSansSC-VF,a3041811a78c361b1de50f953c805e0244951c21c5bd412f7232ef0d899af0da,ascii94,2,11.0,300,[2621],100,0.13515079800000002,0.137644149,0.002493350999999977,1.0184486591044766,0.32869042550000005,0.41094840450000003,0.08225797899999998,1.250259735661208,0.186425,0.257236436,0.070811436,1.3798387340753655,0.18822021300000003,0.25498643600000004,0.06676622300000001,1.354723979618491,1.0569925530000002,1.2203675535,0.16337500049999987,1.1545658955082532,0.9087877655000001,0.9492021275,0.040414361999999926,1.0444706272842093
zh,NotoSansSC-VF,a3041811a78c361b1de50f953c805e0244951c21c5bd412f7232ef0d899af0da,ascii94,2,12.0,300,[2621],100,0.137167553,0.14218750000000002,0.005019947000000025,1.036597190007465,0.333155851,0.402216223,0.06906037199999998,1.2072914877307677,0.18856409600000001,0.25599494700000003,0.06743085100000001,1.3576017515020464,0.1821034575,0.2589537235,0.076850266,1.422014315680964,1.130895213,1.279210904,0.14831569099999986,1.1311489245821045,0.976606649,1.0285904255,0.05198377649999997,1.0532289807295792
zh,NotoSansSC-VF,a3041811a78c361b1de50f953c805e0244951c21c5bd412f7232ef0d899af0da,ascii94,2,14.0,300,[2621],100,0.134275532,0.14009335150000002,0.0058178195000000155,1.0433274730946516,0.3247781915,0.416002128,0.09122393650000005,1.2808807330279135,0.178135904,0.2595859045,0.08145000050000001,1.4572351708502291,0.18115,0.2536351065,0.07248510649999998,1.4001385950869445,1.26306516,1.4278481385,0.1647829784999999,1.1304627692367035,1.125199468,1.1909353725,0.06573590450000011,1.0584215566834947
zh,NotoSansSC-VF,a3041811a78c361b1de50f953c805e0244951c21c5bd412f7232ef0d899af0da,ascii94,2,15.0,300,[2621],100,0.1401042555,0.1382643615,-0.0018398940000000086,0.9868676794046416,0.32762633,0.41442792549999996,0.08680159549999994,1.2649408412931888,0.1793659575,0.2586103725,0.07924441500000001,1.441802982597743,0.181338564,0.25695930850000004,0.07562074450000003,1.417014135504018,1.3520944145,1.5125332445000002,0.16043883000000014,1.1186594872957374,1.2015957445,1.2441047875,0.04250904299999991,1.035377158411699
zh,NotoSansSC-VF,a3041811a78c361b1de50f953c805e0244951c21c5bd412f7232ef0d899af0da,ascii94,2,16.0,300,[2621],100,0.13692367,0.1341864365,-0.0027372334999999914,0.9800090554102151,0.326363032,0.40575133,0.07938829800000002,1.243251502823396,0.17618563799999998,0.2576906915,0.08150505350000004,1.4626089528364397,0.179554255,0.25083111700000005,0.07127686200000005,1.3969655968331134,1.4501220744999999,1.613519149,0.16339707450000018,1.112678151290359,1.2943819145000002,1.3160904255,0.02170851099999993,1.0167713336819801
zh,NotoSansSC-VF,a3041811a78c361b1de50f953c805e0244951c21c5bd412f7232ef0d899af0da,cjk_demo_unique,1,11.0,300,[2621],100,0.1612595235,0.13179523799999998,-0.02946428550000002,0.817286539979141,0.5609130950000001,0.6011916665,0.040278571499999916,1.071808934145137,0.38918690499999997,0.46195476199999996,0.07276785699999999,1.1869740632717332,0.394642857,0.4248011905,0.030158333499999967,1.0764193066339978,1.3596738094999998,1.3552083335,-0.004465475999999802,0.9967157740563952,0.9647809525,0.875197619,-0.08958333349999992,0.9071464530183084
zh,NotoSansSC-VF,a3041811a78c361b1de50f953c805e0244951c21c5bd412f7232ef0d899af0da,cjk_demo_unique,1,12.0,300,[2621],100,0.13379722249999998,0.142825,0.009027777500000028,1.0674735792815133,0.3489583335,0.464122222,0.11516388849999998,1.3300218892752134,0.20914444450000003,0.303125,0.09398055549999995,1.4493571690353932,0.2104194445,0.2864583335,0.076038889,1.3613681671895108,0.7408555555,0.8428222224999999,0.1019666669999999,1.1376336672418998,0.5471055555,0.531597222,-0.015508333499999916,0.9716538548291164
zh,NotoSansSC-VF,a3041811a78c361b1de50f953c805e0244951c21c5bd412f7232ef0d899af0da,cjk_demo_unique,1,14.0,300,[2621],100,0.13534094200000002,0.134872826,-0.0004681160000000184,0.9965412092373347,0.49929058000000004,0.6040003625,0.10470978249999996,1.2097171200385954,0.3527322465,0.4545894925,0.10185724600000001,1.28876647091578,0.3543177535,0.4512985505,0.09698079700000001,1.2737113679515357,1.8832275360000001,2.1491246375,0.2658971014999998,1.1411922332363347,1.585114855,1.594776449,0.009661593999999996,1.006095201221239
zh,NotoSansSC-VF,a3041811a78c361b1de50f953c805e0244951c21c5bd412f7232ef0d899af0da,cjk_demo_unique,1,15.0,300,[2621],100,0.13385312500000002,0.13424375,0.0003906249999999778,1.0029183106483317,0.524996875,0.66041875,0.13542187500000002,1.257947963975976,0.381903125,0.492709375,0.11080625,1.290142297212153,0.38424375,0.484765625,0.10052187499999998,1.261609655329462,1.635940625,1.808721875,0.1727812500000001,1.1056158440958088,1.2229187499999998,1.367709375,0.14479062500000017,1.1183975836497724
zh,NotoSansSC-VF,a3041811a78c361b1de50f953c805e0244951c21c5bd412f7232ef0d899af0da,cjk_demo_unique,1,16.0,300,[2621],100,0.132865,0.13182125,-0.00104375000000001,0.9921442817897865,0.44411500000000004,0.5626562500000001,0.11854125000000004,1.2669156637357442,0.302605,0.419845,0.11724000000000001,1.3874357660977181,0.303855,0.42192874999999996,0.11807374999999998,1.3885858386401408,1.3524475,1.5295312499999998,0.17708374999999976,1.1309357664530415,1.03562625,1.1305725,0.09494625000000001,1.091680034182216
zh,NotoSansSC-VF,a3041811a78c361b1de50f953c805e0244951c21c5bd412f7232ef0d899af0da,cjk_demo_unique,2,11.0,300,[2621],100,0.1430559525,0.1344238095,-0.008632143000000009,0.9396589736452944,0.4701392855,0.604464286,0.1343250005,1.2857132016890345,0.346527381,0.431597619,0.08507023799999996,1.2454935530765459,0.328125,0.457788095,0.129663095,1.395163718095238,1.788145238,2.045634524,0.257489286,1.1439979709299206,1.469295238,1.510465476,0.04117023800000008,1.02802039844357
zh,NotoSansSC-VF,a3041811a78c361b1de50f953c805e0244951c21c5bd412f7232ef0d899af0da,cjk_demo_unique,2,12.0,300,[2621],100,0.1348388885,0.1466444445,0.011805555999999995,1.0875530503946567,0.366436111,0.4224527775,0.05601666649999998,1.1528688489437657,0.213772222,0.2787055555,0.06493333349999997,1.3037500985511576,0.2127305555,0.287847222,0.07511666650000001,1.3531070857378549,1.068863889,1.1068277775,0.03796388849999999,1.0355179821216693,0.854513889,0.9006944445,0.0461805555,1.0540430718499416
zh,NotoSansSC-VF,a3041811a78c361b1de50f953c805e0244951c21c5bd412f7232ef0d899af0da,cjk_demo_unique,2,14.0,300,[2621],100,0.13567318849999999,0.133680435,-0.0019927534999999996,0.9853121053464443,0.49190833300000003,0.6045141304999999,0.11260579749999988,1.2289162226898074,0.3528681155,0.455540217,0.1026721015,1.2909645190088024,0.3549213765,0.4569293475,0.10200797100000003,1.2874100512229927,2.974834058,3.361141304,0.3863072460000003,1.1298584184758584,2.622433696,2.7528688405,0.13043514450000027,1.0497382048968305
zh,NotoSansSC-VF,a3041811a78c361b1de50f953c805e0244951c21c5bd412f7232ef0d899af0da,cjk_demo_unique,2,15.0,300,[2621],100,0.13411875,0.13241875,-0.001700000000000007,0.9873246656414557,0.528515625,0.66354375,0.13502812499999994,1.2554855875831483,0.3859375,0.5138,0.12786250000000005,1.3313036437246966,0.388671875,0.477996875,0.08932499999999999,1.2298211055276382,2.85078125,2.970184375,0.11940312500000028,1.0418843518772267,2.3365875000000003,2.41796875,0.08138124999999974,1.0348291044097426
zh,NotoSansSC-VF,a3041811a78c361b1de50f953c805e0244951c21c5bd412f7232ef0d899af0da,cjk_demo_unique,2,16.0,300,[2621],100,0.13291625,0.1311975,-0.0017187500000000189,0.9870689249809559,0.4424475,0.5530725000000001,0.11062500000000008,1.2500296645364706,0.30130250000000003,0.41572875,0.11442624999999995,1.3797719899436611,0.30359375,0.40447875,0.100885,1.3323026248069996,2.1988025,2.7205725,0.5217699999999996,1.2372973470786939,1.9667175000000001,2.1283849999999997,0.16166749999999963,1.0822016888546524
zh,NotoSerifSC-VF,050080d9255a86808f2945bffac582b31ef32bc36411ce29563b4961670c66f9,ascii94,1,11.0,300,[1556],200,0.13644734050000001,0.138064894,0.0016175534999999797,1.0118547821751056,0.36433962750000004,0.4627106385,0.09837101099999995,1.2699981104855247,0.2194151595,0.3064162235,0.08700106399999996,1.3965134596818958,0.2232601065,0.3020832445,0.07882313800000001,1.3530551840886094,0.953811968,1.0870125000000002,0.13320053200000015,1.1396507241142104,0.745279255,0.7508534575,0.005574202499999958,1.0074793474561423
zh,NotoSerifSC-VF,050080d9255a86808f2945bffac582b31ef32bc36411ce29563b4961670c66f9,ascii94,1,12.0,300,[1556],200,0.134031383,0.139594415,0.0055630319999999955,1.0415054435422784,0.3715537235,0.46273271299999996,0.09117898949999997,1.245399208063649,0.22175319100000002,0.31062712800000003,0.08887393700000001,1.4007786160786295,0.228557181,0.30359042550000004,0.07503324450000004,1.3282909080857102,1.048625798,1.1557734045,0.1071476065000001,1.1021790677898238,0.8252106385,0.8198359040000001,-0.0053747344999999225,0.99348683324082
zh,NotoSerifSC-VF,050080d9255a86808f2945bffac582b31ef32bc36411ce29563b4961670c66f9,ascii94,1,14.0,300,[1556],200,0.13797659550000002,0.139693883,0.0017172874999999699,1.0124462231712332,0.3818819145,0.4627106385,0.08082872400000002,1.2116589472581583,0.23175984,0.3093970745,0.07763723449999999,1.3349900245875213,0.23031888299999997,0.30569574499999996,0.07537686199999999,1.3272717417616167,1.1205896279999998,1.2581119680000001,0.1375223400000003,1.122723195506857,0.9076571805,0.9037787235,-0.003878457000000002,0.995726958279707
zh,NotoSerifSC-VF,050080d9255a86808f2945bffac582b31ef32bc36411ce29563b4961670c66f9,ascii94,1,15.0,300,[1556],200,0.1423425535,0.1389071805,-0.0034353729999999916,0.9758654533340236,0.379953723,0.459862766,0.07990904299999996,1.2103125674596955,0.22122101100000002,0.3010640955,0.0798430845,1.3609199873876356,0.2300976065,0.304166755,0.07406914850000001,1.3219031680801079,1.1698914894999999,1.277149734,0.1072582445000001,1.091682216224892,0.9397385635,0.971697872,0.03195930850000006,1.0340087230016075
zh,NotoSerifSC-VF,050080d9255a86808f2945bffac582b31ef32bc36411ce29563b4961670c66f9,ascii94,1,16.0,300,[1556],200,0.1373117025,0.13267925549999998,-0.004632447000000012,0.9662632760670926,0.37917765999999997,0.4511082445,0.0719305845,1.1897015359501928,0.233289096,0.30015531900000003,0.06686622300000003,1.2866238677524817,0.2353058515,0.2926305855,0.05732473399999999,1.243617970545879,1.2235928189999998,1.322074734,0.09848191500000025,1.0804858556463957,1.008100798,1.014461436,0.006360637999999863,1.00630952580597
zh,NotoSerifSC-VF,050080d9255a86808f2945bffac582b31ef32bc36411ce29563b4961670c66f9,ascii94,2,11.0,300,[1556],200,0.135305851,0.1417885635,0.0064827124999999874,1.047911545968548,0.36666675550000005,0.457225266,0.09055851049999997,1.2469776960731307,0.2237478725,0.3064271275,0.08267925500000001,1.3695197369977228,0.219780585,0.3039446805,0.08416409550000001,1.3829459981644876,1.4878768615,1.632225,0.14434813850000006,1.0970161861072802,1.3102172875,1.3155361705000002,0.005318883000000163,1.0040595426810075
zh,NotoSerifSC-VF,050080d9255a86808f2945bffac582b31ef32bc36411ce29563b4961670c66f9,ascii94,2,12.0,300,[1556],200,0.1393170215,0.1364805855,-0.0028364359999999977,0.9796404203200684,0.374678457,0.452504521,0.07782606399999997,1.2077142748562135,0.2251220745,0.2992906915,0.07416861699999999,1.329459548401594,0.233255585,0.2974957445,0.0642401595,1.2754067367775996,1.7609928195,1.7418882980000001,-0.01910452149999986,0.9891512780242772,1.469137766,1.433255585,-0.03588218100000007,0.975576027088531
zh,NotoSerifSC-VF,050080d9255a86808f2945bffac582b31ef32bc36411ce29563b4961670c66f9,ascii94,2,14.0,300,[1556],200,0.1349845745,0.142675,0.007690425499999987,1.0569726246757178,0.3656359045,0.4531585105,0.087522606,1.2393709286282633,0.21857287250000001,0.3007646275,0.08219175499999998,1.376038224963164,0.22075611699999997,0.30108617049999997,0.0803300535,1.363885968786088,1.8496010635000002,2.0071585105,0.15755744699999985,1.0851845568805274,1.6665779255,1.665525266,-0.0010526594999999972,0.9993683706690858
zh,NotoSerifSC-VF,050080d9255a86808f2945bffac582b31ef32bc36411ce29563b4961670c66f9,ascii94,2,15.0,300,[1556],200,0.1388406915,0.13858590450000002,-0.00025478699999997856,0.9981648967802788,0.37913324449999997,0.4530587765,0.07392553200000002,1.194985623319561,0.23007553149999999,0.30448803199999996,0.07441250049999998,1.32342639834345,0.2248449465,0.301850532,0.0770055855,1.3424830608767986,1.992364628,2.2127768615,0.22041223350000005,1.1106284614785884,1.7916223405,1.7714539894999999,-0.02016835100000014,0.9887429674524087
zh,NotoSerifSC-VF,050080d9255a86808f2945bffac582b31ef32bc36411ce29563b4961670c66f9,ascii94,2,16.0,300,[1556],200,0.14519069150000002,0.1428968085,-0.0022938830000000243,0.9842008948624642,0.375786702,0.465569681,0.08978297900000004,1.2389200536425582,0.226318617,0.30533031899999996,0.07901170199999996,1.3491171121817167,0.226861702,0.3015183515,0.0746566495,1.3290844106423922,2.1052082445,2.277826064,0.1726178195000001,1.081995603024535,1.903069415,1.9142728720000002,0.011203457000000139,1.0058870459015812
zh,NotoSerifSC-VF,050080d9255a86808f2945bffac582b31ef32bc36411ce29563b4961670c66f9,cjk_demo_unique,1,11.0,300,[1556],200,0.133680952,0.14027738099999998,0.006596428999999987,1.0493445692995962,0.6004952379999999,0.707739286,0.10724404800000009,1.1785926702053215,0.427332143,0.590029762,0.16269761900000002,1.3807287180828802,0.423809524,0.560911905,0.137102381,1.3234999999669663,1.6270333335,1.8597214284999999,0.23268809499999987,1.1430137233264004,1.255554762,1.2702380949999998,0.014683332999999799,1.0116946973914627
zh,NotoSerifSC-VF,050080d9255a86808f2945bffac582b31ef32bc36411ce29563b4961670c66f9,cjk_demo_unique,1,12.0,300,[1556],200,0.133913889,0.141088889,0.007174999999999987,1.053579207157519,0.3446777775,0.448611111,0.1039333335,1.301537668757888,0.203933333,0.286922222,0.08298888900000001,1.4069412674189952,0.20625,0.28634166650000004,0.08009166650000005,1.3883232315151517,0.7619222219999999,0.858797222,0.09687500000000004,1.1271455237854975,0.531944444,0.5689805555,0.03703611150000008,1.0696240216769706
zh,NotoSerifSC-VF,050080d9255a86808f2945bffac582b31ef32bc36411ce29563b4961670c66f9,cjk_demo_unique,1,14.0,300,[1556],200,0.136563768,0.134933333,-0.0016304350000000134,0.9880609987269829,0.6026869564999999,0.7240188405000001,0.12133188400000017,1.201318251028053,0.4563710145,0.5670141305,0.11064311600000004,1.2424411552982186,0.46008442,0.570697464,0.110613044,1.2404190170143123,2.66567029,2.8716637685,0.20599347849999994,1.0772764280986904,2.2057971015,2.1550873189999997,-0.050709782500000244,0.9770106767909359
zh,NotoSerifSC-VF,050080d9255a86808f2945bffac582b31ef32bc36411ce29563b4961670c66f9,cjk_demo_unique,1,15.0,300,[1556],200,0.133984375,0.133334375,-0.0006499999999999839,0.9951486880466474,0.6484375,0.8487,0.2002625,1.3088385542168675,0.5418000000000001,0.67109375,0.12929374999999999,1.2386374123292727,0.512759375,0.636196875,0.12343749999999998,1.2407318247472314,2.193096875,2.44661875,0.2535218749999997,1.115599943572944,1.6615875,1.6209625,-0.04062499999999991,0.9755504901186366
zh,NotoSerifSC-VF,050080d9255a86808f2945bffac582b31ef32bc36411ce29563b4961670c66f9,cjk_demo_unique,1,16.0,300,[1556],200,0.13583375,0.138125,0.0022912499999999947,1.0168680464170354,0.546145,0.6666650000000001,0.12052000000000007,1.2206739968323432,0.43510499999999996,0.50406375,0.06895875000000007,1.158487606439825,0.4246875,0.504635,0.07994749999999995,1.1882501839587931,1.8596362499999999,2.08161375,0.22197749999999994,1.1193660857062773,1.49703125,1.50724,0.010208749999999878,1.0068193299238075
zh,NotoSerifSC-VF,050080d9255a86808f2945bffac582b31ef32bc36411ce29563b4961670c66f9,cjk_demo_unique,2,11.0,300,[1556],200,0.132738095,0.1357142855,0.0029761905000000033,1.0224215248832673,0.570883333,0.699454762,0.12857142899999996,1.2252148934255187,0.43070476199999996,0.5584309525,0.1277261905,1.2965516097544332,0.43442380950000004,0.5779761905,0.143552381,1.3304431706107949,2.575347619,2.9416166665,0.3662690474999999,1.142221207264525,2.2151785715,2.2647809524999998,0.049602380999999696,1.0223920462386975
zh,NotoSerifSC-VF,050080d9255a86808f2945bffac582b31ef32bc36411ce29563b4961670c66f9,cjk_demo_unique,2,12.0,300,[1556],200,0.133333333,0.133333333,0.0,1.0,0.345025,0.4462944445,0.10126944449999997,1.2935133526556046,0.2050944445,0.2636555555,0.05856111100000003,1.2855324099234684,0.205902778,0.27210833349999997,0.06620555549999996,1.321537942047581,1.0347222225000001,1.2226833335,0.1879611109999999,1.181653691119019,0.8399305555000001,0.88345,0.04351944449999989,1.0518131459976394
zh,NotoSerifSC-VF,050080d9255a86808f2945bffac582b31ef32bc36411ce29563b4961670c66f9,cjk_demo_unique,2,14.0,300,[1556],200,0.13451086950000002,0.136926087,0.002415217499999983,1.017955556372342,0.6049362315,0.7255434785,0.12060724700000003,1.1993718357734042,0.4460902175,0.5718749999999999,0.12578478249999991,1.2819716227020825,0.4480525365,0.559314855,0.11126231850000001,1.248324268776905,4.2303742755,4.5263134055,0.29593912999999983,1.0699557794954258,3.7745923914999997,3.7246528984999996,-0.04993949300000011,0.9867695666656726
zh,NotoSerifSC-VF,050080d9255a86808f2945bffac582b31ef32bc36411ce29563b4961670c66f9,cjk_demo_unique,2,15.0,300,[1556],200,0.1328125,0.133984375,0.001171874999999989,1.0088235294117647,0.66445,0.869528125,0.205078125,1.308643426894424,0.510415625,0.6515593749999999,0.1411437499999999,1.2765270949532548,0.528125,0.6464812499999999,0.11835624999999994,1.2241065088757395,3.6868499999999997,4.315625,0.6287750000000001,1.170545316462563,3.170834375,3.403125,0.23229062500000008,1.073258517326374
zh,NotoSerifSC-VF,050080d9255a86808f2945bffac582b31ef32bc36411ce29563b4961670c66f9,cjk_demo_unique,2,16.0,300,[1556],200,0.13369750000000002,0.146145,0.012447499999999972,1.0931019652573906,0.5564575,0.65515625,0.09869874999999995,1.1773697901456983,0.422395,0.5296350000000001,0.10724000000000006,1.2538855810319727,0.42651125,0.49796875,0.07145750000000001,1.167539543212518,3.0680725000000004,3.6355725,0.5674999999999994,1.1849695533596418,2.83182375,2.852395,0.020571250000000152,1.007264311558938
zh,NotoSansSC-VF,a3041811a78c361b1de50f953c805e0244951c21c5bd412f7232ef0d899af0da,ascii94,1,11.0,400,[6390],100,0.21673324500000002,0.1369898935,-0.07974335150000003,0.6320668225126237,0.5248228724999999,0.406493883,-0.11832898949999993,0.7745353800295738,0.300642553,0.259419415,-0.04122313799999999,0.8628832226554436,0.2915446805,0.25644920250000003,-0.03509547799999996,0.8796223002943799,1.102581915,0.8171875,-0.28539441500000007,0.7411580843859569,0.8423425535,0.5526486705,-0.289693883,0.6560854229715702
zh,NotoSansSC-VF,a3041811a78c361b1de50f953c805e0244951c21c5bd412f7232ef0d899af0da,ascii94,1,12.0,400,[6390],100,0.137799202,0.142918883,0.005119680999999987,1.0371531977376762,0.32142074499999995,0.41320930850000004,0.09178856350000009,1.2855713731234122,0.1903034575,0.2576792555,0.06737579799999999,1.3540440036408692,0.17989813799999999,0.25795664900000004,0.07805851100000005,1.433903940684478,0.7468417555,0.870201862,0.12336010650000007,1.1651756956430646,0.5739914895,0.6057734045000001,0.03178191500000005,1.0553700108475215
zh,NotoSansSC-VF,a3041811a78c361b1de50f953c805e0244951c21c5bd412f7232ef0d899af0da,ascii94,1,14.0,400,[6390],100,0.140713564,0.1372452125,-0.003468351500000022,0.9753516903317151,0.3296875,0.40873218099999997,0.07904468099999995,1.2397563783886254,0.183621277,0.258444149,0.07482287200000001,1.407484760058607,0.17946569150000002,0.259330585,0.07986489349999998,1.4450148261346094,0.8091867020000001,0.944436968,0.1352502659999999,1.1671434610402185,0.648481649,0.6788343084999999,0.03035265949999988,1.0468057338967196
zh,NotoSansSC-VF,a3041811a78c361b1de50f953c805e0244951c21c5bd412f7232ef0d899af0da,ascii94,1,15.0,400,[6390],100,0.1387744685,0.137366755,-0.0014077134999999907,0.9898561059882568,0.3326571805,0.41555851099999996,0.08290133049999998,1.2492095026338985,0.18272393650000002,0.261269947,0.07854601049999999,1.4298616372026332,0.181394149,0.2578236705,0.07642952149999999,1.421345020891495,0.8428856385,1.000044149,0.15715851050000007,1.186452946071877,0.674767287,0.7243906915,0.04962340450000002,1.0735415089854528
zh,NotoSansSC-VF,a3041811a78c361b1de50f953c805e0244951c21c5bd412f7232ef0d899af0da,ascii94,1,16.0,400,[6390],100,0.1367353725,0.1384531915,0.0017178189999999816,1.0125630915292236,0.3209550535,0.406781915,0.08582686150000002,1.2674108432444422,0.174257447,0.2589207445,0.08466329750000001,1.4858518184304628,0.1765404255,0.257901064,0.08136063850000003,1.4608612348677048,0.855950532,1.012145479,0.15619494699999992,1.1824812780185292,0.7024821805,0.7329343085,0.030452127999999967,1.043349324502901
zh,NotoSansSC-VF,a3041811a78c361b1de50f953c805e0244951c21c5bd412f7232ef0d899af0da,ascii94,2,11.0,400,[6390],100,0.13515079800000002,0.135604787,0.000453988999999988,1.0033591292594513,0.32869042550000005,0.4065268615,0.07783643599999995,1.2368077374982738,0.186425,0.2585659575,0.07214095749999999,1.3869704036475794,0.18822021300000003,0.2573026595,0.06908244649999995,1.3670299028935853,1.0569925530000002,1.2482712765000001,0.19127872349999997,1.1809650625797738,0.9087877655000001,0.9470188829999999,0.038231117499999856,1.0420682572448208
zh,NotoSansSC-VF,a3041811a78c361b1de50f953c805e0244951c21c5bd412f7232ef0d899af0da,ascii94,2,12.0,400,[6390],100,0.137167553,0.140724468,0.003556914999999994,1.025931169013418,0.333155851,0.4132422875,0.08008643650000002,1.2403873029983197,0.18856409600000001,0.2607712765,0.07220718049999997,1.3829317565312114,0.1821034575,0.256449468,0.0743460105,1.408262487273203,1.130895213,1.3390515955,0.2081563824999999,1.1840633686544748,0.976606649,1.042298138,0.06569148899999999,1.0672650437791562
zh,NotoSansSC-VF,a3041811a78c361b1de50f953c805e0244951c21c5bd412f7232ef0d899af0da,ascii94,2,14.0,400,[6390],100,0.134275532,0.1408909575,0.006615425499999994,1.0492675426525213,0.3247781915,0.409773936,0.08499574450000003,1.2617039774359358,0.178135904,0.261281117,0.083145213,1.4667515707557752,0.18115,0.252105585,0.07095558500000002,1.3916951973502623,1.26306516,1.479144415,0.21607925499999991,1.171075303035039,1.125199468,1.200842287,0.07564281900000003,1.0672261418097293
zh,NotoSansSC-VF,a3041811a78c361b1de50f953c805e0244951c21c5bd412f7232ef0d899af0da,ascii94,2,15.0,400,[6390],100,0.1401042555,0.1387079785,-0.0013962770000000013,0.9900340143486933,0.32762633,0.41203457450000003,0.08440824450000001,1.2576357171903736,0.1793659575,0.25960771299999996,0.08024175549999996,1.4473633493133722,0.181338564,0.26182367,0.080485106,1.4438388847062888,1.3520944145,1.5735375,0.22144308550000003,1.1637778272916606,1.2015957445,1.2707781915,0.06918244699999998,1.0575754760423088
zh,NotoSansSC-VF,a3041811a78c361b1de50f953c805e0244951c21c5bd412f7232ef0d899af0da,ascii94,2,16.0,400,[6390],100,0.13692367,0.14276382999999998,0.005840159999999983,1.0426526691842248,0.326363032,0.409131117,0.08276808499999999,1.2536074153153474,0.17618563799999998,0.2568595745,0.08067393650000004,1.4578916727593882,0.179554255,0.257923138,0.078368883,1.4364635246321509,1.4501220744999999,1.6225619679999999,0.1724398935,1.1189140531906303,1.2943819145000002,1.334962234,0.04058031949999985,1.0313511175066714
zh,NotoSansSC-VF,a3041811a78c361b1de50f953c805e0244951c21c5bd412f7232ef0d899af0da,cjk_demo_unique,1,11.0,400,[6390],100,0.1612595235,0.133333333,-0.027926190500000003,0.826824550303226,0.5609130950000001,0.5799119045,0.01899880949999988,1.0338712176081393,0.38918690499999997,0.4481142855,0.058927380500000015,1.1514115191003151,0.394642857,0.4581845235,0.06354166649999998,1.1610105577053431,1.3596738094999998,1.5369547620000001,0.1772809525000003,1.13038491383841,0.9647809525,0.975645238,0.01086428550000007,1.0112608830759438
zh,NotoSansSC-VF,a3041811a78c361b1de50f953c805e0244951c21c5bd412f7232ef0d899af0da,cjk_demo_unique,1,12.0,400,[6390],100,0.13379722249999998,0.1461805555,0.012383333000000024,1.092552990029371,0.3489583335,0.465969444,0.11701111050000002,1.3353154209741778,0.20914444450000003,0.30625,0.0971055555,1.4642989955202945,0.2104194445,0.301502778,0.09108333350000003,1.4328655734094955,0.7408555555,0.8547472224999999,0.11389166699999986,1.1537299223235693,0.5471055555,0.5603,0.013194444500000069,1.0241168168872672
zh,NotoSansSC-VF,a3041811a78c361b1de50f953c805e0244951c21c5bd412f7232ef0d899af0da,cjk_demo_unique,1,14.0,400,[6390],100,0.13534094200000002,0.135160145,-0.0001807970000000103,0.9986641366808278,0.49929058000000004,0.619715942,0.12042536199999998,1.2411929381884192,0.3527322465,0.466847826,0.11411557950000001,1.323518988219298,0.3543177535,0.4634963765,0.10917862299999997,1.3081376022553721,1.8832275360000001,2.2109902175,0.3277626814999999,1.174043059181352,1.585114855,1.6768416665,0.09172681150000006,1.0578676120602
zh,NotoSansSC-VF,a3041811a78c361b1de50f953c805e0244951c21c5bd412f7232ef0d899af0da,cjk_demo_unique,1,15.0,400,[6390],100,0.13385312500000002,0.13229375,-0.0015593750000000295,0.9883501038918588,0.524996875,0.62890625,0.10390937499999997,1.1979237971654593,0.381903125,0.4852875,0.10338437499999997,1.2707083766334721,0.38424375,0.47578125,0.0915375,1.2382276875030498,1.635940625,1.8397125,0.20377187500000016,1.1245594564289276,1.2229187499999998,1.332684375,0.10976562500000009,1.0897570872962739
zh,NotoSansSC-VF,a3041811a78c361b1de50f953c805e0244951c21c5bd412f7232ef0d899af0da,cjk_demo_unique,1,16.0,400,[6390],100,0.132865,0.14677125000000002,0.013906250000000009,1.1046645090881722,0.44411500000000004,0.57703125,0.13291624999999996,1.2992834063249383,0.302605,0.42307375,0.12046875000000001,1.3981056162323822,0.303855,0.413385,0.10953000000000002,1.3604679863750804,1.3524475,1.6243237499999998,0.2718762499999998,1.2010253632765782,1.03562625,1.14239625,0.10677000000000003,1.1030970391103934
zh,NotoSansSC-VF,a3041811a78c361b1de50f953c805e0244951c21c5bd412f7232ef0d899af0da,cjk_demo_unique,2,11.0,400,[6390],100,0.1430559525,0.1325892855,-0.010466667000000013,0.9268351521409078,0.4701392855,0.5873011905000001,0.11716190500000007,1.2492067959719568,0.346527381,0.45545595250000004,0.10892857150000002,1.3143433317899922,0.328125,0.4433535715,0.11522857149999999,1.3511727893333334,1.788145238,2.241666667,0.45352142900000003,1.2536267297321182,1.469295238,1.6362595240000002,0.16696428600000024,1.1136356272598225
zh,NotoSansSC-VF,a3041811a78c361b1de50f953c805e0244951c21c5bd412f7232ef0d899af0da,cjk_demo_unique,2,12.0,400,[6390],100,0.1348388885,0.13414444450000002,-0.0006944439999999885,0.9948498240550241,0.366436111,0.4966444445,0.1302083335,1.3553370685674588,0.213772222,0.3306694445,0.11689722250000001,1.5468307407124204,0.2127305555,0.30278055550000005,0.09005000000000005,1.4233054334312591,1.068863889,1.6895833335,0.6207194444999999,1.5807282394774589,0.854513889,1.130788889,0.27627499999999994,1.3233124745617797
zh,NotoSansSC-VF,a3041811a78c361b1de50f953c805e0244951c21c5bd412f7232ef0d899af0da,cjk_demo_unique,2,14.0,400,[6390],100,0.13567318849999999,0.137137681,0.0014644925000000253,1.0107942661051268,0.49190833300000003,0.6029891305,0.1110807975,1.225816051585367,0.3528681155,0.46455326100000005,0.11168514550000003,1.3165067644089823,0.3549213765,0.467135145,0.11221376849999998,1.3161651450993963,2.974834058,3.6426931160000002,0.6678590580000003,1.2245029621749746,2.622433696,2.954710145,0.3322764490000001,1.1267053765770405
zh,NotoSansSC-VF,a3041811a78c361b1de50f953c805e0244951c21c5bd412f7232ef0d899af0da,cjk_demo_unique,2,15.0,400,[6390],100,0.13411875,0.13424375,0.00012499999999998623,1.0009320098793046,0.528515625,0.660415625,0.1318999999999999,1.2495668883961566,0.3859375,0.534375,0.14843750000000006,1.3846153846153848,0.388671875,0.474740625,0.08606875000000003,1.221443216080402,2.85078125,3.3255218749999997,0.4747406249999999,1.1665300082214305,2.3365875000000003,2.671221875,0.3346343749999998,1.1432149983683468
zh,NotoSansSC-VF,a3041811a78c361b1de50f953c805e0244951c21c5bd412f7232ef0d899af0da,cjk_demo_unique,2,16.0,400,[6390],100,0.13291625,0.14041625000000002,0.007500000000000007,1.05642650917401,0.4424475,0.56984375,0.12739625,1.287935291757779,0.30130250000000003,0.4276575,0.126355,1.4193626007085902,0.30359375,0.4333325,0.12973875,1.4273432835820896,2.1988025,3.04599,0.8471875,1.3852949503195489,1.9667175000000001,2.42859375,0.46187625,1.234846260329712
zh,NotoSerifSC-VF,050080d9255a86808f2945bffac582b31ef32bc36411ce29563b4961670c66f9,ascii94,1,11.0,400,[3441],200,0.13644734050000001,0.13428617050000002,-0.00216116999999999,0.984161142371258,0.36433962750000004,0.4550420215,0.09070239399999996,1.2489501200360094,0.2194151595,0.2982601065,0.078844947,1.3593413836111903,0.2232601065,0.2967308515,0.073470745,1.329081384721099,0.953811968,1.089106915,0.1352949469999999,1.1418465604742756,0.745279255,0.7744457444999999,0.029166489499999892,1.0391349810213084
zh,NotoSerifSC-VF,050080d9255a86808f2945bffac582b31ef32bc36411ce29563b4961670c66f9,ascii94,1,12.0,400,[3441],200,0.134031383,0.1454343085,0.011402925499999994,1.0850765339040036,0.3715537235,0.46655585099999997,0.09500212749999998,1.2556888048519315,0.22175319100000002,0.308089628,0.08633643699999999,1.3893357142265428,0.228557181,0.3013077125,0.07275053149999999,1.3183034161591274,1.048625798,1.169038032,0.120412234,1.1148286016133278,0.8252106385,0.8313938830000001,0.0061832445000000735,1.0074929287281602
zh,NotoSerifSC-VF,050080d9255a86808f2945bffac582b31ef32bc36411ce29563b4961670c66f9,ascii94,1,14.0,400,[3441],200,0.13797659550000002,0.1404034575,0.002426861999999974,1.0175889395676527,0.3818819145,0.4646718085,0.08278989400000003,1.2167944876583048,0.23175984,0.297185372,0.06542553200000001,1.2822988314109987,0.23031888299999997,0.295611702,0.065292819,1.2834887793372982,1.1205896279999998,1.237367021,0.11677739300000023,1.1042106673862595,0.9076571805,0.9478279255,0.04017074499999995,1.0442576182539218
zh,NotoSerifSC-VF,050080d9255a86808f2945bffac582b31ef32bc36411ce29563b4961670c66f9,ascii94,1,15.0,400,[3441],200,0.1423425535,0.13777712749999999,-0.004565426000000011,0.9679264851743719,0.379953723,0.4573359045,0.07738218149999998,1.2036621220316348,0.22122101100000002,0.302382447,0.08116143599999998,1.3668794190620528,0.2300976065,0.2996231385,0.069525532,1.3021566936638256,1.1698914894999999,1.3125776595,0.14268617000000017,1.1219653030051384,0.9397385635,0.9766398935,0.036901330000000065,1.0392676553174143
zh,NotoSerifSC-VF,050080d9255a86808f2945bffac582b31ef32bc36411ce29563b4961670c66f9,ascii94,1,16.0,400,[3441],200,0.1373117025,0.141400532,0.004088829500000002,1.0297777205114764,0.37917765999999997,0.467021543,0.08784388300000001,1.2316694580582623,0.233289096,0.315735638,0.08244654199999998,1.353409325226242,0.2353058515,0.310992819,0.07568696749999998,1.3216535713732558,1.2235928189999998,1.3844965425,0.16090372350000015,1.131501036130223,1.008100798,1.0580784575000002,0.049977659500000104,1.0495760539017052
zh,NotoSerifSC-VF,050080d9255a86808f2945bffac582b31ef32bc36411ce29563b4961670c66f9,ascii94,2,11.0,400,[3441],200,0.135305851,0.14278617,0.007480318999999985,1.055284519809864,0.36666675550000005,0.468406649,0.10173989349999996,1.2774723695941939,0.2237478725,0.316445213,0.0926973405,1.4142937292062967,0.219780585,0.3117465425,0.0919659575,1.4184444112749997,1.4878768615,1.691245479,0.20336861750000002,1.136683769176284,1.3102172875,1.3905582445,0.08034095699999999,1.0613188039621253
zh,NotoSerifSC-VF,050080d9255a86808f2945bffac582b31ef32bc36411ce29563b4961670c66f9,ascii94,2,12.0,400,[3441],200,0.1393170215,0.1372672875,-0.0020497339999999975,0.9852872680026395,0.374678457,0.461148138,0.08646968099999996,1.2307837010228746,0.2251220745,0.307092287,0.08197021250000003,1.3641145040176859,0.233255585,0.301219149,0.06796356400000003,1.2913695035426485,1.7609928195,1.7872452125,0.02625239300000004,1.014907722910224,1.469137766,1.463120479,-0.006017286999999927,0.995904205079158
zh,NotoSerifSC-VF,050080d9255a86808f2945bffac582b31ef32bc36411ce29563b4961670c66f9,ascii94,2,14.0,400,[3441],200,0.1349845745,0.1391398935,0.004155318999999991,1.0307836581727343,0.3656359045,0.4638406915,0.09820478700000002,1.2685862788401296,0.21857287250000001,0.306626862,0.08805398949999999,1.4028587285002625,0.22075611699999997,0.302936436,0.082180319,1.3722674602036056,1.8496010635000002,2.0309175535,0.18131648999999994,1.0980300528465823,1.6665779255,1.704244149,0.03766622350000004,1.022600937480136
zh,NotoSerifSC-VF,050080d9255a86808f2945bffac582b31ef32bc36411ce29563b4961670c66f9,ascii94,2,15.0,400,[3441],200,0.1388406915,0.13925079750000002,0.0004101060000000212,1.0029537882271353,0.37913324449999997,0.457114362,0.07798111750000003,1.2056826158909946,0.23007553149999999,0.30198377649999997,0.07190824499999998,1.3125419053959677,0.2248449465,0.3024268615,0.07758191499999997,1.345046291711964,1.992364628,2.143639362,0.15127473400000002,1.0759272333357246,1.7916223405,1.8529920215,0.061369680999999954,1.0342536926520314
zh,NotoSerifSC-VF,050080d9255a86808f2945bffac582b31ef32bc36411ce29563b4961670c66f9,ascii94,2,16.0,400,[3441],200,0.14519069150000002,0.1383531915,-0.006837500000000024,0.9529067605549628,0.375786702,0.45799016000000004,0.08220345800000006,1.2187503111805167,0.226318617,0.3059175535,0.0795989365,1.351711836856974,0.226861702,0.3022715425,0.07540984049999999,1.3324044553804855,2.1052082445,2.2801085105,0.17490026599999986,1.0830797933919072,1.903069415,1.9416,0.03853058499999995,1.0202465473388946
zh,NotoSerifSC-VF,050080d9255a86808f2945bffac582b31ef32bc36411ce29563b4961670c66f9,cjk_demo_unique,1,11.0,400,[3441],200,0.133680952,0.1473214285,0.013640476499999998,1.102037547578207,0.6004952379999999,0.713292857,0.11279761900000007,1.1878409883410268,0.427332143,0.5432535715,0.11592142849999998,1.2712677489837219,0.423809524,0.5312011905,0.10739166650000004,1.2533960669085862,1.6270333335,1.868947619,0.24191428550000005,1.1486842835479008,1.255554762,1.2926583329999999,0.037103570999999835,1.02955153540328
zh,NotoSerifSC-VF,050080d9255a86808f2945bffac582b31ef32bc36411ce29563b4961670c66f9,cjk_demo_unique,1,12.0,400,[3441],200,0.133913889,0.147452778,0.013538888999999998,1.1011014548311713,0.3446777775,0.4515055555,0.10682777799999998,1.3099352060780884,0.203933333,0.284141667,0.08020833399999999,1.3933066400675165,0.20625,0.28935,0.08310000000000001,1.4029090909090909,0.7619222219999999,0.8678250000000001,0.10590277800000014,1.1389942108815407,0.531944444,0.5706027775,0.03865833350000003,1.0726736296168553
zh,NotoSerifSC-VF,050080d9255a86808f2945bffac582b31ef32bc36411ce29563b4961670c66f9,cjk_demo_unique,1,14.0,400,[3441],200,0.136563768,0.13743949300000002,0.0008757250000000216,1.006412572037409,0.6026869564999999,0.7374847824999999,0.134797826,1.2236614291153984,0.4563710145,0.57803442,0.12166340550000004,1.2665888096186266,0.46008442,0.569972826,0.109888406,1.2388440060630612,2.66567029,2.932261232,0.2665909420000001,1.1000089707268337,2.2057971015,2.2166818839999998,0.010884782499999801,1.0049346254433817
zh,NotoSerifSC-VF,050080d9255a86808f2945bffac582b31ef32bc36411ce29563b4961670c66f9,cjk_demo_unique,1,15.0,400,[3441],200,0.133984375,0.133334375,-0.0006499999999999839,0.9951486880466474,0.6484375,0.793096875,0.14465937500000003,1.223089156626506,0.5418000000000001,0.63854375,0.0967437499999999,1.1785598929494276,0.512759375,0.632684375,0.11992499999999995,1.2338816330759432,2.193096875,2.427734375,0.23463749999999983,1.1069891178427764,1.6615875,1.68606875,0.02448125000000001,1.0147336508008156
zh,NotoSerifSC-VF,050080d9255a86808f2945bffac582b31ef32bc36411ce29563b4961670c66f9,cjk_demo_unique,1,16.0,400,[3441],200,0.13583375,0.13796875,0.002134999999999998,1.0157177431971067,0.546145,0.6991149999999999,0.15296999999999994,1.2800904521692955,0.43510499999999996,0.53802125,0.10291625000000004,1.2365319865319866,0.4246875,0.51677125,0.09208375000000002,1.2168270787343636,1.8596362499999999,2.24234375,0.3827075,1.2057969670143824,1.49703125,1.5565625,0.059531250000000036,1.0397662039453084
zh,NotoSerifSC-VF,050080d9255a86808f2945bffac582b31ef32bc36411ce29563b4961670c66f9,cjk_demo_unique,2,11.0,400,[3441],200,0.132738095,0.1375988095,0.004860714500000002,1.0366188357607513,0.570883333,0.762202381,0.191319048,1.3351281022597308,0.43070476199999996,0.5511416665,0.1204369045,1.2796275201155078,0.43442380950000004,0.5689488094999999,0.1345249999999999,1.3096630457590053,2.575347619,3.254514286,0.6791666670000001,1.2637184440614344,2.2151785715,2.5273309525,0.31215238099999976,1.1409152223735295
zh,NotoSerifSC-VF,050080d9255a86808f2945bffac582b31ef32bc36411ce29563b4961670c66f9,cjk_demo_unique,2,12.0,400,[3441],200,0.133333333,0.1392388885,0.005905555499999993,1.0442916663607291,0.345025,0.4549777775,0.10995277749999999,1.3186806101007174,0.2050944445,0.26597222249999997,0.060877777999999966,1.2968280206146685,0.205902778,0.26215,0.056247221999999986,1.2731736917119203,1.0347222225000001,1.2768527779999999,0.24213055549999973,1.2340053690110049,0.8399305555000001,0.884722222,0.04479166649999988,1.0533278212189054
zh,NotoSerifSC-VF,050080d9255a86808f2945bffac582b31ef32bc36411ce29563b4961670c66f9,cjk_demo_unique,2,14.0,400,[3441],200,0.13451086950000002,0.1327597825,-0.0017510870000000123,0.9869818178522739,0.6049362315,0.717044565,0.11210833350000005,1.1853225640362393,0.4460902175,0.5716485505,0.12555833299999997,1.2814639910815797,0.4480525365,0.564990942,0.11693840550000001,1.2609926202259096,4.2303742755,4.6359905795,0.4056163039999996,1.0958818954505056,3.7745923914999997,3.8187199275,0.04412753600000041,1.011690675819559
zh,NotoSerifSC-VF,050080d9255a86808f2945bffac582b31ef32bc36411ce29563b4961670c66f9,cjk_demo_unique,2,15.0,400,[3441],200,0.1328125,0.133203125,0.00039062500000000555,1.0029411764705882,0.66445,0.791278125,0.12682812500000007,1.190876853036346,0.510415625,0.6382812499999999,0.12786562499999987,1.2505127561484817,0.528125,0.6408875,0.1127625000000001,1.2135147928994086,3.6868499999999997,4.2821625,0.5953125000000004,1.1614691403230402,3.170834375,3.480340625,0.3095062500000001,1.097610349011055
zh,NotoSerifSC-VF,050080d9255a86808f2945bffac582b31ef32bc36411ce29563b4961670c66f9,cjk_demo_unique,2,16.0,400,[3441],200,0.13369750000000002,0.13229125000000003,-0.0014062499999999978,0.9894818526898409,0.5564575,0.6903112499999999,0.13385374999999988,1.2405462232066238,0.422395,0.5322925000000001,0.10989750000000004,1.2601770854295151,0.42651125,0.50625125,0.07974000000000003,1.186958726176625,3.0680725000000004,3.6132299999999997,0.5451574999999993,1.1776872938954341,2.83182375,2.89812375,0.06630000000000003,1.0234124740284418
