cohort,locale,font,font_sha256,profile,dpr,weight,normalized_coords,nominal_default_weight,logical_sizes,cases,trials_per_case_per_kernel,builder_only_us_per_glyph,rebuild_and_outline_us_per_glyph,prepared_hinted_us_per_glyph,prepared_unhinted_us_per_glyph,native_render_us_per_glyph,geometry_reuse_us_per_glyph,hinting_increment_us_per_glyph,potential_saved_us_per_glyph,rebuild_increment_us_per_glyph
default,en,BabelStoneHan,d8bb747b3fdccd84a60bd0aa56bb90937270d0bd15f1101cd8f2a5a3709dd0a3,ascii94,1,default,[],,"[11.0, 12.0, 14.0, 15.0, 16.0]",5,6,0.14199893600000002,0.3459885635,0.199257713,0.1987034575,0.9335218085,0.727305053,0.00016622299999999313,0.19217633000000012,0.1467308505
default,en,BabelStoneHan,d8bb747b3fdccd84a60bd0aa56bb90937270d0bd15f1101cd8f2a5a3709dd0a3,ascii94,2,default,[],,"[11.0, 12.0, 14.0, 15.0, 16.0]",5,6,0.1344526595,0.343517021,0.20011090450000002,0.199468085,1.4419106385,1.25838883,0.003734574500000004,0.1835218085000001,0.14340611649999996
default,en,BabelStoneHan,d8bb747b3fdccd84a60bd0aa56bb90937270d0bd15f1101cd8f2a5a3709dd0a3,demo_unique,1,default,[],,"[11.0, 12.0, 14.0, 15.0, 16.0]",5,6,0.138636364,0.36350277799999997,0.215123148,0.219637963,0.771064815,0.5372159089999999,-0.0014181815000000042,0.20111048300000012,0.14837962999999998
default,en,BabelStoneHan,d8bb747b3fdccd84a60bd0aa56bb90937270d0bd15f1101cd8f2a5a3709dd0a3,demo_unique,2,default,[],,"[11.0, 12.0, 14.0, 15.0, 16.0]",5,6,0.13802124999999998,0.3640459675,0.215277778,0.21742272750000002,1.138825,0.903313636,-0.001038889000000015,0.21901125,0.151814516
default,en,NanumMyeongjo-Regular,7ed9e8653a8ed04285d51dc343ffea6eb3d9c73afc27383ea8929ee4ffd03205,ascii94,1,default,[],,"[11.0, 12.0, 14.0, 15.0, 16.0]",5,6,0.13052952099999998,1.6953898935,1.549556915,0.2435617025,2.464151064,0.9005098405,1.305219415,1.5582449465000003,0.14986702099999993
default,en,NanumMyeongjo-Regular,7ed9e8653a8ed04285d51dc343ffea6eb3d9c73afc27383ea8929ee4ffd03205,ascii94,2,default,[],,"[11.0, 12.0, 14.0, 15.0, 16.0]",5,6,0.130817819,1.7078013295,1.5493130315,0.24321808550000001,3.1330784575,1.515492287,1.3065382975,1.6189712769999998,0.15087526600000012
default,en,NanumMyeongjo-Regular,7ed9e8653a8ed04285d51dc343ffea6eb3d9c73afc27383ea8929ee4ffd03205,demo_unique,1,default,[],,"[11.0, 12.0, 14.0, 15.0, 16.0]",5,6,0.1297444445,1.8017475805,1.660920161,0.2634648145,2.3849120965,0.6592795455,1.3927419355,1.6566193544999999,0.1408274195000001
default,en,NanumMyeongjo-Regular,7ed9e8653a8ed04285d51dc343ffea6eb3d9c73afc27383ea8929ee4ffd03205,demo_unique,2,default,[],,"[11.0, 12.0, 14.0, 15.0, 16.0]",5,6,0.13098055549999998,1.8164731485,1.659341129,0.267876613,2.8676136365,1.0738636365,1.391464516,1.676145,0.14467500049999993
weights,en,NotoSansSC-VF,a3041811a78c361b1de50f953c805e0244951c21c5bd412f7232ef0d899af0da,ascii94,1,300,[2621],100,"[11.0, 12.0, 14.0, 15.0, 16.0]",5,6,0.14041436200000001,0.40904255300000003,0.252426862,0.253956117,0.9312276595,0.694293085,-0.0018170215000000156,0.23164867,0.153324468
weights,en,NotoSansSC-VF,a3041811a78c361b1de50f953c805e0244951c21c5bd412f7232ef0d899af0da,ascii94,1,400,[6390],100,"[11.0, 12.0, 14.0, 15.0, 16.0]",5,6,0.140757979,0.418694681,0.259574468,0.256382979,0.9425643615,0.717519947,0.0018946810000000092,0.2250444145,0.15354627699999995
default,en,NotoSansSC-VF,a3041811a78c361b1de50f953c805e0244951c21c5bd412f7232ef0d899af0da,ascii94,1,default,[],100,"[11.0, 12.0, 14.0, 15.0, 16.0]",5,6,0.1377547875,0.3245787235,0.175642819,0.175,0.8299202125,0.6626776594999999,-0.0012521279999999635,0.15519733999999996,0.14882553199999998
weights,en,NotoSansSC-VF,a3041811a78c361b1de50f953c805e0244951c21c5bd412f7232ef0d899af0da,ascii94,2,300,[2621],100,"[11.0, 12.0, 14.0, 15.0, 16.0]",5,6,0.1399268615,0.40443244700000003,0.2513297875,0.2504654255,1.3920875,1.1820034575,0.0005430849999999987,0.2100840424999999,0.15167313849999997
weights,en,NotoSansSC-VF,a3041811a78c361b1de50f953c805e0244951c21c5bd412f7232ef0d899af0da,ascii94,2,400,[6390],100,"[11.0, 12.0, 14.0, 15.0, 16.0]",5,6,0.1400154255,0.40785664899999996,0.2565712765,0.2516289895,1.3961324465,1.224357447,0.0035906915000000206,0.17177499949999997,0.1507869685
default,en,NotoSansSC-VF,a3041811a78c361b1de50f953c805e0244951c21c5bd412f7232ef0d899af0da,ascii94,2,default,[],100,"[11.0, 12.0, 14.0, 15.0, 16.0]",5,6,0.1390292555,0.327194149,0.179055851,0.17721648950000002,1.274313032,1.096487234,0.001041755500000019,0.16867260649999993,0.148958245
weights,en,NotoSansSC-VF,a3041811a78c361b1de50f953c805e0244951c21c5bd412f7232ef0d899af0da,demo_unique,1,300,[2621],100,"[11.0, 12.0, 14.0, 15.0, 16.0]",5,6,0.137924074,0.4232977275,0.25539999999999996,0.25698,0.8339977270000001,0.5613416665,-0.003729032000000021,0.26765625,0.16909722249999998
weights,en,NotoSansSC-VF,a3041811a78c361b1de50f953c805e0244951c21c5bd412f7232ef0d899af0da,demo_unique,1,400,[6390],100,"[11.0, 12.0, 14.0, 15.0, 16.0]",5,6,0.1452075,0.40817749999999997,0.2673295455,0.26286375,0.831136111,0.5434027779999999,0.004511111499999998,0.28760375000000005,0.1356775
default,en,NotoSansSC-VF,a3041811a78c361b1de50f953c805e0244951c21c5bd412f7232ef0d899af0da,demo_unique,1,default,[],100,"[11.0, 12.0, 14.0, 15.0, 16.0]",5,6,0.13843875,0.337432258,0.1797074075,0.18222419350000002,0.7288194445,0.5451,-0.004686250000000003,0.1837194445,0.160225
weights,en,NotoSansSC-VF,a3041811a78c361b1de50f953c805e0244951c21c5bd412f7232ef0d899af0da,demo_unique,2,300,[2621],100,"[11.0, 12.0, 14.0, 15.0, 16.0]",5,6,0.1342583335,0.4055886365,0.253549074,0.2623113635,1.1800916665,0.909812097,-0.006251249999999986,0.26067625000000005,0.152922581
weights,en,NotoSansSC-VF,a3041811a78c361b1de50f953c805e0244951c21c5bd412f7232ef0d899af0da,demo_unique,2,400,[6390],100,"[11.0, 12.0, 14.0, 15.0, 16.0]",5,6,0.1375777775,0.41532258050000004,0.269211111,0.25661375,1.1763112905000002,0.983568548,0.003005554999999993,0.25219722200000017,0.15568181799999997
default,en,NotoSansSC-VF,a3041811a78c361b1de50f953c805e0244951c21c5bd412f7232ef0d899af0da,demo_unique,2,default,[],100,"[11.0, 12.0, 14.0, 15.0, 16.0]",5,6,0.13904351850000002,0.3351483875,0.183565741,0.1795916665,1.0311333335000001,0.851545968,0.003974074500000008,0.19340277800000016,0.15547741999999998
weights,en,NotoSerifSC-VF,050080d9255a86808f2945bffac582b31ef32bc36411ce29563b4961670c66f9,ascii94,1,300,[1556],200,"[11.0, 12.0, 14.0, 15.0, 16.0]",5,6,0.137234043,0.4550422875,0.301961436,0.2968638295,1.211968085,0.9444260634999999,0.008876063499999975,0.27329335050000014,0.15308085149999995
weights,en,NotoSerifSC-VF,050080d9255a86808f2945bffac582b31ef32bc36411ce29563b4961670c66f9,ascii94,1,400,[3441],200,"[11.0, 12.0, 14.0, 15.0, 16.0]",5,6,0.140281383,0.45121914900000004,0.3002215425,0.2948694145,1.2196587765,0.962899202,0.007568617,0.2565045215,0.15140744700000003
default,en,NotoSerifSC-VF,050080d9255a86808f2945bffac582b31ef32bc36411ce29563b4961670c66f9,ascii94,1,default,[],200,"[11.0, 12.0, 14.0, 15.0, 16.0]",5,6,0.1389848405,0.3703789895,0.22414654299999998,0.2202460105,1.094425798,0.892586436,0.002648403999999993,0.20183936200000008,0.1462324465
weights,en,NotoSerifSC-VF,050080d9255a86808f2945bffac582b31ef32bc36411ce29563b4961670c66f9,ascii94,2,300,[1556],200,"[11.0, 12.0, 14.0, 15.0, 16.0]",5,6,0.13646941499999998,0.4511082445,0.296032713,0.292397872,1.9084441490000001,1.689483511,0.0075023935000000375,0.24984468100000012,0.15226037249999996
weights,en,NotoSerifSC-VF,050080d9255a86808f2945bffac582b31ef32bc36411ce29563b4961670c66f9,ascii94,2,400,[3441],200,"[11.0, 12.0, 14.0, 15.0, 16.0]",5,6,0.13774361699999998,0.44968962749999997,0.29943484,0.295323404,1.9827015955,1.7289784575,0.005829254999999978,0.24266409550000034,0.15002180850000002
default,en,NotoSerifSC-VF,050080d9255a86808f2945bffac582b31ef32bc36411ce29563b4961670c66f9,ascii94,2,default,[],200,"[11.0, 12.0, 14.0, 15.0, 16.0]",5,6,0.137555319,0.3736704785,0.2213319145,0.220400798,1.803058245,1.5964981379999998,-0.002260372999999982,0.1896832445000003,0.15326941500000002
weights,en,NotoSerifSC-VF,050080d9255a86808f2945bffac582b31ef32bc36411ce29563b4961670c66f9,demo_unique,1,300,[1556],200,"[11.0, 12.0, 14.0, 15.0, 16.0]",5,6,0.13240740750000002,0.45138888899999996,0.3059796295,0.294212963,1.0521169355,0.7049227275000001,0.011766666500000023,0.2728830645,0.147479839
weights,en,NotoSerifSC-VF,050080d9255a86808f2945bffac582b31ef32bc36411ce29563b4961670c66f9,demo_unique,1,400,[3441],200,"[11.0, 12.0, 14.0, 15.0, 16.0]",5,6,0.14015624999999998,0.46152580649999997,0.310262963,0.3077555555,1.0717795455,0.736740909,0.002507407500000003,0.3127694445,0.13974000000000003
default,en,NotoSerifSC-VF,050080d9255a86808f2945bffac582b31ef32bc36411ce29563b4961670c66f9,demo_unique,1,default,[],200,"[11.0, 12.0, 14.0, 15.0, 16.0]",5,6,0.13724,0.3739241935,0.236145,0.231887903,0.9628795455,0.6960227274999999,-0.012036111000000016,0.257294445,0.1422709675
weights,en,NotoSerifSC-VF,050080d9255a86808f2945bffac582b31ef32bc36411ce29563b4961670c66f9,demo_unique,2,300,[1556],200,"[11.0, 12.0, 14.0, 15.0, 16.0]",5,6,0.141087963,0.46462222249999996,0.309182407,0.305870455,1.5016090910000002,1.2267045455,0.002892592500000013,0.2749045455000001,0.15036935499999998
weights,en,NotoSerifSC-VF,050080d9255a86808f2945bffac582b31ef32bc36411ce29563b4961670c66f9,demo_unique,2,400,[3441],200,"[11.0, 12.0, 14.0, 15.0, 16.0]",5,6,0.1413583335,0.4574462965,0.302276852,0.3062830645,1.5701704545,1.2412863635,0.005468750000000022,0.22280277749999988,0.15180000000000005
default,en,NotoSerifSC-VF,050080d9255a86808f2945bffac582b31ef32bc36411ce29563b4961670c66f9,demo_unique,2,default,[],200,"[11.0, 12.0, 14.0, 15.0, 16.0]",5,6,0.136962903,0.3734962965,0.234071774,0.2430774195,1.3963999999999999,1.1360795455,-0.009005645499999992,0.20853467700000006,0.14814999999999998
default,en,Rye-Regular,b7edee5e615ae1b6b07e9d030c1309152bf3672a0e8a2a46293e273730f5adba,ascii94,1,default,[],,"[11.0, 12.0, 14.0, 15.0, 16.0]",5,6,0.118694681,17.473016489000003,17.2914010635,0.4328901595,19.510649468,1.992043617,16.8511085105,17.5515404255,0.1258861704999994
default,en,Rye-Regular,b7edee5e615ae1b6b07e9d030c1309152bf3672a0e8a2a46293e273730f5adba,ascii94,2,default,[],,"[11.0, 12.0, 14.0, 15.0, 16.0]",5,6,0.121309574,17.765171011,17.6881539895,0.4341534575,21.421486968,3.5079231379999998,17.254000532000003,17.91356383,0.1178194149999996
default,en,Rye-Regular,b7edee5e615ae1b6b07e9d030c1309152bf3672a0e8a2a46293e273730f5adba,demo_unique,1,default,[],,"[11.0, 12.0, 14.0, 15.0, 16.0]",5,6,0.11817954550000001,18.867900925999997,18.624322499999998,0.46875,20.8465277775,1.646761111,18.185937499999998,18.66547037,0.1633545455000025
default,en,Rye-Regular,b7edee5e615ae1b6b07e9d030c1309152bf3672a0e8a2a46293e273730f5adba,demo_unique,2,default,[],,"[11.0, 12.0, 14.0, 15.0, 16.0]",5,6,0.11880125,19.369752778,19.070525,0.47118055550000004,22.2207166665,2.5074840905,18.5993444445,19.279937963000002,0.19791363599999912
default,en,Vollkorn-Medium,b704817fe4433aa674c54f87141f2541d88d7d48342d98ec727a5eed4873a892,ascii94,1,default,[],,"[11.0, 12.0, 14.0, 15.0, 16.0]",5,6,0.136857181,12.152537500000001,11.961458244500001,0.249556383,12.928357713,0.97400266,11.713730053,11.9379101065,0.1746234040000001
default,en,Vollkorn-Medium,b704817fe4433aa674c54f87141f2541d88d7d48342d98ec727a5eed4873a892,ascii94,2,default,[],,"[11.0, 12.0, 14.0, 15.0, 16.0]",5,6,0.13540558549999998,12.467486968,12.169614628,0.25257101049999997,13.828834042499999,1.546143351,11.918495213,12.264239893500001,0.2662013305000013
default,en,Vollkorn-Medium,b704817fe4433aa674c54f87141f2541d88d7d48342d98ec727a5eed4873a892,demo_unique,1,default,[],,"[11.0, 12.0, 14.0, 15.0, 16.0]",5,6,0.1397524195,14.6538983875,14.4741935485,0.24754090899999998,15.4253795455,0.7019262500000001,14.2047709675,14.501042742000001,0.17111818199999718
default,en,Vollkorn-Medium,b704817fe4433aa674c54f87141f2541d88d7d48342d98ec727a5eed4873a892,demo_unique,2,default,[],,"[11.0, 12.0, 14.0, 15.0, 16.0]",5,6,0.131597222,14.903091129,14.6977491935,0.25470648149999997,16.230947581,1.0978227275,14.4306451615,14.790254839,0.2391194445
default,ko,NanumMyeongjo-Regular,7ed9e8653a8ed04285d51dc343ffea6eb3d9c73afc27383ea8929ee4ffd03205,ascii94,1,default,[],,"[11.0, 12.0, 14.0, 15.0, 16.0]",5,6,0.131482447,1.7057848405,1.5532026595000001,0.248126862,2.4902372340000003,0.900343617,1.3003768615,1.603579521,0.15258218099999987
default,ko,NanumMyeongjo-Regular,7ed9e8653a8ed04285d51dc343ffea6eb3d9c73afc27383ea8929ee4ffd03205,ascii94,2,default,[],,"[11.0, 12.0, 14.0, 15.0, 16.0]",5,6,0.1334220745,1.6999335105000002,1.5498226065,0.2510529255,3.182225266,1.5414452129999998,1.2967085105,1.662677128,0.15367898900000032
default,ko,NanumMyeongjo-Regular,7ed9e8653a8ed04285d51dc343ffea6eb3d9c73afc27383ea8929ee4ffd03205,cjk_demo_unique,1,default,[],,"[11.0, 12.0, 14.0, 15.0, 16.0]",5,6,0.12939722199999998,2.559982292,2.35143125,0.403933333,3.6760427079999998,1.254747222,1.9409708330000002,2.4497843745,0.13757060800000032
default,ko,NanumMyeongjo-Regular,7ed9e8653a8ed04285d51dc343ffea6eb3d9c73afc27383ea8929ee4ffd03205,cjk_demo_unique,2,default,[],,"[11.0, 12.0, 14.0, 15.0, 16.0]",5,6,0.130897973,2.5313364585,2.395746875,0.4123511905,4.45933125,2.2236111110000003,1.9560760414999998,2.5014322915,0.13558958350000028
default,zh,BabelStoneHan,d8bb747b3fdccd84a60bd0aa56bb90937270d0bd15f1101cd8f2a5a3709dd0a3,ascii94,1,default,[],,"[11.0, 12.0, 14.0, 15.0, 16.0]",5,6,0.1385635635,0.350775532,0.2035904255,0.209629787,0.9724843085,0.785350266,-0.0005210110000000157,0.18820904249999992,0.14787234050000003
default,zh,BabelStoneHan,d8bb747b3fdccd84a60bd0aa56bb90937270d0bd15f1101cd8f2a5a3709dd0a3,ascii94,2,default,[],,"[11.0, 12.0, 14.0, 15.0, 16.0]",5,6,0.1368904255,0.345168351,0.20207207449999998,0.208156117,1.4651375,1.2887297875,-0.006084042500000025,0.17861249999999984,0.14486914899999997
default,zh,BabelStoneHan,d8bb747b3fdccd84a60bd0aa56bb90937270d0bd15f1101cd8f2a5a3709dd0a3,cjk_demo_unique,1,default,[],,"[11.0, 12.0, 14.0, 15.0, 16.0]",5,6,0.13229125000000003,0.6371535715000001,0.5319940475,0.5014380955,2.2620825,1.8781249999999998,-0.008984374999999933,0.4346726190000001,0.14233115949999986
default,zh,BabelStoneHan,d8bb747b3fdccd84a60bd0aa56bb90937270d0bd15f1101cd8f2a5a3709dd0a3,cjk_demo_unique,2,default,[],,"[11.0, 12.0, 14.0, 15.0, 16.0]",5,6,0.13905937499999999,0.652479762,0.5149797620000001,0.512747619,3.92922,3.542865,-0.00026250000000005436,0.386355,0.1472677535
weights,zh,NotoSansSC-VF,a3041811a78c361b1de50f953c805e0244951c21c5bd412f7232ef0d899af0da,ascii94,1,300,[2621],100,"[11.0, 12.0, 14.0, 15.0, 16.0]",5,6,0.1375,0.4108598405,0.257513032,0.25531888300000005,0.9285904254999999,0.6626220745,0.002194148999999923,0.26596835099999994,0.15005531900000002
weights,zh,NotoSansSC-VF,a3041811a78c361b1de50f953c805e0244951c21c5bd412f7232ef0d899af0da,ascii94,1,400,[6390],100,"[11.0, 12.0, 14.0, 15.0, 16.0]",5,6,0.137366755,0.40873218099999997,0.2589207445,0.257901064,0.944436968,0.6788343084999999,0.0010196805000000086,0.26560265950000006,0.15028803199999996
default,zh,NotoSansSC-VF,a3041811a78c361b1de50f953c805e0244951c21c5bd412f7232ef0d899af0da,ascii94,1,default,[],100,"[11.0, 12.0, 14.0, 15.0, 16.0]",5,6,0.1387744685,0.3296875,0.183621277,0.17989813799999999,0.8428856385,0.674767287,0.004155585499999975,0.16811835149999999,0.14669760649999997
weights,zh,NotoSansSC-VF,a3041811a78c361b1de50f953c805e0244951c21c5bd412f7232ef0d899af0da,ascii94,2,300,[2621],100,"[11.0, 12.0, 14.0, 15.0, 16.0]",5,6,0.1382643615,0.41094840450000003,0.2576906915,0.25498643600000004,1.4278481385,1.1909353725,0.0022499999999999742,0.2684284570000002,0.15371196850000002
weights,zh,NotoSansSC-VF,a3041811a78c361b1de50f953c805e0244951c21c5bd412f7232ef0d899af0da,ascii94,2,400,[6390],100,"[11.0, 12.0, 14.0, 15.0, 16.0]",5,6,0.140724468,0.409773936,0.25960771299999996,0.2573026595,1.479144415,1.200842287,0.0012632980000000238,0.29675345749999993,0.15227154249999997
default,zh,NotoSansSC-VF,a3041811a78c361b1de50f953c805e0244951c21c5bd412f7232ef0d899af0da,ascii94,2,default,[],100,"[11.0, 12.0, 14.0, 15.0, 16.0]",5,6,0.13692367,0.32762633,0.1793659575,0.181338564,1.26306516,1.125199468,-0.0019726065000000015,0.15049866999999995,0.14664228749999997
weights,zh,NotoSansSC-VF,a3041811a78c361b1de50f953c805e0244951c21c5bd412f7232ef0d899af0da,cjk_demo_unique,1,300,[2621],100,"[11.0, 12.0, 14.0, 15.0, 16.0]",5,6,0.13424375,0.6011916665,0.4545894925,0.4248011905,1.5295312499999998,1.1305725,0.007943750000000027,0.44101250000000003,0.14941086999999997
weights,zh,NotoSansSC-VF,a3041811a78c361b1de50f953c805e0244951c21c5bd412f7232ef0d899af0da,cjk_demo_unique,1,400,[6390],100,"[11.0, 12.0, 14.0, 15.0, 16.0]",5,6,0.135160145,0.5799119045,0.4481142855,0.4581845235,1.6243237499999998,1.14239625,0.004747221999999995,0.5070281250000002,0.152868116
default,zh,NotoSansSC-VF,a3041811a78c361b1de50f953c805e0244951c21c5bd412f7232ef0d899af0da,cjk_demo_unique,1,default,[],100,"[11.0, 12.0, 14.0, 15.0, 16.0]",5,6,0.13385312500000002,0.49929058000000004,0.3527322465,0.3543177535,1.3596738094999998,1.03562625,-0.001585506999999986,0.31682125000000005,0.14309375000000002
weights,zh,NotoSansSC-VF,a3041811a78c361b1de50f953c805e0244951c21c5bd412f7232ef0d899af0da,cjk_demo_unique,2,300,[2621],100,"[11.0, 12.0, 14.0, 15.0, 16.0]",5,6,0.133680435,0.604464286,0.431597619,0.4569293475,2.7205725,2.1283849999999997,-0.001389130500000002,0.5522156250000001,0.1489739134999999
weights,zh,NotoSansSC-VF,a3041811a78c361b1de50f953c805e0244951c21c5bd412f7232ef0d899af0da,cjk_demo_unique,2,400,[6390],100,"[11.0, 12.0, 14.0, 15.0, 16.0]",5,6,0.13424375,0.5873011905000001,0.45545595250000004,0.4433535715,3.04599,2.42859375,0.012102381000000051,0.6173962500000001,0.13843586949999998
default,zh,NotoSansSC-VF,a3041811a78c361b1de50f953c805e0244951c21c5bd412f7232ef0d899af0da,cjk_demo_unique,2,default,[],100,"[11.0, 12.0, 14.0, 15.0, 16.0]",5,6,0.1348388885,0.4701392855,0.346527381,0.328125,2.1988025,1.9667175000000001,-0.002053260999999973,0.3188500000000001,0.14114499999999996
weights,zh,NotoSerifSC-VF,050080d9255a86808f2945bffac582b31ef32bc36411ce29563b4961670c66f9,ascii94,1,300,[1556],200,"[11.0, 12.0, 14.0, 15.0, 16.0]",5,6,0.1389071805,0.4627106385,0.3064162235,0.30359042550000004,1.2581119680000001,0.9037787235,0.004332978999999959,0.33593750050000004,0.153313564
weights,zh,NotoSerifSC-VF,050080d9255a86808f2945bffac582b31ef32bc36411ce29563b4961670c66f9,ascii94,1,400,[3441],200,"[11.0, 12.0, 14.0, 15.0, 16.0]",5,6,0.1404034575,0.4646718085,0.302382447,0.2996231385,1.237367021,0.9478279255,0.0027593085000000017,0.3264180849999998,0.156781915
default,zh,NotoSerifSC-VF,050080d9255a86808f2945bffac582b31ef32bc36411ce29563b4961670c66f9,ascii94,1,default,[],200,"[11.0, 12.0, 14.0, 15.0, 16.0]",5,6,0.1373117025,0.37917765999999997,0.22175319100000002,0.2300976065,1.1205896279999998,0.9076571805,-0.0038449469999999875,0.21549202099999976,0.14980053249999997
weights,zh,NotoSerifSC-VF,050080d9255a86808f2945bffac582b31ef32bc36411ce29563b4961670c66f9,ascii94,2,300,[1556],200,"[11.0, 12.0, 14.0, 15.0, 16.0]",5,6,0.1417885635,0.4531585105,0.30448803199999996,0.3015183515,2.0071585105,1.665525266,0.0024824469999999987,0.3416332445000001,0.152393883
weights,zh,NotoSerifSC-VF,050080d9255a86808f2945bffac582b31ef32bc36411ce29563b4961670c66f9,ascii94,2,400,[3441],200,"[11.0, 12.0, 14.0, 15.0, 16.0]",5,6,0.1391398935,0.461148138,0.306626862,0.3024268615,2.0309175535,1.704244149,0.0036904260000000244,0.32412473349999993,0.15405585099999997
default,zh,NotoSerifSC-VF,050080d9255a86808f2945bffac582b31ef32bc36411ce29563b4961670c66f9,ascii94,2,default,[],200,"[11.0, 12.0, 14.0, 15.0, 16.0]",5,6,0.1388406915,0.374678457,0.2251220745,0.2248449465,1.8496010635000002,1.6665779255,-0.0005430849999999987,0.2007422875,0.14905771299999998
weights,zh,NotoSerifSC-VF,050080d9255a86808f2945bffac582b31ef32bc36411ce29563b4961670c66f9,cjk_demo_unique,1,300,[1556],200,"[11.0, 12.0, 14.0, 15.0, 16.0]",5,6,0.138125,0.707739286,0.5670141305,0.560911905,2.08161375,1.50724,0.0005805554999999685,0.5894833335,0.161688889
weights,zh,NotoSerifSC-VF,050080d9255a86808f2945bffac582b31ef32bc36411ce29563b4961670c66f9,cjk_demo_unique,1,400,[3441],200,"[11.0, 12.0, 14.0, 15.0, 16.0]",5,6,0.13796875,0.713292857,0.5432535715,0.5312011905,2.24234375,1.5565625,0.00806159400000006,0.6857812499999998,0.16109374999999992
default,zh,NotoSerifSC-VF,050080d9255a86808f2945bffac582b31ef32bc36411ce29563b4961670c66f9,cjk_demo_unique,1,default,[],200,"[11.0, 12.0, 14.0, 15.0, 16.0]",5,6,0.133984375,0.6004952379999999,0.43510499999999996,0.4246875,1.8596362499999999,1.49703125,0.0035226190000000046,0.37147857149999997,0.1407444445
weights,zh,NotoSerifSC-VF,050080d9255a86808f2945bffac582b31ef32bc36411ce29563b4961670c66f9,cjk_demo_unique,2,300,[1556],200,"[11.0, 12.0, 14.0, 15.0, 16.0]",5,6,0.1357142855,0.699454762,0.5584309525,0.559314855,3.6355725,2.852395,0.005078125000000044,0.7831774999999999,0.1536684785000001
weights,zh,NotoSerifSC-VF,050080d9255a86808f2945bffac582b31ef32bc36411ce29563b4961670c66f9,cjk_demo_unique,2,400,[3441],200,"[11.0, 12.0, 14.0, 15.0, 16.0]",5,6,0.133203125,0.717044565,0.5511416665,0.564990942,3.6132299999999997,2.89812375,0.003822222499999972,0.7271833335000002,0.15801874999999987
default,zh,NotoSerifSC-VF,050080d9255a86808f2945bffac582b31ef32bc36411ce29563b4961670c66f9,cjk_demo_unique,2,default,[],200,"[11.0, 12.0, 14.0, 15.0, 16.0]",5,6,0.133333333,0.570883333,0.43070476199999996,0.43442380950000004,3.0680725000000004,2.83182375,-0.0037190475000000722,0.3601690474999999,0.14017857100000009
