locale,font,font_sha256,profile,dpr,weight,normalized_coords,nominal_default_weight,logical_sizes,cases,builder_only_default_us_per_glyph,builder_only_weighted_us_per_glyph,builder_only_increment_us_per_glyph,builder_only_ratio_to_default,rebuild_and_outline_default_us_per_glyph,rebuild_and_outline_weighted_us_per_glyph,rebuild_and_outline_increment_us_per_glyph,rebuild_and_outline_ratio_to_default,prepared_hinted_default_us_per_glyph,prepared_hinted_weighted_us_per_glyph,prepared_hinted_increment_us_per_glyph,prepared_hinted_ratio_to_default,prepared_unhinted_default_us_per_glyph,prepared_unhinted_weighted_us_per_glyph,prepared_unhinted_increment_us_per_glyph,prepared_unhinted_ratio_to_default,native_render_default_us_per_glyph,native_render_weighted_us_per_glyph,native_render_increment_us_per_glyph,native_render_ratio_to_default,geometry_reuse_default_us_per_glyph,geometry_reuse_weighted_us_per_glyph,geometry_reuse_increment_us_per_glyph,geometry_reuse_ratio_to_default
en,NotoSansSC-VF,a3041811a78c361b1de50f953c805e0244951c21c5bd412f7232ef0d899af0da,ascii94,1,300,[2621],100,"[11.0, 12.0, 14.0, 15.0, 16.0]",5,0.1377547875,0.14041436200000001,0.0026595745000000115,1.0193065848981837,0.3245787235,0.40904255300000003,0.08244654250000005,1.252441976782812,0.175642819,0.252426862,0.07836861749999996,1.4507738926518574,0.175,0.253956117,0.07907765950000001,1.455041726426468,0.8299202125,0.9312276595,0.08527260650000001,1.1121883527214007,0.6626776594999999,0.694293085,0.03161542550000007,1.0477086031900553
en,NotoSansSC-VF,a3041811a78c361b1de50f953c805e0244951c21c5bd412f7232ef0d899af0da,ascii94,1,400,[6390],100,"[11.0, 12.0, 14.0, 15.0, 16.0]",5,0.1377547875,0.140757979,0.004332713000000016,1.0317588752218376,0.3245787235,0.418694681,0.09209867050000003,1.281995699699461,0.175642819,0.259574468,0.08724494700000002,1.5062681454328422,0.175,0.256382979,0.08107260650000003,1.4624518523568824,0.8299202125,0.9425643615,0.11264414899999997,1.1357288897214322,0.6626776594999999,0.717519947,0.05492021300000005,1.0827586183324476
en,NotoSansSC-VF,a3041811a78c361b1de50f953c805e0244951c21c5bd412f7232ef0d899af0da,ascii94,2,300,[2621],100,"[11.0, 12.0, 14.0, 15.0, 16.0]",5,0.1390292555,0.1399268615,0.0023494684999999793,1.0171561994027494,0.327194149,0.40443244700000003,0.07723829800000004,1.2360625892488073,0.179055851,0.2513297875,0.072307181,1.4038247317592543,0.17721648950000002,0.2504654255,0.07350372300000002,1.4168174869409185,1.274313032,1.3920875,0.1248449469999997,1.1049187350626521,1.096487234,1.1820034575,0.06071595750000025,1.0629988272613176
en,NotoSansSC-VF,a3041811a78c361b1de50f953c805e0244951c21c5bd412f7232ef0d899af0da,ascii94,2,400,[6390],100,"[11.0, 12.0, 14.0, 15.0, 16.0]",5,0.1390292555,0.1400154255,-0.0008864360000000182,0.9936634993146255,0.327194149,0.40785664899999996,0.08016409600000002,1.2450046745793124,0.179055851,0.2565712765,0.07751542550000001,1.4332513991275406,0.17721648950000002,0.2516289895,0.0772382975,1.432471080323297,1.274313032,1.3961324465,0.15410000000000013,1.143223282272744,1.096487234,1.224357447,0.127870213,1.116618059048009
en,NotoSansSC-VF,a3041811a78c361b1de50f953c805e0244951c21c5bd412f7232ef0d899af0da,demo_unique,1,300,[2621],100,"[11.0, 12.0, 14.0, 15.0, 16.0]",5,0.13843875,0.137924074,0.003225807000000025,1.0242976503463097,0.337432258,0.4232977275,0.08040967750000005,1.2463183547408974,0.1797074075,0.25539999999999996,0.07332016149999998,1.4252591321427954,0.18222419350000002,0.25698,0.06723790299999999,1.3697896043510285,0.7288194445,0.8339977270000001,0.11229250000000002,1.1790621855618169,0.5451,0.5613416665,0.025733333499999955,1.0472084635846632
en,NotoSansSC-VF,a3041811a78c361b1de50f953c805e0244951c21c5bd412f7232ef0d899af0da,demo_unique,1,400,[6390],100,"[11.0, 12.0, 14.0, 15.0, 16.0]",5,0.13843875,0.1452075,0.00676874999999999,1.048893463715903,0.337432258,0.40817749999999997,0.07785648099999998,1.2416818986924978,0.1797074075,0.2673295455,0.08479814799999999,1.4718678499660622,0.18222419350000002,0.26286375,0.07399537049999999,1.4114007143152727,0.7288194445,0.831136111,0.1209008064999999,1.1825657875749502,0.5451,0.5434027779999999,0.015393518499999925,1.0282398064575307
en,NotoSansSC-VF,a3041811a78c361b1de50f953c805e0244951c21c5bd412f7232ef0d899af0da,demo_unique,2,300,[2621],100,"[11.0, 12.0, 14.0, 15.0, 16.0]",5,0.13904351850000002,0.1342583335,-0.00043709650000001155,0.9967488083359227,0.3351483875,0.4055886365,0.06817875000000007,1.2056612168562038,0.183565741,0.253549074,0.06790967749999999,1.377966893844438,0.1795916665,0.2623113635,0.07958499999999999,1.395503008908713,1.0311333335000001,1.1800916665,0.12781574100000004,1.1234810036978176,0.851545968,0.909812097,0.03625124999999996,1.062133904659882
en,NotoSansSC-VF,a3041811a78c361b1de50f953c805e0244951c21c5bd412f7232ef0d899af0da,demo_unique,2,400,[6390],100,"[11.0, 12.0, 14.0, 15.0, 16.0]",5,0.13904351850000002,0.1375777775,-0.0014657410000000204,0.9894584011120229,0.3351483875,0.41532258050000004,0.08017419300000006,1.239219987295926,0.183565741,0.269211111,0.07329545500000001,1.3813287753348353,0.1795916665,0.25661375,0.07654351849999999,1.4262086320135572,1.0311333335000001,1.1763112905000002,0.17728548400000022,1.169891274580929,0.851545968,0.983568548,0.08892592550000011,1.087663631494376
en,NotoSerifSC-VF,050080d9255a86808f2945bffac582b31ef32bc36411ce29563b4961670c66f9,ascii94,1,300,[1556],200,"[11.0, 12.0, 14.0, 15.0, 16.0]",5,0.1389848405,0.137234043,-0.0014630325000000166,0.9893931229973756,0.3703789895,0.4550422875,0.08451914949999995,1.2319447003424533,0.22414654299999998,0.301961436,0.07920026550000003,1.3533414543895064,0.2202460105,0.2968638295,0.07220744650000005,1.3217003835290388,1.094425798,1.211968085,0.11754228700000002,1.1074008737867855,0.892586436,0.9444260634999999,0.05183962749999993,1.0532462152738271
en,NotoSerifSC-VF,050080d9255a86808f2945bffac582b31ef32bc36411ce29563b4961670c66f9,ascii94,1,400,[3441],200,"[11.0, 12.0, 14.0, 15.0, 16.0]",5,0.1389848405,0.140281383,-0.0010305855000000141,0.9925849071287741,0.3703789895,0.45121914900000004,0.08303404249999996,1.2283459204644867,0.22414654299999998,0.3002215425,0.075531915,1.3327315272881943,0.2202460105,0.2948694145,0.07450132999999998,1.3392700386734133,1.094425798,1.2196587765,0.12523297849999993,1.1104931818614538,0.892586436,0.962899202,0.07031276600000003,1.0787741815964589
en,NotoSerifSC-VF,050080d9255a86808f2945bffac582b31ef32bc36411ce29563b4961670c66f9,ascii94,2,300,[1556],200,"[11.0, 12.0, 14.0, 15.0, 16.0]",5,0.137555319,0.13646941499999998,0.0002662235000000235,1.0018640602598747,0.3736704785,0.4511082445,0.07805851050000001,1.2080023126269501,0.2213319145,0.296032713,0.07713909599999996,1.3573612921433311,0.220400798,0.292397872,0.06880558450000002,1.3103970479824811,1.803058245,1.9084441490000001,0.12722712749999987,1.0703012124340865,1.5964981379999998,1.689483511,0.08136090449999989,1.0471363741658244
en,NotoSerifSC-VF,050080d9255a86808f2945bffac582b31ef32bc36411ce29563b4961670c66f9,ascii94,2,400,[3441],200,"[11.0, 12.0, 14.0, 15.0, 16.0]",5,0.137555319,0.13774361699999998,-0.000952925500000007,0.9930724198313261,0.3736704785,0.44968962749999997,0.07965452100000003,1.2145040025669651,0.2213319145,0.29943484,0.08007526600000003,1.3567334126809165,0.220400798,0.295323404,0.07389228699999995,1.3352632461884277,1.803058245,1.9827015955,0.16724308499999996,1.0865194255227704,1.5964981379999998,1.7289784575,0.13248031950000017,1.078841710978277
en,NotoSerifSC-VF,050080d9255a86808f2945bffac582b31ef32bc36411ce29563b4961670c66f9,demo_unique,1,300,[1556],200,"[11.0, 12.0, 14.0, 15.0, 16.0]",5,0.13724,0.13240740750000002,-0.0010949999999999849,0.9920212765957448,0.3739241935,0.45138888899999996,0.07229907399999996,1.1914999169477383,0.236145,0.3059796295,0.07882222149999996,1.3643682906688688,0.231887903,0.294212963,0.0620645165,1.2676487893376653,0.9628795455,1.0521169355,0.08031125000000006,1.0907622544470852,0.6960227274999999,0.7049227275000001,0.015417500000000084,1.0293638002004568
en,NotoSerifSC-VF,050080d9255a86808f2945bffac582b31ef32bc36411ce29563b4961670c66f9,demo_unique,1,400,[3441],200,"[11.0, 12.0, 14.0, 15.0, 16.0]",5,0.13724,0.14015624999999998,0.0029162499999999814,1.0212492713494608,0.3739241935,0.46152580649999997,0.08177000000000001,1.220132114265716,0.236145,0.310262963,0.07688145149999998,1.3318816354407255,0.231887903,0.3077555555,0.056212963000000005,1.2479742353623187,0.9628795455,1.0717795455,0.10890000000000011,1.113098258768651,0.6960227274999999,0.736740909,0.04401125000000006,1.0838227696820073
en,NotoSerifSC-VF,050080d9255a86808f2945bffac582b31ef32bc36411ce29563b4961670c66f9,demo_unique,2,300,[1556],200,"[11.0, 12.0, 14.0, 15.0, 16.0]",5,0.136962903,0.141087963,0.001388889000000032,1.0099420057716348,0.3734962965,0.46462222249999996,0.071270161,1.1803876975159515,0.234071774,0.309182407,0.07432249999999996,1.2906884649607413,0.2430774195,0.305870455,0.06423888900000002,1.2667973813997149,1.3963999999999999,1.5016090910000002,0.10474444449999987,1.0753430900888,1.1360795455,1.2267045455,0.058467741500000114,1.040667507757745
en,NotoSerifSC-VF,050080d9255a86808f2945bffac582b31ef32bc36411ce29563b4961670c66f9,demo_unique,2,400,[3441],200,"[11.0, 12.0, 14.0, 15.0, 16.0]",5,0.136962903,0.1413583335,0.0001863634999999808,1.001408715832385,0.3734962965,0.4574462965,0.08395000000000002,1.2167040541492928,0.234071774,0.302276852,0.075270371,1.3315780706719118,0.2430774195,0.3062830645,0.06320564499999998,1.2600226920707458,1.3963999999999999,1.5701704545,0.13370322599999995,1.1001435901013943,1.1360795455,1.2412863635,0.10520681800000009,1.0926051511240769
zh,NotoSansSC-VF,a3041811a78c361b1de50f953c805e0244951c21c5bd412f7232ef0d899af0da,ascii94,1,300,[2621],100,"[11.0, 12.0, 14.0, 15.0, 16.0]",5,0.1387744685,0.1375,-0.0021273940000000047,0.9848813864170194,0.3296875,0.4108598405,0.08192632999999999,1.246278555829941,0.183621277,0.257513032,0.0739140955,1.4045123858197965,0.17989813799999999,0.25531888300000005,0.07852420249999997,1.4375443676375323,0.8428856385,0.9285904254999999,0.12288351050000001,1.1491021530793348,0.674767287,0.6626220745,0.014140425499999942,1.022202215944179
zh,NotoSansSC-VF,a3041811a78c361b1de50f953c805e0244951c21c5bd412f7232ef0d899af0da,ascii94,1,400,[6390],100,"[11.0, 12.0, 14.0, 15.0, 16.0]",5,0.1387744685,0.137366755,-0.0014077134999999907,0.9898561059882568,0.3296875,0.40873218099999997,0.08290133049999998,1.2492095026338985,0.183621277,0.2589207445,0.07482287200000001,1.407484760058607,0.17989813799999999,0.257901064,0.07805851100000005,1.433903940684478,0.8428856385,0.944436968,0.1352502659999999,1.1671434610402185,0.674767287,0.6788343084999999,0.030452127999999967,1.0468057338967196
zh,NotoSansSC-VF,a3041811a78c361b1de50f953c805e0244951c21c5bd412f7232ef0d899af0da,ascii94,2,300,[2621],100,"[11.0, 12.0, 14.0, 15.0, 16.0]",5,0.13692367,0.1382643615,0.002493350999999977,1.0184486591044766,0.32762633,0.41094840450000003,0.08225797899999998,1.250259735661208,0.1793659575,0.2576906915,0.07924441500000001,1.441802982597743,0.181338564,0.25498643600000004,0.07248510649999998,1.4001385950869445,1.26306516,1.4278481385,0.16337500049999987,1.1304627692367035,1.125199468,1.1909353725,0.04250904299999991,1.0444706272842093
zh,NotoSansSC-VF,a3041811a78c361b1de50f953c805e0244951c21c5bd412f7232ef0d899af0da,ascii94,2,400,[6390],100,"[11.0, 12.0, 14.0, 15.0, 16.0]",5,0.13692367,0.140724468,0.003556914999999994,1.025931169013418,0.32762633,0.409773936,0.08276808499999999,1.2536074153153474,0.1793659575,0.25960771299999996,0.08024175549999996,1.4473633493133722,0.181338564,0.2573026595,0.0743460105,1.408262487273203,1.26306516,1.479144415,0.2081563824999999,1.171075303035039,1.125199468,1.200842287,0.06569148899999999,1.0575754760423088
zh,NotoSansSC-VF,a3041811a78c361b1de50f953c805e0244951c21c5bd412f7232ef0d899af0da,cjk_demo_unique,1,300,[2621],100,"[11.0, 12.0, 14.0, 15.0, 16.0]",5,0.13385312500000002,0.13424375,-0.0004681160000000184,0.9965412092373347,0.49929058000000004,0.6011916665,0.11516388849999998,1.257947963975976,0.3527322465,0.4545894925,0.10185724600000001,1.290142297212153,0.3543177535,0.4248011905,0.09698079700000001,1.2737113679515357,1.3596738094999998,1.5295312499999998,0.1727812500000001,1.1309357664530415,1.03562625,1.1305725,0.009661593999999996,1.006095201221239
zh,NotoSansSC-VF,a3041811a78c361b1de50f953c805e0244951c21c5bd412f7232ef0d899af0da,cjk_demo_unique,1,400,[6390],100,"[11.0, 12.0, 14.0, 15.0, 16.0]",5,0.13385312500000002,0.135160145,-0.0001807970000000103,0.9986641366808278,0.49929058000000004,0.5799119045,0.11701111050000002,1.2411929381884192,0.3527322465,0.4481142855,0.10338437499999997,1.323518988219298,0.3543177535,0.4581845235,0.0915375,1.3081376022553721,1.3596738094999998,1.6243237499999998,0.20377187500000016,1.1537299223235693,1.03562625,1.14239625,0.09172681150000006,1.0578676120602
zh,NotoSansSC-VF,a3041811a78c361b1de50f953c805e0244951c21c5bd412f7232ef0d899af0da,cjk_demo_unique,2,300,[2621],100,"[11.0, 12.0, 14.0, 15.0, 16.0]",5,0.1348388885,0.133680435,-0.0017187500000000189,0.9870689249809559,0.4701392855,0.604464286,0.11260579749999988,1.2500296645364706,0.346527381,0.431597619,0.1026721015,1.3037500985511576,0.328125,0.4569293475,0.100885,1.3323026248069996,2.1988025,2.7205725,0.257489286,1.1298584184758584,1.9667175000000001,2.1283849999999997,0.08138124999999974,1.0497382048968305
zh,NotoSansSC-VF,a3041811a78c361b1de50f953c805e0244951c21c5bd412f7232ef0d899af0da,cjk_demo_unique,2,400,[6390],100,"[11.0, 12.0, 14.0, 15.0, 16.0]",5,0.1348388885,0.13424375,0.00012499999999998623,1.0009320098793046,0.4701392855,0.5873011905000001,0.12739625,1.2495668883961566,0.346527381,0.45545595250000004,0.11689722250000001,1.3846153846153848,0.328125,0.4433535715,0.11221376849999998,1.3511727893333334,2.1988025,3.04599,0.6207194444999999,1.2536267297321182,1.9667175000000001,2.42859375,0.3322764490000001,1.1432149983683468
zh,NotoSerifSC-VF,050080d9255a86808f2945bffac582b31ef32bc36411ce29563b4961670c66f9,ascii94,1,300,[1556],200,"[11.0, 12.0, 14.0, 15.0, 16.0]",5,0.1373117025,0.1389071805,0.0016175534999999797,1.0118547821751056,0.37917765999999997,0.4627106385,0.08082872400000002,1.2116589472581583,0.22175319100000002,0.3064162235,0.0798430845,1.3609199873876356,0.2300976065,0.30359042550000004,0.07503324450000004,1.3272717417616167,1.1205896279999998,1.2581119680000001,0.1072582445000001,1.1021790677898238,0.9076571805,0.9037787235,0.005574202499999958,1.00630952580597
zh,NotoSerifSC-VF,050080d9255a86808f2945bffac582b31ef32bc36411ce29563b4961670c66f9,ascii94,1,400,[3441],200,"[11.0, 12.0, 14.0, 15.0, 16.0]",5,0.1373117025,0.1404034575,0.002426861999999974,1.0175889395676527,0.37917765999999997,0.4646718085,0.08784388300000001,1.2316694580582623,0.22175319100000002,0.302382447,0.08116143599999998,1.3593413836111903,0.2300976065,0.2996231385,0.07275053149999999,1.3183034161591274,1.1205896279999998,1.237367021,0.1352949469999999,1.1219653030051384,0.9076571805,0.9478279255,0.036901330000000065,1.0392676553174143
zh,NotoSerifSC-VF,050080d9255a86808f2945bffac582b31ef32bc36411ce29563b4961670c66f9,ascii94,2,300,[1556],200,"[11.0, 12.0, 14.0, 15.0, 16.0]",5,0.1388406915,0.1417885635,-0.00025478699999997856,0.9981648967802788,0.374678457,0.4531585105,0.087522606,1.2389200536425582,0.2251220745,0.30448803199999996,0.07901170199999996,1.3491171121817167,0.2248449465,0.3015183515,0.0770055855,1.3424830608767986,1.8496010635000002,2.0071585105,0.15755744699999985,1.0851845568805274,1.6665779255,1.665525266,-0.0010526594999999972,0.9993683706690858
zh,NotoSerifSC-VF,050080d9255a86808f2945bffac582b31ef32bc36411ce29563b4961670c66f9,ascii94,2,400,[3441],200,"[11.0, 12.0, 14.0, 15.0, 16.0]",5,0.1388406915,0.1391398935,0.0004101060000000212,1.0029537882271353,0.374678457,0.461148138,0.08646968099999996,1.2307837010228746,0.2251220745,0.306626862,0.08197021250000003,1.3641145040176859,0.2248449465,0.3024268615,0.07758191499999997,1.345046291711964,1.8496010635000002,2.0309175535,0.17490026599999986,1.0830797933919072,1.6665779255,1.704244149,0.03853058499999995,1.022600937480136
zh,NotoSerifSC-VF,050080d9255a86808f2945bffac582b31ef32bc36411ce29563b4961670c66f9,cjk_demo_unique,1,300,[1556],200,"[11.0, 12.0, 14.0, 15.0, 16.0]",5,0.133984375,0.138125,0.0022912499999999947,1.0168680464170354,0.6004952379999999,0.707739286,0.12052000000000007,1.2206739968323432,0.43510499999999996,0.5670141305,0.11064311600000004,1.2424411552982186,0.4246875,0.560911905,0.110613044,1.2407318247472314,1.8596362499999999,2.08161375,0.22197749999999994,1.1193660857062773,1.49703125,1.50724,0.010208749999999878,1.0068193299238075
zh,NotoSerifSC-VF,050080d9255a86808f2945bffac582b31ef32bc36411ce29563b4961670c66f9,cjk_demo_unique,1,400,[3441],200,"[11.0, 12.0, 14.0, 15.0, 16.0]",5,0.133984375,0.13796875,0.002134999999999998,1.0157177431971067,0.6004952379999999,0.713292857,0.134797826,1.2236614291153984,0.43510499999999996,0.5432535715,0.10291625000000004,1.2665888096186266,0.4246875,0.5312011905,0.10739166650000004,1.2388440060630612,1.8596362499999999,2.24234375,0.24191428550000005,1.1389942108815407,1.49703125,1.5565625,0.037103570999999835,1.02955153540328
zh,NotoSerifSC-VF,050080d9255a86808f2945bffac582b31ef32bc36411ce29563b4961670c66f9,cjk_demo_unique,2,300,[1556],200,"[11.0, 12.0, 14.0, 15.0, 16.0]",5,0.133333333,0.1357142855,0.002415217499999983,1.017955556372342,0.570883333,0.699454762,0.12060724700000003,1.2252148934255187,0.43070476199999996,0.5584309525,0.12578478249999991,1.2819716227020825,0.43442380950000004,0.559314855,0.11126231850000001,1.248324268776905,3.0680725000000004,3.6355725,0.3662690474999999,1.170545316462563,2.83182375,2.852395,0.04351944449999989,1.0223920462386975
zh,NotoSerifSC-VF,050080d9255a86808f2945bffac582b31ef32bc36411ce29563b4961670c66f9,cjk_demo_unique,2,400,[3441],200,"[11.0, 12.0, 14.0, 15.0, 16.0]",5,0.133333333,0.133203125,0.00039062500000000555,1.0029411764705882,0.570883333,0.717044565,0.12682812500000007,1.2405462232066238,0.43070476199999996,0.5511416665,0.1204369045,1.2796275201155078,0.43442380950000004,0.564990942,0.1127625000000001,1.2609926202259096,3.0680725000000004,3.6132299999999997,0.5451574999999993,1.1776872938954341,2.83182375,2.89812375,0.06630000000000003,1.0533278212189054
