label,face_index,sha256,file_bytes,full_name,version,glyph_count,glyf_program_bytes_total,fpgm_program_bytes,prep_program_bytes,maxp_maxPoints,maxp_maxContours,maxp_maxCompositePoints,maxp_maxCompositeContours,maxp_maxZones,maxp_maxTwilightPoints,maxp_maxStorage,maxp_maxFunctionDefs,maxp_maxInstructionDefs,maxp_maxStackElements,maxp_maxSizeOfInstructions,maxp_maxComponentElements,maxp_maxComponentDepth,chinese-ui_mapped_distinct,chinese-ui_requested_distinct,chinese-ui_direct_program_bytes_weighted,chinese-ui_expanded_points_weighted,korean-ui_mapped_distinct,korean-ui_requested_distinct,korean-ui_direct_program_bytes_weighted,korean-ui_expanded_points_weighted,japanese-ui_mapped_distinct,japanese-ui_requested_distinct,japanese-ui_direct_program_bytes_weighted,japanese-ui_expanded_points_weighted
BabelStoneHan,0,d8bb747b3fdccd84a60bd0aa56bb90937270d0bd15f1101cd8f2a5a3709dd0a3,51971284,BabelStone Han,Version 16.0.3,65534,0,48,8,4102,143,0,0,1,0,0,10,0,2048,0,0,0,105,105,0,19544,2,115,0,32,126,126,0,19862
D2Coding-Regular,0,c064f343b5cfc131f083377ba606b748f9b61a5bbd89708e4010b9066dff5a24,4185500,D2Coding,Version 1.3.3; Build 20260725,26188,815434,371,78,524,43,138,12,1,0,0,10,0,512,1480,3,1,65,105,0,5034,115,115,39177,6626,115,126,0,10670
DroidSansFallback,0,21b96a0377f067833a93af3082eb28d4ffab7a8cd46bfd513286f1d64b7b0949,3451900,Droid Sans Fallback,Version 2.55b,49775,0,7,18,192,30,240,24,2,16,211,2,0,5,0,5,1,105,105,0,5730,114,115,0,4696,126,126,0,6442
DroidSansFallbackFull,0,2392015530438bafc48edfc4aee6d9de2387f627a6134d8ab3dfcc99d21c8240,4033576,Droid Sans Fallback,Version 1.00c,49382,6,7,18,240,40,240,26,2,16,107,1,0,5,2,5,1,105,105,0,5730,1,115,0,0,126,126,0,6442
NanumGothic-ExtraBold,0,5c4568e5295a8c52bc30e7efa1ea6d2de43556268ef42daba93540a1ece691ae,2112720,NanumGothic ExtraBold,Version 3.020;PS 1;hotconv 1.0.57;makeotf.lib2.0.21895,13671,675833,2313,372,596,51,297,12,2,16,47,109,0,1197,1541,3,1,3,105,416,80,115,115,23384,13938,3,126,416,68
NanumGothic-Regular,0,76f45ef4a6bcff344c837c95a7dcc26e017e38b5846d5ae0cdcb5b86be2e2d31,2054744,NanumGothic,Version 3.020;PS 1;hotconv 1.0.57;makeotf.lib2.0.21895,13297,689373,2313,408,596,51,288,12,2,16,47,109,0,665,1480,3,1,3,105,415,79,115,115,26367,13706,3,126,424,68
NanumGothicCoding-Regular,0,787effd7efed2abca88ade231faa8191f4e9fcf85b1805a13ee1dc3724b72089,2315924,NanumGothicCoding,Version 2.000;PS 1;hotconv 1.0.49;makeotf.lib2.0.14853,20024,606428,1571,234,596,51,288,12,2,16,47,89,0,665,1571,3,1,3,105,50,79,115,115,29212,13706,66,126,50,4277
NanumMyeongjo-Bold,0,bc9ed8e60d93fe6db054b8fb988481b625f2eef8cb2317ad0e9834681b8fe3f3,3074720,NanumMyeongjo Bold,Version 2.032;PS 1;hotconv 1.0.56;makeotf.lib2.0.21325,14695,1072122,1341,202,447,25,336,11,2,10,31,50,24,512,1292,3,1,3,105,494,84,115,115,35114,18975,3,126,400,84
NanumMyeongjo-ExtraBold,0,60c0077fce069ba90ae97c0a3679f6eb3712e0ca637bdd0c15b72d335ec46db7,3180888,NanumMyeongjo ExtraBold,Version 2.032;PS 1;hotconv 1.0.56;makeotf.lib2.0.21325,14697,1123697,742,165,347,25,336,11,1,0,0,20,0,512,1364,3,1,3,105,514,87,115,115,36264,20030,3,126,400,86
NanumMyeongjo-Regular,0,7ed9e8653a8ed04285d51dc343ffea6eb3d9c73afc27383ea8929ee4ffd03205,3058408,NanumMyeongjo,Version 2.032;PS 1;hotconv 1.0.56;makeotf.lib2.0.21325,14695,1123547,1341,220,447,25,310,11,2,10,31,50,24,512,1466,3,1,3,105,502,85,115,115,37737,17728,3,126,400,84
NotoSansSC[wght],0,a3041811a78c361b1de50f953c805e0244951c21c5bd412f7232ef0d899af0da,17772300,Noto Sans SC Thin,Version 2.004-H2;hotconv 1.0.118;makeotfexe 2.5.65603,31036,0,0,7,584,84,0,0,1,0,0,0,0,0,0,0,0,105,105,0,8758,2,115,0,24,126,126,0,12596
NotoSerifSC[wght],0,050080d9255a86808f2945bffac582b31ef32bc36411ce29563b4961670c66f9,25125512,Noto Serif SC ExtraLight,Version 2.003-H1;hotconv 1.1.1;makeotfexe 2.6.0,31058,0,0,7,618,63,0,0,1,0,0,0,0,0,0,0,0,105,105,0,12368,2,115,0,24,126,126,0,18121
wqy-microhei,0,e4bca8df123ce01b104780f576ea1a58b9a5ff1662a91124b6d3180cb6c88212,5177387,WenQuanYi Micro Hei,Version 0.2.0-beta,49531,97467,1797,748,194,39,261,24,2,16,47,90,0,543,355,5,1,105,105,3,6277,115,115,106,5119,126,126,0,7185
wqy-microhei,1,e4bca8df123ce01b104780f576ea1a58b9a5ff1662a91124b6d3180cb6c88212,5177387,WenQuanYi Micro Hei Mono,Version 0.2.0-beta,49531,97467,1797,638,194,39,261,24,2,16,47,90,0,543,355,5,1,105,105,3,6277,115,115,58,5095,126,126,0,7185
Rye-Regular,0,b7edee5e615ae1b6b07e9d030c1309152bf3672a0e8a2a46293e273730f5adba,183244,Rye Regular,Version 1.001,271,94918,1865,96,255,13,0,0,2,60,71,60,0,241,1933,2,0,1,105,0,0,2,115,100,82,1,126,0,0
Vollkorn-Medium,0,b704817fe4433aa674c54f87141f2541d88d7d48342d98ec727a5eed4873a892,428384,Vollkorn Medium,Version 5.000; ttfautohint (v1.8.3),2281,85955,3596,250,818,65,160,9,2,524,810,141,0,1320,4692,3,1,1,105,0,0,2,115,52,24,1,126,0,0
