backend,font,dpi,scene,phase,metric,frames,unit,reference_version,candidate_version,reference_mean_process_median_us,candidate_mean_process_median_us,mean_paired_savings_us,savings_ci95_low_us,savings_ci95_high_us,ratio_of_means_change_pct,ratio_change_ci95_low_pct,ratio_change_ci95_high_pct,classification,blocks,trials_per_process,bootstrap_resamples,bootstrap_seed
cpu,NanumGothic-ExtraBold,2,demo,first_paint,complete_us,1,us/frame,master,final,2095.111083333333,2015.257,79.85408333333316,52.24528958333308,105.33308541666676,-3.811448661055472,-5.01505828908345,-2.492073038510448,improvement,12,5,10000,2249049410520458099
cpu,NanumGothic-ExtraBold,2,demo,first_paint,draw_us,1,us/frame,master,final,2092.6354166666665,2012.8855,79.74991666666642,52.239156250000555,105.13235625,-3.8109799744142303,-5.010850118657895,-2.493422411057796,improvement,12,5,10000,2249049410520458099
cpu,NanumGothic-ExtraBold,2,demo,first_paint,submit_us,1,us/frame,master,final,2095.090166666667,2015.2326666666668,79.85750000000007,52.24538958333326,105.3401729166666,-3.8116497929564064,-5.0157508370721136,-2.4922963605740303,improvement,12,5,10000,2249049410520458099
cpu,NanumGothic-ExtraBold,2,demo,pan,complete_us,10,us/frame,master,final,219.08720833333334,220.466275,-1.3790666666666596,-5.194966249999984,1.719718958333342,0.6294601483845863,-0.7803477366328487,2.3977969399289876,uncertain,12,5,10000,2249049410520458099
cpu,NanumGothic-ExtraBold,2,demo,pan,draw_us,10,us/frame,master,final,217.3212,218.704525,-1.383324999999985,-5.113230416666643,1.6628500000000175,0.636534769732533,-0.7575960166696213,2.383387278914775,uncertain,12,5,10000,2249049410520458099
cpu,NanumGothic-ExtraBold,2,demo,pan,submit_us,10,us/frame,master,final,219.068125,220.44061666666667,-1.3724916666666616,-5.189284791666631,1.7310527083333156,0.626513632079817,-0.7850794706944882,2.395379280193519,uncertain,12,5,10000,2249049410520458099
cpu,NanumGothic-ExtraBold,2,demo,reported_sequence,complete_us,65,us/sequence,master,final,46520.937752833335,44940.49742033333,1580.4403325000021,1083.4085959999932,2022.104961158339,-3.397266712242375,-4.3233926309893205,-2.336194750526054,improvement,12,5,10000,2249049410520458099
cpu,NanumGothic-ExtraBold,2,demo,reported_sequence,draw_us,65,us/sequence,master,final,46415.58725116667,44836.22816766667,1579.3590834999995,1085.9261169958313,2017.8376311291695,-3.4026480693946204,-4.322522157049118,-2.3436362226413623,improvement,12,5,10000,2249049410520458099
cpu,NanumGothic-ExtraBold,2,demo,reported_sequence,submit_us,65,us/sequence,master,final,46519.52074733333,44939.16274966667,1580.3579976666588,1083.31169209999,2021.8465112375006,-3.39719320465538,-4.3234173037650345,-2.3357829929833667,improvement,12,5,10000,2249049410520458099
cpu,NanumGothic-ExtraBold,2,demo,warm,complete_us,30,us/frame,master,final,216.9483555,217.72499183333332,-0.7766363333333288,-2.436956054166649,1.0699051124999963,0.35798212507460736,-0.49173946329914175,1.126567420920647,uncertain,12,5,10000,2249049410520458099
cpu,NanumGothic-ExtraBold,2,demo,warm,draw_us,30,us/frame,master,final,215.27985283333334,216.00910825,-0.7292554166666605,-2.3901235562500522,1.1026241104166823,0.33874763804824237,-0.5089817606992414,1.1097295325949785,uncertain,12,5,10000,2249049410520458099
cpu,NanumGothic-ExtraBold,2,demo,warm,submit_us,30,us/frame,master,final,216.92729166666666,217.70231091666668,-0.7750192500000139,-2.4363981583333874,1.072324262499964,0.3572714359938223,-0.4928885848143144,1.125694476562514,uncertain,12,5,10000,2249049410520458099
cpu,NanumGothic-ExtraBold,2,demo,zoom_in,complete_us,12,us/frame,master,final,1771.1276665833334,1707.2393125,63.8883540833333,43.33481032291699,83.61132380416674,-3.6072133753395463,-4.682523235418749,-2.463404498636421,improvement,12,5,10000,2249049410520458099
cpu,NanumGothic-ExtraBold,2,demo,zoom_in,draw_us,12,us/frame,master,final,1769.8176805,1705.88022225,63.93745824999996,43.443471191666475,83.59622706458403,-3.612657899989824,-4.684385212423397,-2.4716669540109972,improvement,12,5,10000,2249049410520458099
cpu,NanumGothic-ExtraBold,2,demo,zoom_in,submit_us,12,us/frame,master,final,1771.102479,1707.2176250833334,63.88485391666654,43.332078041666406,83.60922966041684,-3.6070670485841783,-4.682285389672068,-2.4631147638222934,improvement,12,5,10000,2249049410520458099
cpu,NanumGothic-ExtraBold,2,demo,zoom_out,complete_us,12,us/frame,master,final,1198.2265208333333,1150.5535971666666,47.67292366666675,35.71352094375007,59.67147589791667,-3.978623644009449,-4.944657265184069,-2.993108201843601,improvement,12,5,10000,2249049410520458099
cpu,NanumGothic-ExtraBold,2,demo,zoom_out,draw_us,12,us/frame,master,final,1196.8145070833334,1149.064243,47.75026408333338,35.78911467708347,59.69792555416671,-3.989779853162201,-4.95113117556616,-3.005150670561878,improvement,12,5,10000,2249049410520458099
cpu,NanumGothic-ExtraBold,2,demo,zoom_out,submit_us,12,us/frame,master,final,1198.2053749166666,1150.5315485,47.67382641666654,35.709206481250014,59.6696177916668,-3.9787692005623154,-4.94488324836942,-2.992924205209653,improvement,12,5,10000,2249049410520458099
cpu,NanumGothic-ExtraBold,2,font_variations,first_paint,complete_us,1,us/frame,master,final,1102.9341666666667,1042.98975,59.94441666666671,47.44066666666686,75.51111874999982,-5.434994986857033,-6.7745712393591235,-4.32887963340977,improvement,12,5,10000,2249049410520458099
cpu,NanumGothic-ExtraBold,2,font_variations,first_paint,draw_us,1,us/frame,master,final,1102.5730833333332,1042.74325,59.82983333333323,47.39232291666658,75.30416041666639,-5.426382544407293,-6.75980372960136,-4.32410027532255,improvement,12,5,10000,2249049410520458099
cpu,NanumGothic-ExtraBold,2,font_variations,first_paint,submit_us,1,us/frame,master,final,1102.9203333333332,1042.9583333333333,59.96199999999999,47.458085416666556,75.52528124999998,-5.436657407410205,-6.776156210728503,-4.331239556890059,improvement,12,5,10000,2249049410520458099
cpu,NanumGothic-ExtraBold,2,font_variations,reported_sequence,complete_us,63,us/sequence,master,final,10835.009252166667,10577.737334166666,257.27191800000037,116.05583946249867,402.57920267083324,-2.3744503766672254,-3.681513191452335,-1.0796098989038605,improvement,12,5,10000,2249049410520458099
cpu,NanumGothic-ExtraBold,2,font_variations,reported_sequence,draw_us,63,us/sequence,master,final,10827.749330166667,10570.841916833333,256.90741333333426,116.16819166666559,401.8858995666652,-2.372676033583243,-3.6762836356777857,-1.0798813787719173,improvement,12,5,10000,2249049410520458099
cpu,NanumGothic-ExtraBold,2,font_variations,reported_sequence,submit_us,63,us/sequence,master,final,10833.695997666666,10576.399583333334,257.296414333332,116.01793510416687,402.6020550916677,-2.3749643186291025,-3.6821097575058577,-1.0792699158292383,improvement,12,5,10000,2249049410520458099
cpu,NanumGothic-ExtraBold,2,font_variations,slant_advance,complete_us,10,us/frame,master,final,480.54266666666666,462.13231666666667,18.410349999999994,13.870082708333301,25.864577291666716,-3.831158246094002,-5.3099456500087205,-2.9069375299420064,improvement,12,5,10000,2249049410520458099
cpu,NanumGothic-ExtraBold,2,font_variations,slant_advance,draw_us,10,us/frame,master,final,480.3958083333333,462.003175,18.392633333333322,13.862792291666716,25.82571895833333,-3.8286415106626337,-5.303715599919004,-2.906338032472671,improvement,12,5,10000,2249049410520458099
cpu,NanumGothic-ExtraBold,2,font_variations,slant_advance,submit_us,10,us/frame,master,final,480.5201,462.109425,18.410675000000026,13.867647083333315,25.868029375000024,-3.8314058038363075,-5.310895742030905,-2.906423744527644,improvement,12,5,10000,2249049410520458099
cpu,NanumGothic-ExtraBold,2,font_variations,slant_return,complete_us,10,us/frame,master,final,40.67124166666667,40.25864166666667,0.41259999999999764,-0.42811124999999894,1.426908333333342,-1.0144760353804405,-3.444900046505589,1.061118120503435,uncertain,12,5,10000,2249049410520458099
cpu,NanumGothic-ExtraBold,2,font_variations,slant_return,draw_us,10,us/frame,master,final,40.56880833333334,40.16453333333333,0.4042750000000055,-0.4370327083333317,1.417191041666674,-0.9965168231669042,-3.429592316842623,1.0793256684045565,uncertain,12,5,10000,2249049410520458099
cpu,NanumGothic-ExtraBold,2,font_variations,slant_return,submit_us,10,us/frame,master,final,40.65005,40.239891666666665,0.4101583333333352,-0.4298991666666769,1.4226031250000026,-1.008998348915524,-3.4357587951213993,1.0628792364352428,uncertain,12,5,10000,2249049410520458099
cpu,NanumGothic-ExtraBold,2,font_variations,warm,complete_us,30,us/frame,master,final,37.88236391666667,38.061577916666664,-0.17921399999999466,-1.2389637500000035,0.7358510020833253,0.4730802977190862,-1.9194681206485715,3.299657759427151,uncertain,12,5,10000,2249049410520458099
cpu,NanumGothic-ExtraBold,2,font_variations,warm,draw_us,30,us/frame,master,final,37.790613916666665,37.9733835,-0.18276958333333226,-1.2384667499999935,0.7284937875000032,0.48363750781177384,-1.9038413375390393,3.304754401372176,uncertain,12,5,10000,2249049410520458099
cpu,NanumGothic-ExtraBold,2,font_variations,warm,submit_us,30,us/frame,master,final,37.85827775,38.04073616666667,-0.18245841666666962,-1.2418775833333342,0.7323823354166649,0.4819511808528354,-1.9113493427690875,3.30953411090682,uncertain,12,5,10000,2249049410520458099
cpu,NanumGothic-ExtraBold,2,font_variations,weight_advance,complete_us,6,us/frame,master,final,524.0572916666666,514.6718888333334,9.385402833333274,2.862766510416674,17.26614313541668,-1.7909116011886272,-3.264190894112312,-0.5502164633161103,improvement,12,5,10000,2249049410520458099
cpu,NanumGothic-ExtraBold,2,font_variations,weight_advance,draw_us,6,us/frame,master,final,523.8467221666667,514.4970834166667,9.349638750000054,2.856925204166649,17.196971627083116,-1.7848042861334124,-3.251888226378666,-0.5492903457061598,improvement,12,5,10000,2249049410520458099
cpu,NanumGothic-ExtraBold,2,font_variations,weight_advance,submit_us,6,us/frame,master,final,524.0394028333334,514.6504445,9.388958333333335,2.872694845833422,17.26065013541663,-1.7916512160287779,-3.2630485237667237,-0.5521411271787148,improvement,12,5,10000,2249049410520458099
cpu,NanumGothic-ExtraBold,2,font_variations,weight_return,complete_us,6,us/frame,master,final,38.832819416666666,39.41540275,-0.5825833333333321,-1.3540530416666674,0.17954401458333213,1.500234446235682,-0.4513963947115629,3.5501129650610173,uncertain,12,5,10000,2249049410520458099
cpu,NanumGothic-ExtraBold,2,font_variations,weight_return,draw_us,6,us/frame,master,final,38.73272216666667,39.325791583333334,-0.5930694166666655,-1.3574904395833316,0.1632100708333439,1.5311844442915445,-0.4134513046417451,3.5747730709489245,uncertain,12,5,10000,2249049410520458099
cpu,NanumGothic-ExtraBold,2,font_variations,weight_return,submit_us,6,us/frame,master,final,38.81026375,39.3963055,-0.5860417499999997,-1.3534199000000056,0.17436142916666383,1.5100174370755282,-0.4378651921583906,3.5557994119389367,uncertain,12,5,10000,2249049410520458099
cpu,NanumGothic-ExtraBold,2,grid_pollution,hot_first,complete_us,1,us/frame,master,final,498.75691666666665,428.8401666666667,69.91674999999998,62.569333333333326,77.42084166666676,-14.018201585508505,-15.376224541357175,-12.656925804270045,improvement,12,5,10000,2249049410520458099
cpu,NanumGothic-ExtraBold,2,grid_pollution,hot_first,draw_us,1,us/frame,master,final,498.55566666666664,428.65633333333335,69.89933333333329,62.586643749999894,77.38884166666674,-14.02036683299156,-15.378216563069874,-12.66434677351816,improvement,12,5,10000,2249049410520458099
cpu,NanumGothic-ExtraBold,2,grid_pollution,hot_first,submit_us,1,us/frame,master,final,498.73266666666666,428.82983333333334,69.90283333333332,62.55907499999991,77.40666041666674,-14.016092789858025,-15.374910527521129,-12.654730992180042,improvement,12,5,10000,2249049410520458099
cpu,NanumGothic-ExtraBold,2,grid_pollution,hot_return,complete_us,1,us/frame,master,final,425.28458333333333,412.7638333333333,12.520750000000021,6.41299166666671,18.552004166666798,-2.9440874394890515,-4.328124415873114,-1.51730357234653,improvement,12,5,10000,2249049410520458099
cpu,NanumGothic-ExtraBold,2,grid_pollution,hot_return,draw_us,1,us/frame,master,final,425.0450833333333,412.5208333333333,12.524249999999995,6.412906250000027,18.555662499999954,-2.9465697854404116,-4.3275169333421655,-1.5207740044558578,improvement,12,5,10000,2249049410520458099
cpu,NanumGothic-ExtraBold,2,grid_pollution,hot_return,submit_us,1,us/frame,master,final,425.27075,412.75,12.520750000000021,6.409577083333403,18.54866874999997,-2.9441832056401718,-4.328271667122464,-1.5170427209630482,improvement,12,5,10000,2249049410520458099
cpu,NanumGothic-ExtraBold,2,grid_pollution,hot_second,complete_us,1,us/frame,master,final,349.89575,179.37508333333332,170.5206666666667,165.1837458333333,175.81601041666661,-48.73470645661363,-49.988020313803936,-47.520476218262104,improvement,12,5,10000,2249049410520458099
cpu,NanumGothic-ExtraBold,2,grid_pollution,hot_second,draw_us,1,us/frame,master,final,349.78475,179.27775,170.50699999999998,165.18058124999996,175.79885000000007,-48.74626466705595,-50.00243835033233,-47.53266161021113,improvement,12,5,10000,2249049410520458099
cpu,NanumGothic-ExtraBold,2,grid_pollution,hot_second,submit_us,1,us/frame,master,final,349.87850000000003,179.35066666666665,170.52783333333338,165.2014,175.8062708333333,-48.73915754564323,-49.993046861775994,-47.52757178362168,improvement,12,5,10000,2249049410520458099
cpu,NanumGothic-ExtraBold,2,grid_pollution,pollution,complete_us,64,us/frame,master,final,407.85025774999997,400.4037135,7.446544249999988,3.736052156249927,11.539238149999958,-1.8258034924583777,-2.8068465717609086,-0.9165674030891985,improvement,12,5,10000,2249049410520458099
cpu,NanumGothic-ExtraBold,2,grid_pollution,pollution,draw_us,64,us/frame,master,final,407.75253258333333,400.3116391666667,7.440893416666654,3.74649123541667,11.524699604166722,-1.8248552300888399,-2.804123163026686,-0.9189973175090463,improvement,12,5,10000,2249049410520458099
cpu,NanumGothic-ExtraBold,2,grid_pollution,pollution,submit_us,64,us/frame,master,final,407.8288175,400.382228,7.446589500000016,3.7368565937500633,11.540345645833337,-1.8259105733743342,-2.8069443267423315,-0.9167981652773293,improvement,12,5,10000,2249049410520458099
cpu,NanumGothic-ExtraBold,2,grid_singleton,once,complete_us,1,us/frame,master,final,499.0244166666667,435.2845,63.739916666666716,57.83374583333336,69.61466874999999,-12.772905400587453,-13.821520578338355,-11.708941798016701,improvement,12,5,10000,2249049410520458099
cpu,NanumGothic-ExtraBold,2,grid_singleton,once,draw_us,1,us/frame,master,final,498.8195,435.1213333333333,63.69816666666668,57.79182916666662,69.55583958333344,-12.769782790501715,-13.816507133758938,-11.705999339528635,improvement,12,5,10000,2249049410520458099
cpu,NanumGothic-ExtraBold,2,grid_singleton,once,submit_us,1,us/frame,master,final,499.007,435.26033333333334,63.74666666666667,57.83691458333343,69.60824999999994,-12.774703895269335,-13.821420974872817,-11.709730566728956,improvement,12,5,10000,2249049410520458099
cpu,NanumGothic-ExtraBold,2,grid_two_phases,first,complete_us,1,us/frame,master,final,450.22575,388.6355,61.590250000000026,52.32990625,68.53091874999998,-13.679859492710056,-15.12729640280611,-11.676097946216162,improvement,12,5,10000,2249049410520458099
cpu,NanumGothic-ExtraBold,2,grid_two_phases,first,draw_us,1,us/frame,master,final,450.07641666666666,388.48975,61.586666666666645,52.3294041666666,68.5239166666666,-13.683602247544258,-15.130729924801658,-11.678755833453087,improvement,12,5,10000,2249049410520458099
cpu,NanumGothic-ExtraBold,2,grid_two_phases,first,submit_us,1,us/frame,master,final,450.21525,388.62166666666667,61.593583333333356,52.32983124999995,68.52733958333339,-13.680918923411268,-15.128207774542386,-11.67642701299112,improvement,12,5,10000,2249049410520458099
cpu,NanumGothic-ExtraBold,2,grid_two_phases,second,complete_us,1,us/frame,master,final,343.92691666666667,180.43416666666667,163.49275,156.45732708333327,170.24991666666665,-47.53706153172561,-48.95264153603206,-46.0175888482316,improvement,12,5,10000,2249049410520458099
cpu,NanumGothic-ExtraBold,2,grid_two_phases,second,draw_us,1,us/frame,master,final,343.79841666666664,180.34033333333332,163.45808333333332,156.43299166666665,170.20483958333332,-47.54474581883134,-48.95978301398039,-46.026534081445206,improvement,12,5,10000,2249049410520458099
cpu,NanumGothic-ExtraBold,2,grid_two_phases,second,submit_us,1,us/frame,master,final,343.91308333333336,180.41333333333333,163.49975000000003,156.4508208333333,170.27066666666667,-47.54100902917089,-48.95953180924675,-46.01799523481673,improvement,12,5,10000,2249049410520458099
cpu,NanumGothic-ExtraBold,2,grid_unique_sizes,sweep,complete_us,32,us/frame,master,final,390.15221883333334,380.178172,9.974046833333318,5.392352804166549,16.792314775000026,-2.5564501114868854,-4.236668467606515,-1.3940607788320747,improvement,12,5,10000,2249049410520458099
cpu,NanumGothic-ExtraBold,2,grid_unique_sizes,sweep,draw_us,32,us/frame,master,final,390.0528385,380.0909245,9.961913999999979,5.394463981249979,16.75631829583331,-2.5539908998765015,-4.229940472380583,-1.394835178780891,improvement,12,5,10000,2249049410520458099
cpu,NanumGothic-ExtraBold,2,grid_unique_sizes,sweep,submit_us,32,us/frame,master,final,390.13118991666664,380.1556068333333,9.975583083333333,5.3930463333333565,16.793858304166676,-2.5569816874841944,-4.237971151559645,-1.3943155805023253,improvement,12,5,10000,2249049410520458099
cpu,NanumGothic-ExtraBold,2,grid_unique_variations,sweep,complete_us,32,us/frame,master,final,255.61707033333334,179.39763808333333,76.21943225000001,74.10556847083332,78.68380399791671,-29.817817781342725,-30.445841957496047,-29.22543005882546,improvement,12,5,10000,2249049410520458099
cpu,NanumGothic-ExtraBold,2,grid_unique_variations,sweep,draw_us,32,us/frame,master,final,255.52321108333334,179.31109633333332,76.21211475000001,74.1052022125,78.67024808125002,-29.82590678431365,-30.452396671846422,-29.235718583872153,improvement,12,5,10000,2249049410520458099
cpu,NanumGothic-ExtraBold,2,grid_unique_variations,sweep,submit_us,32,us/frame,master,final,255.59538033333334,179.37585675,76.21952358333334,74.1059568770833,78.68593529791667,-29.820383875456614,-30.448656139584017,-29.228113817196792,improvement,12,5,10000,2249049410520458099
cpu,NanumGothic-ExtraBold,2,text,first_paint,complete_us,1,us/frame,master,final,8700.853916666667,8038.399416666667,662.4544999999998,547.0647875000001,765.8747583333325,-7.613672248088832,-8.766438501979797,-6.29767940253601,improvement,12,5,10000,2249049410520458099
cpu,NanumGothic-ExtraBold,2,text,first_paint,draw_us,1,us/frame,master,final,8697.902666666667,8035.22925,662.6734166666665,547.1288208333328,766.1363833333336,-7.618772502551185,-8.772763769975192,-6.305101057196859,improvement,12,5,10000,2249049410520458099
cpu,NanumGothic-ExtraBold,2,text,first_paint,submit_us,1,us/frame,master,final,8700.829583333332,8038.375,662.4545833333323,547.0578749999987,765.8683416666671,-7.613694498766888,-8.76653888867817,-6.297780938003191,improvement,12,5,10000,2249049410520458099
cpu,NanumGothic-ExtraBold,2,text,reflow,complete_us,3,us/frame,master,final,1666.2605,1665.36927775,0.8912222500000553,-27.82799227916676,22.066110358333496,-0.05348636962828612,-1.3146844943277545,1.6756194610266038,uncertain,12,5,10000,2249049410520458099
cpu,NanumGothic-ExtraBold,2,text,reflow,draw_us,3,us/frame,master,final,1665.7304721666667,1664.801,0.9294721666667556,-27.733393891666214,22.06958741666648,-0.055799673608525335,-1.3159417096195116,1.6709559211033924,uncertain,12,5,10000,2249049410520458099
cpu,NanumGothic-ExtraBold,2,text,reflow,submit_us,3,us/frame,master,final,1666.242,1665.3472778333335,0.8947221666664973,-27.823378504166463,22.07182982916702,-0.05369701199864352,-1.3149823123157072,1.6753651724720129,uncertain,12,5,10000,2249049410520458099
cpu,NanumGothic-ExtraBold,2,text,reported_sequence,complete_us,88,us/sequence,master,final,90248.87575033333,84251.75308083334,5997.122669499993,4914.432110249993,7079.622227960423,-6.6450940464794055,-7.769343436309304,-5.484194208162251,improvement,12,5,10000,2249049410520458099
cpu,NanumGothic-ExtraBold,2,text,reported_sequence,draw_us,88,us/sequence,master,final,90205.78025150001,84207.09892008333,5998.681331416679,4920.24327345416,7078.248202881273,-6.649996612957542,-7.7712376708731705,-5.491098657199783,improvement,12,5,10000,2249049410520458099
cpu,NanumGothic-ExtraBold,2,text,reported_sequence,submit_us,88,us/sequence,master,final,90246.91175675,84249.32608433333,5997.585672416681,4914.940155681262,7079.873467774995,-6.645751700160629,-7.769940157360635,-5.484692660729967,improvement,12,5,10000,2249049410520458099
cpu,NanumGothic-ExtraBold,2,text,size_advance,complete_us,12,us/frame,master,final,4648.192125083333,4207.550923583333,440.6412014999996,382.2622233187499,502.82997276458275,-9.479840541059815,-10.68128518061835,-8.283961063870409,improvement,12,5,10000,2249049410520458099
cpu,NanumGothic-ExtraBold,2,text,size_advance,draw_us,12,us/frame,master,final,4647.2812361666665,4206.673034666666,440.6082015000002,382.41576560416655,502.6525521395839,-9.480988541666957,-10.681713877876502,-8.288806111667238,improvement,12,5,10000,2249049410520458099
cpu,NanumGothic-ExtraBold,2,text,size_advance,submit_us,12,us/frame,master,final,4648.1678405,4207.52986125,440.63797925000017,382.26282917083324,502.8321734374994,-9.479820745943657,-10.681247464468397,-8.284010954123376,improvement,12,5,10000,2249049410520458099
cpu,NanumGothic-ExtraBold,2,text,size_return,complete_us,12,us/frame,master,final,276.13687508333334,284.53176383333334,-8.394888750000007,-13.493123208333328,-4.862478137500062,3.0401186902207833,1.763076035423199,4.8856390761269,regression,12,5,10000,2249049410520458099
cpu,NanumGothic-ExtraBold,2,text,size_return,draw_us,12,us/frame,master,final,275.70513891666667,284.0688265,-8.36368758333333,-13.470590533333308,-4.843338856250061,3.0335624559618024,1.757364045136629,4.879640563998749,regression,12,5,10000,2249049410520458099
cpu,NanumGothic-ExtraBold,2,text,size_return,submit_us,12,us/frame,master,final,276.11400691666665,284.51037491666665,-8.396367999999995,-13.498304845833356,-4.861577614583332,3.040906216153716,1.7637579761999256,4.8868731126475895,regression,12,5,10000,2249049410520458099
cpu,NanumGothic-ExtraBold,2,text,warm,complete_us,30,us/frame,master,final,255.66896391666666,262.6209415833333,-6.951977666666664,-9.267152166666683,-4.609706314583323,2.719132412541314,1.799286429066962,3.6310258769874357,regression,12,5,10000,2249049410520458099
cpu,NanumGothic-ExtraBold,2,text,warm,draw_us,30,us/frame,master,final,255.34130558333334,262.2804694166667,-6.939163833333339,-9.242241639583302,-4.612502031249998,2.71760333389095,1.8038103270434336,3.6278165528819284,regression,12,5,10000,2249049410520458099
cpu,NanumGothic-ExtraBold,2,text,warm,submit_us,30,us/frame,master,final,255.6464805,262.6015055,-6.955024999999978,-9.273022091666643,-4.609571404166653,2.720563563557432,1.799394259243401,3.6335423707418206,regression,12,5,10000,2249049410520458099
cpu,NanumGothic-ExtraBold,2,text,x_advance,complete_us,10,us/frame,master,final,433.1134666666667,384.64893333333333,48.46453333333335,44.605170625000056,52.805222708333325,-11.189800609601619,-12.075999642797068,-10.39513326957424,improvement,12,5,10000,2249049410520458099
cpu,NanumGothic-ExtraBold,2,text,x_advance,draw_us,10,us/frame,master,final,432.64996666666667,384.20868333333334,48.44128333333333,44.57277937500002,52.77796124999998,-11.196414437876223,-12.085885787965276,-10.398968707860945,improvement,12,5,10000,2249049410520458099
cpu,NanumGothic-ExtraBold,2,text,x_advance,submit_us,10,us/frame,master,final,433.09094166666665,384.6270666666667,48.46387499999997,44.605186041666805,52.80464645833338,-11.190230581479288,-12.076717478660456,-10.395649633657891,improvement,12,5,10000,2249049410520458099
cpu,NanumGothic-ExtraBold,2,text,x_return,complete_us,10,us/frame,master,final,261.71384166666667,269.77954166666666,-8.065699999999993,-10.927135416666683,-5.210458958333329,3.0818774997284804,1.9798669709818473,4.198430447009245,regression,12,5,10000,2249049410520458099
cpu,NanumGothic-ExtraBold,2,text,x_return,draw_us,10,us/frame,master,final,261.30829166666666,269.392025,-8.083733333333328,-10.937567291666673,-5.245496041666688,3.0935617395735804,1.996494657262966,4.206820829101094,regression,12,5,10000,2249049410520458099
cpu,NanumGothic-ExtraBold,2,text,x_return,submit_us,10,us/frame,master,final,261.693675,269.7583916666667,-8.064716666666698,-10.92721708333336,-5.210948125000004,3.0817392383162057,1.980324900713607,4.198282502741382,regression,12,5,10000,2249049410520458099
cpu,NanumGothic-ExtraBold,2,text,y_advance,complete_us,10,us/frame,master,final,256.72875,262.22703333333334,-5.498283333333347,-9.198833125000048,-1.9663054166666805,2.1416702778061847,0.7580558462606379,3.615096532760208,regression,12,5,10000,2249049410520458099
cpu,NanumGothic-ExtraBold,2,text,y_advance,draw_us,10,us/frame,master,final,256.37531666666666,261.89685,-5.521533333333309,-9.22252687500001,-1.995141041666635,2.1536914727685375,0.772726679935708,3.626459759340341,regression,12,5,10000,2249049410520458099
cpu,NanumGothic-ExtraBold,2,text,y_advance,submit_us,10,us/frame,master,final,256.70484166666665,262.20729166666666,-5.50245000000001,-9.208063333333309,-1.9738379166666904,2.143492878542963,0.7605997796367009,3.619056461413862,regression,12,5,10000,2249049410520458099
cpu,NanumMyeongjo-ExtraBold,2,demo,first_paint,complete_us,1,us/frame,master,final,2076.6564166666667,1979.7568333333334,96.89958333333334,69.44081666666654,130.29875625000037,-4.666134588063975,-6.2238392705356205,-3.3508618853975944,improvement,12,5,10000,2249049410520458099
cpu,NanumMyeongjo-ExtraBold,2,demo,first_paint,draw_us,1,us/frame,master,final,2074.1874166666666,1977.2741666666666,96.91325000000006,69.51398124999996,130.24796458333333,-4.672347793708298,-6.233698223630344,-3.3586802089746315,improvement,12,5,10000,2249049410520458099
cpu,NanumMyeongjo-ExtraBold,2,demo,first_paint,submit_us,1,us/frame,master,final,2076.6285,1979.7325833333334,96.89591666666638,69.45122499999971,130.29525208333345,-4.666020747893351,-6.223580443412903,-3.351308889159841,improvement,12,5,10000,2249049410520458099
cpu,NanumMyeongjo-ExtraBold,2,demo,pan,complete_us,10,us/frame,master,final,217.22531666666666,219.67145833333333,-2.4461416666666764,-3.8090508333333184,-1.1189512500000747,1.126084981346942,0.513828133197709,1.7524479387542935,regression,12,5,10000,2249049410520458099
cpu,NanumMyeongjo-ExtraBold,2,demo,pan,draw_us,10,us/frame,master,final,215.51005833333335,217.88746666666665,-2.3774083333333067,-3.6750739583332823,-1.082509791666643,1.1031542340618428,0.5017016146627434,1.7037677262126694,regression,12,5,10000,2249049410520458099
cpu,NanumMyeongjo-ExtraBold,2,demo,pan,submit_us,10,us/frame,master,final,217.20695,219.652675,-2.4457249999999817,-3.808326041666664,-1.121960208333326,1.12598837191904,0.5147184926215131,1.7524396153020416,regression,12,5,10000,2249049410520458099
cpu,NanumMyeongjo-ExtraBold,2,demo,reported_sequence,complete_us,65,us/sequence,master,final,47370.2462465,45797.639084166665,1572.6071623333337,1240.5464645791758,1937.728235841679,-3.319820534919693,-4.0646330745737735,-2.631617285821019,improvement,12,5,10000,2249049410520458099
cpu,NanumMyeongjo-ExtraBold,2,demo,reported_sequence,draw_us,65,us/sequence,master,final,47266.47941683333,45692.07391866667,1574.4054981666632,1243.366364570837,1937.8511885208443,-3.3309134033070342,-4.0734563117967495,-2.643209494398497,improvement,12,5,10000,2249049410520458099
cpu,NanumMyeongjo-ExtraBold,2,demo,reported_sequence,submit_us,65,us/sequence,master,final,47368.93308266667,45796.33033316667,1572.6027495000017,1240.5296570083294,1937.7376232291786,-3.3199032512629123,-4.064443259653415,-2.6315637758873427,improvement,12,5,10000,2249049410520458099
cpu,NanumMyeongjo-ExtraBold,2,demo,warm,complete_us,30,us/frame,master,final,214.75844733333332,215.17270275,-0.4142554166666912,-2.3185885958333072,1.3550524687500096,0.19289365415446902,-0.6289046609967636,1.0829563362368049,uncertain,12,5,10000,2249049410520458099
cpu,NanumMyeongjo-ExtraBold,2,demo,warm,draw_us,30,us/frame,master,final,213.07371108333334,213.4154055,-0.34169441666665534,-2.2218966291666638,1.409308249999993,0.16036441798914502,-0.6612622998307788,1.043370316585936,uncertain,12,5,10000,2249049410520458099
cpu,NanumMyeongjo-ExtraBold,2,demo,warm,submit_us,30,us/frame,master,final,214.73856383333333,215.15091108333334,-0.4123472500000105,-2.3170121979167,1.3575865979166903,0.19202291504569757,-0.6293711904604723,1.0824963003529835,uncertain,12,5,10000,2249049410520458099
cpu,NanumMyeongjo-ExtraBold,2,demo,zoom_in,complete_us,12,us/frame,master,final,1821.2745901666667,1758.4152846666666,62.85930550000012,44.962065981249594,79.99513725000013,-3.451390901700757,-4.372681517051902,-2.4773926961111807,improvement,12,5,10000,2249049410520458099
cpu,NanumMyeongjo-ExtraBold,2,demo,zoom_in,draw_us,12,us/frame,master,final,1819.9488195,1757.0645903333334,62.8842291666665,45.0484686187501,79.95386111874983,-3.4552745930483297,-4.37373656196361,-2.484366660668001,improvement,12,5,10000,2249049410520458099
cpu,NanumMyeongjo-ExtraBold,2,demo,zoom_in,submit_us,12,us/frame,master,final,1821.2508541666666,1758.3947291666666,62.85612500000002,44.95731414166715,79.98914105416671,-3.451261250266402,-4.372535589567911,-2.4772851917477596,improvement,12,5,10000,2249049410520458099
cpu,NanumMyeongjo-ExtraBold,2,demo,zoom_out,complete_us,12,us/frame,master,final,1223.1770763333334,1172.1637499166666,51.013326416666814,38.16713660625005,64.23652603333335,-4.170559390271389,-5.16812979311533,-3.1551467742235926,improvement,12,5,10000,2249049410520458099
cpu,NanumMyeongjo-ExtraBold,2,demo,zoom_out,draw_us,12,us/frame,master,final,1221.7343264166666,1170.7433264166666,50.990999999999985,38.24760161250008,64.07247354375008,-4.173656980692031,-5.163429137612085,-3.1642611650724017,improvement,12,5,10000,2249049410520458099
cpu,NanumMyeongjo-ExtraBold,2,demo,zoom_out,submit_us,12,us/frame,master,final,1223.156257,1172.1405765,51.015680500000144,38.168527493749856,64.24283098749993,-4.1708228370694655,-5.168503555108694,-3.155393726646215,improvement,12,5,10000,2249049410520458099
cpu,NanumMyeongjo-ExtraBold,2,font_variations,first_paint,complete_us,1,us/frame,master,final,1084.93075,1041.6354166666667,43.29533333333325,29.07316458333323,61.913506249999834,-3.9906080027073854,-5.596587364911093,-2.716299483656417,improvement,12,5,10000,2249049410520458099
cpu,NanumMyeongjo-ExtraBold,2,font_variations,first_paint,draw_us,1,us/frame,master,final,1084.5348333333334,1041.3680833333333,43.16675000000009,28.96174583333329,61.6010083333334,-3.9802087192834956,-5.579819082937199,-2.7059624295576805,improvement,12,5,10000,2249049410520458099
cpu,NanumMyeongjo-ExtraBold,2,font_variations,first_paint,submit_us,1,us/frame,master,final,1084.9099166666667,1041.6146666666666,43.295250000000124,29.086750000000176,61.909918750000045,-3.990676952518113,-5.595205017639157,-2.716933091422558,improvement,12,5,10000,2249049410520458099
cpu,NanumMyeongjo-ExtraBold,2,font_variations,reported_sequence,complete_us,63,us/sequence,master,final,10807.221918333333,10515.4584125,291.7635058333326,161.1694637708334,476.1042347416681,-2.699708658137079,-4.340373449432654,-1.5081971310959532,improvement,12,5,10000,2249049410520458099
cpu,NanumMyeongjo-ExtraBold,2,font_variations,reported_sequence,draw_us,63,us/sequence,master,final,10799.733496333334,10508.6635845,291.0699118333341,160.6694215583328,475.2423330000018,-2.695158282675736,-4.335529100983258,-1.5045116027308805,improvement,12,5,10000,2249049410520458099
cpu,NanumMyeongjo-ExtraBold,2,font_variations,reported_sequence,submit_us,63,us/sequence,master,final,10805.878502,10514.091498,291.7870039999998,161.3069081624999,476.1607122708306,-2.7002617505461957,-4.339718631723715,-1.5084891342755002,improvement,12,5,10000,2249049410520458099
cpu,NanumMyeongjo-ExtraBold,2,font_variations,slant_advance,complete_us,10,us/frame,master,final,478.25938333333335,460.448575,17.81080833333334,12.484843333333279,23.918692083333426,-3.7240896789514144,-4.943026405080772,-2.639833532245698,improvement,12,5,10000,2249049410520458099
cpu,NanumMyeongjo-ExtraBold,2,font_variations,slant_advance,draw_us,10,us/frame,master,final,478.12015,460.31944166666665,17.800708333333375,12.484016458333322,23.90043562499999,-3.7230617311011405,-4.941967256549305,-2.6398721651299284,improvement,12,5,10000,2249049410520458099
cpu,NanumMyeongjo-ExtraBold,2,font_variations,slant_advance,submit_us,10,us/frame,master,final,478.2402833333333,460.4291083333333,17.81117499999999,12.484876458333348,23.918466250000062,-3.7243150819199378,-4.943853326047775,-2.640306265001669,improvement,12,5,10000,2249049410520458099
cpu,NanumMyeongjo-ExtraBold,2,font_variations,slant_return,complete_us,10,us/frame,master,final,40.00836666666667,39.864583333333336,0.1437833333333316,-0.14895062499999853,0.470491875000001,-0.35938316235519796,-1.1701982407025173,0.372872745816684,uncertain,12,5,10000,2249049410520458099
cpu,NanumMyeongjo-ExtraBold,2,font_variations,slant_return,draw_us,10,us/frame,master,final,39.905966666666664,39.77048333333333,0.13548333333333318,-0.1568089583333377,0.46117499999999645,-0.3395064564279848,-1.1495751525136382,0.39302582887982523,uncertain,12,5,10000,2249049410520458099
cpu,NanumMyeongjo-ExtraBold,2,font_variations,slant_return,submit_us,10,us/frame,master,final,39.988591666666665,39.840941666666666,0.14764999999999873,-0.1433087499999967,0.4716170833333357,-0.3692303075606307,-1.1737359666169225,0.35725056237933384,uncertain,12,5,10000,2249049410520458099
cpu,NanumMyeongjo-ExtraBold,2,font_variations,warm,complete_us,30,us/frame,master,final,37.46203325,38.089,-0.6269667500000011,-0.8267213854166556,-0.4396244604166659,1.6736057699163975,1.1698343836210667,2.212860917413053,regression,12,5,10000,2249049410520458099
cpu,NanumMyeongjo-ExtraBold,2,font_variations,warm,draw_us,30,us/frame,master,final,37.370847166666664,38.003238833333334,-0.6323916666666705,-0.8328669979166744,-0.44464680624999586,1.6922058626242187,1.1867315106581073,2.234583031407862,regression,12,5,10000,2249049410520458099
cpu,NanumMyeongjo-ExtraBold,2,font_variations,warm,submit_us,30,us/frame,master,final,37.43957225,38.069291666666665,-0.6297194166666671,-0.8305679124999884,-0.44096564999999405,1.681962102723178,1.1737226445585665,2.224271296875306,regression,12,5,10000,2249049410520458099
cpu,NanumMyeongjo-ExtraBold,2,font_variations,weight_advance,complete_us,6,us/frame,master,final,524.3953055,508.8084304166667,15.586875083333268,7.630033441666575,23.369308179166676,-2.9723521396652353,-4.398835430305516,-1.4697952358332063,improvement,12,5,10000,2249049410520458099
cpu,NanumMyeongjo-ExtraBold,2,font_variations,weight_advance,draw_us,6,us/frame,master,final,524.20027775,508.63422216666663,15.566055583333423,7.626033862500093,23.332223429166703,-2.9694863288029616,-4.393611396145022,-1.467923729945557,improvement,12,5,10000,2249049410520458099
cpu,NanumMyeongjo-ExtraBold,2,font_variations,weight_advance,submit_us,6,us/frame,master,final,524.37627775,508.79163891666667,15.584638833333315,7.631249087499862,23.36744977708323,-2.9720335367198647,-4.398535220084081,-1.4702967014298516,improvement,12,5,10000,2249049410520458099
cpu,NanumMyeongjo-ExtraBold,2,font_variations,weight_return,complete_us,6,us/frame,master,final,39.068847166666664,39.32527775,-0.2564305833333336,-0.7564748979166672,0.21348712916667656,0.6563556437675366,-0.5439050039793136,1.9493019732849874,uncertain,12,5,10000,2249049410520458099
cpu,NanumMyeongjo-ExtraBold,2,font_variations,weight_return,draw_us,6,us/frame,master,final,38.97338875,39.23209716666667,-0.2587084166666713,-0.7586695270833366,0.20889139583333213,0.6638078570128769,-0.5358561959125174,1.9593596897296761,uncertain,12,5,10000,2249049410520458099
cpu,NanumMyeongjo-ExtraBold,2,font_variations,weight_return,submit_us,6,us/frame,master,final,39.04915283333333,39.298597083333334,-0.24944425000000336,-0.7518475374999983,0.22107335833333072,0.6387955484326691,-0.5617110498250135,1.9361263368199009,uncertain,12,5,10000,2249049410520458099
cpu,NanumMyeongjo-ExtraBold,2,grid_pollution,hot_first,complete_us,1,us/frame,master,final,492.9791666666667,417.52425,75.45491666666669,67.40282499999994,85.10459583333328,-15.305903731564053,-16.996615103725915,-13.838463372231399,improvement,12,5,10000,2249049410520458099
cpu,NanumMyeongjo-ExtraBold,2,grid_pollution,hot_first,draw_us,1,us/frame,master,final,492.74291666666664,417.38175,75.36116666666663,67.28799583333334,85.07759583333326,-15.29421613535793,-16.99679166396178,-13.816269461251032,improvement,12,5,10000,2249049410520458099
cpu,NanumMyeongjo-ExtraBold,2,grid_pollution,hot_first,submit_us,1,us/frame,master,final,492.95141666666666,417.50325,75.44816666666668,67.38525416666667,85.09177708333331,-15.305396052383124,-16.995902353945596,-13.836815035345099,improvement,12,5,10000,2249049410520458099
cpu,NanumMyeongjo-ExtraBold,2,grid_pollution,hot_return,complete_us,1,us/frame,master,final,418.7464166666667,406.5661666666667,12.180250000000001,3.627987500000076,21.611354166666725,-2.90874130863209,-5.077418984693406,-0.8757622456547032,improvement,12,5,10000,2249049410520458099
cpu,NanumMyeongjo-ExtraBold,2,grid_pollution,hot_return,draw_us,1,us/frame,master,final,418.434,406.375,12.059000000000026,3.5661624999998978,21.399420833333384,-2.8819359803457734,-5.030207118426379,-0.8637937461661646,improvement,12,5,10000,2249049410520458099
cpu,NanumMyeongjo-ExtraBold,2,grid_pollution,hot_return,submit_us,1,us/frame,master,final,418.71866666666665,406.5486666666667,12.169999999999959,3.6280854166667584,21.60400625000008,-2.9064861370721395,-5.0706671590923955,-0.8766761184066645,improvement,12,5,10000,2249049410520458099
cpu,NanumMyeongjo-ExtraBold,2,grid_pollution,hot_second,complete_us,1,us/frame,master,final,390.73966666666666,200.91649999999998,189.82316666666668,184.61824791666663,195.44116875,-48.58047003162379,-49.437732466320455,-47.70699725753877,improvement,12,5,10000,2249049410520458099
cpu,NanumMyeongjo-ExtraBold,2,grid_pollution,hot_second,draw_us,1,us/frame,master,final,390.6425,200.82966666666667,189.81283333333332,184.60466250000005,195.42043958333335,-48.58990850543229,-49.44556535274356,-47.71661712748687,improvement,12,5,10000,2249049410520458099
cpu,NanumMyeongjo-ExtraBold,2,grid_pollution,hot_second,submit_us,1,us/frame,master,final,390.72575,200.89233333333334,189.83341666666666,184.62540833333333,195.45833541666667,-48.58482366894597,-49.443781671753264,-47.711461797917,improvement,12,5,10000,2249049410520458099
cpu,NanumMyeongjo-ExtraBold,2,grid_pollution,pollution,complete_us,64,us/frame,master,final,409.34580216666666,400.4785625,8.867239666666649,5.243243039583234,12.804218745833342,-2.166197776973,-3.110601913314151,-1.2859637240267574,improvement,12,5,10000,2249049410520458099
cpu,NanumMyeongjo-ExtraBold,2,grid_pollution,pollution,draw_us,64,us/frame,master,final,409.2540105,400.38621625,8.867794249999974,5.2515980083333655,12.797791174999954,-2.1668191447081653,-3.1099235141090964,-1.2886465502666182,improvement,12,5,10000,2249049410520458099
cpu,NanumMyeongjo-ExtraBold,2,grid_pollution,pollution,submit_us,64,us/frame,master,final,409.3243659166667,400.458281,8.866084916666694,5.241670374999947,12.8036504125001,-2.166029109166623,-3.110472430822757,-1.2855960049601936,improvement,12,5,10000,2249049410520458099
cpu,NanumMyeongjo-ExtraBold,2,grid_singleton,once,complete_us,1,us/frame,master,final,507.83333333333337,423.17008333333337,84.66325,77.72866458333324,92.43026041666661,-16.671463734821135,-17.873914001960262,-15.529730876197918,improvement,12,5,10000,2249049410520458099
cpu,NanumMyeongjo-ExtraBold,2,grid_singleton,once,draw_us,1,us/frame,master,final,507.64233333333334,422.98275,84.65958333333333,77.72574375000006,92.40634166666669,-16.677014065677476,-17.875187036450722,-15.53398680528703,improvement,12,5,10000,2249049410520458099
cpu,NanumMyeongjo-ExtraBold,2,grid_singleton,once,submit_us,1,us/frame,master,final,507.809,423.15633333333335,84.65266666666668,77.70789791666671,92.4238291666666,-16.670178485743005,-17.87326203836359,-15.526004317401284,improvement,12,5,10000,2249049410520458099
cpu,NanumMyeongjo-ExtraBold,2,grid_two_phases,first,complete_us,1,us/frame,master,final,453.67358333333334,384.7708333333333,68.90275000000003,62.87125000000001,74.65642083333333,-15.187736851183208,-16.372559196441404,-13.913363856448317,improvement,12,5,10000,2249049410520458099
cpu,NanumMyeongjo-ExtraBold,2,grid_two_phases,first,draw_us,1,us/frame,master,final,453.5035,384.6285,68.875,62.8610625,74.61449999999996,-15.187313879606224,-16.369007560356625,-13.91493854017275,improvement,12,5,10000,2249049410520458099
cpu,NanumMyeongjo-ExtraBold,2,grid_two_phases,first,submit_us,1,us/frame,master,final,453.65274999999997,384.7535833333333,68.89916666666664,62.87832916666659,74.65266666666666,-15.187644440966498,-16.37235785512058,-13.913830933957792,improvement,12,5,10000,2249049410520458099
cpu,NanumMyeongjo-ExtraBold,2,grid_two_phases,second,complete_us,1,us/frame,master,final,381.41683333333333,197.19441666666665,184.22241666666667,179.89599791666666,188.5278375,-48.2994982305011,-49.246099175607476,-47.272490029885766,improvement,12,5,10000,2249049410520458099
cpu,NanumMyeongjo-ExtraBold,2,grid_two_phases,second,draw_us,1,us/frame,master,final,381.2919166666667,197.08683333333335,184.20508333333333,179.88558124999994,188.50017083333339,-48.3107758862796,-49.25367327807407,-47.28664890138553,improvement,12,5,10000,2249049410520458099
cpu,NanumMyeongjo-ExtraBold,2,grid_two_phases,second,submit_us,1,us/frame,master,final,381.3855,197.18041666666667,184.2050833333333,179.87182916666663,188.52124791666668,-48.29892151991445,-49.244139150957416,-47.27129299769584,improvement,12,5,10000,2249049410520458099
cpu,NanumMyeongjo-ExtraBold,2,grid_unique_sizes,sweep,complete_us,32,us/frame,master,final,386.5181380833333,375.5348125,10.98332558333334,5.088040735416728,18.54133128749992,-2.8416067711071635,-4.72553214424968,-1.3342249358592608,improvement,12,5,10000,2249049410520458099
cpu,NanumMyeongjo-ExtraBold,2,grid_unique_sizes,sweep,draw_us,32,us/frame,master,final,386.41991658333336,375.44421608333334,10.975700500000016,5.087187504166602,18.53283188749996,-2.840355796628058,-4.724564900140118,-1.334057991595556,improvement,12,5,10000,2249049410520458099
cpu,NanumMyeongjo-ExtraBold,2,grid_unique_sizes,sweep,submit_us,32,us/frame,master,final,386.49851025,375.51332541666665,10.985184833333335,5.09331595208332,18.542944241666707,-2.8422321281983076,-4.726147289826197,-1.3350267796132544,improvement,12,5,10000,2249049410520458099
cpu,NanumMyeongjo-ExtraBold,2,grid_unique_variations,sweep,complete_us,32,us/frame,master,final,257.41844283333336,179.5278125,77.89063033333335,74.33523549583334,83.17383624583331,-30.258372118179565,-31.651576128225635,-29.27770181464084,improvement,12,5,10000,2249049410520458099
cpu,NanumMyeongjo-ExtraBold,2,grid_unique_variations,sweep,draw_us,32,us/frame,master,final,257.31661975000003,179.43455716666665,77.88206258333338,74.3248288291667,83.17290435416666,-30.267016043892113,-31.66689529550905,-29.283198453721297,improvement,12,5,10000,2249049410520458099
cpu,NanumMyeongjo-ExtraBold,2,grid_unique_variations,sweep,submit_us,32,us/frame,master,final,257.395328,179.506539,77.888789,74.3324576208333,83.17284988958335,-30.260374034450233,-31.654125503316163,-29.279666818719665,improvement,12,5,10000,2249049410520458099
cpu,NanumMyeongjo-ExtraBold,2,text,first_paint,complete_us,1,us/frame,master,final,8232.97925,7419.875,813.1042500000003,747.6139729166673,891.2416583333348,-9.876184857383198,-10.716755677182123,-9.156090545087679,improvement,12,5,10000,2249049410520458099
cpu,NanumMyeongjo-ExtraBold,2,text,first_paint,draw_us,1,us/frame,master,final,8229.83675,7417.253416666666,812.5833333333339,747.1590541666656,890.6520187500013,-9.873626391596824,-10.712960479567586,-9.153264604666646,improvement,12,5,10000,2249049410520458099
cpu,NanumMyeongjo-ExtraBold,2,text,first_paint,submit_us,1,us/frame,master,final,8232.9515,7419.847083333333,813.1044166666661,747.6104687500008,891.238256249999,-9.876220170453653,-10.716792735938858,-9.156083032595811,improvement,12,5,10000,2249049410520458099
cpu,NanumMyeongjo-ExtraBold,2,text,reflow,complete_us,3,us/frame,master,final,1676.6701666666665,1670.80325,5.8669166666666115,-12.426343802083107,23.24571955416654,-0.34991477651984404,-1.3755481228866764,0.7451181649023793,uncertain,12,5,10000,2249049410520458099
cpu,NanumMyeongjo-ExtraBold,2,text,reflow,draw_us,3,us/frame,master,final,1676.08558325,1670.2639166666668,5.821666583333126,-12.44344386041688,23.157013585416653,-0.34733707165743866,-1.366630837469931,0.7461193786097324,uncertain,12,5,10000,2249049410520458099
cpu,NanumMyeongjo-ExtraBold,2,text,reflow,submit_us,3,us/frame,master,final,1676.64588875,1670.77777775,5.868110999999999,-12.429782166666529,23.24622002708314,-0.34999107679051233,-1.3757690254335824,0.7450663038211602,uncertain,12,5,10000,2249049410520458099
cpu,NanumMyeongjo-ExtraBold,2,text,reported_sequence,complete_us,88,us/sequence,master,final,90983.99416741666,84349.435501,6634.558666416662,6224.977529839594,7064.517842858361,-7.292006387638494,-7.751118306467542,-6.847611385372459,improvement,12,5,10000,2249049410520458099
cpu,NanumMyeongjo-ExtraBold,2,text,reported_sequence,draw_us,88,us/sequence,master,final,90941.54791933333,84307.248831,6634.299088333326,6226.36782163959,7063.809245860428,-7.2951244399513175,-7.754018689779691,-6.850664519187178,improvement,12,5,10000,2249049410520458099
cpu,NanumMyeongjo-ExtraBold,2,text,reported_sequence,submit_us,88,us/sequence,master,final,90982.04841666666,84347.57191991666,6634.476496749994,6224.926690235382,7064.451481493749,-7.2920720210281065,-7.751199880342818,-6.847580675061239,improvement,12,5,10000,2249049410520458099
cpu,NanumMyeongjo-ExtraBold,2,text,size_advance,complete_us,12,us/frame,master,final,4770.5410833333335,4293.752555666667,476.7885276666666,440.00217051250036,518.5890589770833,-9.99443290264086,-10.824459014066559,-9.249039213080302,improvement,12,5,10000,2249049410520458099
cpu,NanumMyeongjo-ExtraBold,2,text,size_advance,draw_us,12,us/frame,master,final,4769.754902833333,4292.955159833334,476.7997429999996,440.040934783334,518.5824187770845,-9.99631538125304,-10.82622569191564,-9.251383713560326,improvement,12,5,10000,2249049410520458099
cpu,NanumMyeongjo-ExtraBold,2,text,size_advance,submit_us,12,us/frame,master,final,4770.522868,4293.730020916667,476.7928470833331,440.0030758166678,518.595427543751,-9.994561608363572,-10.824658410677618,-9.24911825833754,improvement,12,5,10000,2249049410520458099
cpu,NanumMyeongjo-ExtraBold,2,text,size_return,complete_us,12,us/frame,master,final,275.3680625,280.3455069166667,-4.977444416666685,-8.702367304166698,-0.9655212687500014,1.8075605324298305,0.34825207352579274,3.1935089203702063,regression,12,5,10000,2249049410520458099
cpu,NanumMyeongjo-ExtraBold,2,text,size_return,draw_us,12,us/frame,master,final,274.9290555,279.92422216666665,-4.995166666666648,-8.718576881250028,-0.9756925895833769,1.8168929644712062,0.35190562542642084,3.207648292916801,regression,12,5,10000,2249049410520458099
cpu,NanumMyeongjo-ExtraBold,2,text,size_return,submit_us,12,us/frame,master,final,275.34397924999996,280.3267221666667,-4.982742916666723,-8.70865724375006,-0.9743463125000075,1.809642952876267,0.3512204361312994,3.197272897973105,regression,12,5,10000,2249049410520458099
cpu,NanumMyeongjo-ExtraBold,2,text,warm,complete_us,30,us/frame,master,final,253.84071941666667,261.90752233333336,-8.066802916666688,-10.107481918749974,-5.867710654166658,3.177899485631941,2.3004018692949684,4.014415047392518,regression,12,5,10000,2249049410520458099
cpu,NanumMyeongjo-ExtraBold,2,text,warm,draw_us,30,us/frame,master,final,253.51262508333332,261.52509725,-8.012472166666669,-10.041685829166635,-5.8332146895834,3.160581120578443,2.2867291335975763,4.000936234606693,regression,12,5,10000,2249049410520458099
cpu,NanumMyeongjo-ExtraBold,2,text,warm,submit_us,30,us/frame,master,final,253.81955558333334,261.88516941666666,-8.065613833333316,-10.10653550625,-5.869087793749975,3.1776959875281285,2.3005840998852904,4.014289685670299,regression,12,5,10000,2249049410520458099
cpu,NanumMyeongjo-ExtraBold,2,text,x_advance,complete_us,10,us/frame,master,final,433.54513333333335,382.8405666666667,50.704566666666665,46.994431875000025,54.5735277083334,-11.69533752502815,-12.481788357243683,-10.935246173734706,improvement,12,5,10000,2249049410520458099
cpu,NanumMyeongjo-ExtraBold,2,text,x_advance,draw_us,10,us/frame,master,final,433.0860583333333,382.4083166666667,50.677741666666634,46.98414187500008,54.52934729166662,-11.701540765752727,-12.483943588147094,-10.94416135880469,improvement,12,5,10000,2249049410520458099
cpu,NanumMyeongjo-ExtraBold,2,text,x_advance,submit_us,10,us/frame,master,final,433.52355,382.8170416666667,50.70650833333332,46.99802541666679,54.57727937500003,-11.69636766753117,-12.483284469461838,-10.935882752422915,improvement,12,5,10000,2249049410520458099
cpu,NanumMyeongjo-ExtraBold,2,text,x_return,complete_us,10,us/frame,master,final,259.1972166666667,267.7208416666667,-8.523624999999981,-10.369258750000027,-6.625349374999984,3.2884708831428355,2.554350019891123,4.017180153057526,regression,12,5,10000,2249049410520458099
cpu,NanumMyeongjo-ExtraBold,2,text,x_return,draw_us,10,us/frame,master,final,258.802775,267.31980833333336,-8.517033333333359,-10.3566589583333,-6.621189583333378,3.290935861616373,2.5580668978245806,4.016438662466375,regression,12,5,10000,2249049410520458099
cpu,NanumMyeongjo-ExtraBold,2,text,x_return,submit_us,10,us/frame,master,final,259.17566666666664,267.6979166666667,-8.522250000000042,-10.367053125000051,-6.625379999999967,3.288213785501992,2.553480616838503,4.016208511445134,regression,12,5,10000,2249049410520458099
cpu,NanumMyeongjo-ExtraBold,2,text,y_advance,complete_us,10,us/frame,master,final,254.22219166666667,264.0038166666667,-9.78162500000002,-14.324766458333293,-6.5763647916666255,3.8476676390334807,2.582627350315171,5.61410829481915,regression,12,5,10000,2249049410520458099
cpu,NanumMyeongjo-ExtraBold,2,text,y_advance,draw_us,10,us/frame,master,final,253.86910833333332,263.629175,-9.76006666666666,-14.29045479166669,-6.559356875000037,3.8445270993159086,2.5838577616364407,5.610157779396834,regression,12,5,10000,2249049410520458099
cpu,NanumMyeongjo-ExtraBold,2,text,y_advance,submit_us,10,us/frame,master,final,254.19751666666667,263.98021666666665,-9.782699999999977,-14.322670208333314,-6.578513541666669,3.8484640323328545,2.5831543056156683,5.614160092397986,regression,12,5,10000,2249049410520458099
cpu,NanumMyeongjo-Regular,2,demo,first_paint,complete_us,1,us/frame,master,final,2061.072833333333,2006.2153333333333,54.857499999999845,18.152322916666815,88.58369374999963,-2.6615992949302947,-4.2641855589576245,-0.8866824545292434,improvement,12,5,10000,2249049410520458099
cpu,NanumMyeongjo-Regular,2,demo,first_paint,draw_us,1,us/frame,master,final,2058.5866666666666,2003.2290833333334,55.357583333333196,19.24596875000019,88.70613958333296,-2.6891062800367793,-4.280443058918583,-0.9415069841618373,improvement,12,5,10000,2249049410520458099
cpu,NanumMyeongjo-Regular,2,demo,first_paint,submit_us,1,us/frame,master,final,2061.0553333333332,2006.1978333333334,54.857499999999845,18.156162499999983,88.59410624999971,-2.6616218940264558,-4.264004477767223,-0.8876470405438665,improvement,12,5,10000,2249049410520458099
cpu,NanumMyeongjo-Regular,2,demo,pan,complete_us,10,us/frame,master,final,218.957625,217.79753333333332,1.1600916666666876,-2.0790491666666546,5.026764166666648,-0.5298247396804179,-2.276467798640703,0.9515121570230763,uncertain,12,5,10000,2249049410520458099
cpu,NanumMyeongjo-Regular,2,demo,pan,draw_us,10,us/frame,master,final,217.244425,216.00588333333334,1.2385416666666629,-1.9397095833333324,5.033276458333351,-0.570114361584495,-2.298574298290526,0.8993737652018298,uncertain,12,5,10000,2249049410520458099
cpu,NanumMyeongjo-Regular,2,demo,pan,submit_us,10,us/frame,master,final,218.93713333333332,217.77669166666666,1.1604416666666566,-2.079806458333364,5.02619354166668,-0.5300341924637686,-2.27710661694998,0.9522754482982829,uncertain,12,5,10000,2249049410520458099
cpu,NanumMyeongjo-Regular,2,demo,reported_sequence,complete_us,65,us/sequence,master,final,46658.57650066666,45253.22825183334,1405.3482488333248,903.1806667708357,1880.6041547291618,-3.0119826926422566,-4.014764897490549,-1.9436861955040095,improvement,12,5,10000,2249049410520458099
cpu,NanumMyeongjo-Regular,2,demo,reported_sequence,draw_us,65,us/sequence,master,final,46554.20716683333,45146.38199583333,1407.8251709999968,909.5406536083403,1880.0395959958241,-3.0240557334697216,-4.022754012711489,-1.9613673276043628,improvement,12,5,10000,2249049410520458099
cpu,NanumMyeongjo-Regular,2,demo,reported_sequence,submit_us,65,us/sequence,master,final,46657.19491233333,45251.93350083333,1405.2614115000033,902.9792623333317,1880.4457473458322,-3.0118857641151076,-4.014658855174736,-1.9435482690006476,improvement,12,5,10000,2249049410520458099
cpu,NanumMyeongjo-Regular,2,demo,warm,complete_us,30,us/frame,master,final,215.24664166666668,217.20355833333332,-1.9569166666666433,-3.225697022916622,-0.5598290895833081,0.9091508473786813,0.258492979502411,1.5105354970590121,regression,12,5,10000,2249049410520458099
cpu,NanumMyeongjo-Regular,2,demo,warm,draw_us,30,us/frame,master,final,213.54859175,215.16944175,-1.6208499999999901,-3.042438441666648,-0.099175599999976,0.7590075807652807,0.04592870425023045,1.4369103340099314,regression,12,5,10000,2249049410520458099
cpu,NanumMyeongjo-Regular,2,demo,warm,submit_us,30,us/frame,master,final,215.22373608333334,217.18111666666667,-1.9573805833333324,-3.2261362812499614,-0.5601681958333196,0.9094631563200117,0.25838124714959165,1.5112392950316715,regression,12,5,10000,2249049410520458099
cpu,NanumMyeongjo-Regular,2,demo,zoom_in,complete_us,12,us/frame,master,final,1790.7719790833332,1724.55984025,66.21213883333326,40.596725904166746,89.54433772708339,-3.697407576548417,-4.965000311397717,-2.266821355235989,improvement,12,5,10000,2249049410520458099
cpu,NanumMyeongjo-Regular,2,demo,zoom_in,draw_us,12,us/frame,master,final,1789.41202075,1723.2032986666666,66.20872208333344,40.68457918333333,89.4296001187499,-3.7000266744370736,-4.964698337983938,-2.273835766329054,improvement,12,5,10000,2249049410520458099
cpu,NanumMyeongjo-Regular,2,demo,zoom_in,submit_us,12,us/frame,master,final,1790.750854,1724.5395903333333,66.21126366666658,40.59474890833298,89.54464002499994,-3.697402322538079,-4.965155229359822,-2.2667794503754326,improvement,12,5,10000,2249049410520458099
cpu,NanumMyeongjo-Regular,2,demo,zoom_out,complete_us,12,us/frame,master,final,1203.37352775,1159.9169235833333,43.45660416666669,26.893670999999973,59.056383435416755,-3.611231522428404,-4.869133055811936,-2.244547355984806,improvement,12,5,10000,2249049410520458099
cpu,NanumMyeongjo-Regular,2,demo,zoom_out,draw_us,12,us/frame,master,final,1201.9325485,1158.4941944166667,43.43835408333325,26.913458452083393,58.96510221249987,-3.614042579805654,-4.871255539861297,-2.2499916390942842,improvement,12,5,10000,2249049410520458099
cpu,NanumMyeongjo-Regular,2,demo,zoom_out,submit_us,12,us/frame,master,final,1203.3515346666666,1159.8972429166668,43.45429174999981,26.886290391666883,59.05582005833349,-3.6111053585049735,-4.869214925754113,-2.2441458202026814,improvement,12,5,10000,2249049410520458099
cpu,NanumMyeongjo-Regular,2,font_variations,first_paint,complete_us,1,us/frame,master,final,1081.21525,1055.7118333333333,25.50341666666668,12.155654166666636,39.489766666666775,-2.358773303157413,-3.6156334366259317,-1.1293391794324588,improvement,12,5,10000,2249049410520458099
cpu,NanumMyeongjo-Regular,2,font_variations,first_paint,draw_us,1,us/frame,master,final,1080.8993333333333,1055.4721666666667,25.427166666666608,12.045070833333233,39.43083958333331,-2.352408395724792,-3.610725640329189,-1.1206635830511482,improvement,12,5,10000,2249049410520458099
cpu,NanumMyeongjo-Regular,2,font_variations,first_paint,submit_us,1,us/frame,master,final,1081.1944166666667,1055.684,25.510416666666742,12.169489583333172,39.48984375000014,-2.3594661860459443,-3.6157410896440716,-1.1306575085123836,improvement,12,5,10000,2249049410520458099
cpu,NanumMyeongjo-Regular,2,font_variations,reported_sequence,complete_us,63,us/sequence,master,final,10933.621413,10681.3174975,252.30391550000058,31.788965849999794,479.69913489999993,-2.3075969614240854,-4.312049928716151,-0.2941568196592643,improvement,12,5,10000,2249049410520458099
cpu,NanumMyeongjo-Regular,2,font_variations,reported_sequence,draw_us,63,us/sequence,master,final,10926.288500999999,10674.340665666667,251.94783533333248,31.89776054166578,478.9143389541663,-2.305886718168515,-4.30869204383316,-0.29405472170100067,improvement,12,5,10000,2249049410520458099
cpu,NanumMyeongjo-Regular,2,font_variations,reported_sequence,submit_us,63,us/sequence,master,final,10932.361168333333,10679.929081,252.43208733333267,31.92856640416712,479.8080653125006,-2.309035380797031,-4.314578944515173,-0.29565416350131246,improvement,12,5,10000,2249049410520458099
cpu,NanumMyeongjo-Regular,2,font_variations,slant_advance,complete_us,10,us/frame,master,final,489.32126666666665,466.0441083333333,23.27715833333332,9.8092022916666,41.57735374999994,-4.757029771442589,-8.195288525508358,-2.052359119770809,improvement,12,5,10000,2249049410520458099
cpu,NanumMyeongjo-Regular,2,font_variations,slant_advance,draw_us,10,us/frame,master,final,489.1639916666667,465.90525,23.25874166666665,9.81689041666669,41.52204687500006,-4.754794314974021,-8.187734148672494,-2.0533591245413474,improvement,12,5,10000,2249049410520458099
cpu,NanumMyeongjo-Regular,2,font_variations,slant_advance,submit_us,10,us/frame,master,final,489.30247499999996,466.01984166666665,23.282633333333308,9.819103333333405,41.57389541666657,-4.758331404993054,-8.196339728602775,-2.055014316736265,improvement,12,5,10000,2249049410520458099
cpu,NanumMyeongjo-Regular,2,font_variations,slant_return,complete_us,10,us/frame,master,final,39.89653333333333,40.292375,-0.3958416666666693,-0.8561916666666672,0.1058749999999975,0.9921705812367954,-0.2638208191070343,2.155078060060308,uncertain,12,5,10000,2249049410520458099
cpu,NanumMyeongjo-Regular,2,font_variations,slant_return,draw_us,10,us/frame,master,final,39.79375,40.197941666666665,-0.4041916666666623,-0.863495208333328,0.09481645833333262,1.0157164546358732,-0.23751471556875012,2.1787689677954445,uncertain,12,5,10000,2249049410520458099
cpu,NanumMyeongjo-Regular,2,font_variations,slant_return,submit_us,10,us/frame,master,final,39.87538333333333,40.270183333333335,-0.3948000000000036,-0.8521589583333352,0.10390645833333609,0.9900845258332014,-0.2590663258248324,2.145725203321463,uncertain,12,5,10000,2249049410520458099
cpu,NanumMyeongjo-Regular,2,font_variations,warm,complete_us,30,us/frame,master,final,37.89246108333333,38.1063335,-0.21387241666666768,-0.6982839041666686,0.294957164583334,0.5644194400472369,-0.7732929650552552,1.8550401937979792,uncertain,12,5,10000,2249049410520458099
cpu,NanumMyeongjo-Regular,2,font_variations,warm,draw_us,30,us/frame,master,final,37.8023,38.0197945,-0.2174945000000008,-0.7026538250000047,0.2907245437500019,0.5753472672297644,-0.7632033947500533,1.8667487151284508,uncertain,12,5,10000,2249049410520458099
cpu,NanumMyeongjo-Regular,2,font_variations,warm,submit_us,30,us/frame,master,final,37.87106666666667,38.08447208333333,-0.21340541666666013,-0.6976727604166635,0.2938861270833401,0.5635051648927858,-0.7715381033086746,1.8564877919795313,uncertain,12,5,10000,2249049410520458099
cpu,NanumMyeongjo-Regular,2,font_variations,weight_advance,complete_us,6,us/frame,master,final,530.93575,514.4063470833333,16.52940291666664,5.953556122916692,27.693674312499834,-3.1132586036383247,-5.109089734922924,-1.1301861529436643,improvement,12,5,10000,2249049410520458099
cpu,NanumMyeongjo-Regular,2,font_variations,weight_advance,draw_us,6,us/frame,master,final,530.7124306666667,514.2165138333334,16.495916833333354,5.932199339583244,27.63468261875,-3.108258989263102,-5.100164034260489,-1.1265360550066594,improvement,12,5,10000,2249049410520458099
cpu,NanumMyeongjo-Regular,2,font_variations,weight_advance,submit_us,6,us/frame,master,final,530.9143473333334,514.3808889166667,16.53345841666669,5.961137900000041,27.694326960416667,-3.114147978804982,-5.10936016012411,-1.1316572178635114,improvement,12,5,10000,2249049410520458099
cpu,NanumMyeongjo-Regular,2,font_variations,weight_return,complete_us,6,us/frame,master,final,39.20029158333333,39.3361805,-0.1358889166666657,-0.8263129750000026,0.6279589416666658,0.3466528211347297,-1.5885256183167848,2.1249815181882834,uncertain,12,5,10000,2249049410520458099
cpu,NanumMyeongjo-Regular,2,font_variations,weight_return,draw_us,6,us/frame,master,final,39.100736166666664,39.24358325,-0.1428470833333364,-0.8292054416666671,0.6193210541666693,0.36533093066188904,-1.5668635143066976,2.1436748513368182,uncertain,12,5,10000,2249049410520458099
cpu,NanumMyeongjo-Regular,2,font_variations,weight_return,submit_us,6,us/frame,master,final,39.180027833333334,39.315972083333335,-0.13594425000000143,-0.8284310770833293,0.6279565541666641,0.3469733369723116,-1.5866214398699252,2.134441983823596,uncertain,12,5,10000,2249049410520458099
cpu,NanumMyeongjo-Regular,2,grid_pollution,hot_first,complete_us,1,us/frame,master,final,506.6598333333333,432.31941666666665,74.34041666666667,64.78107500000003,85.04526666666666,-14.67264854558894,-16.565474518085242,-12.881627659233622,improvement,12,5,10000,2249049410520458099
cpu,NanumMyeongjo-Regular,2,grid_pollution,hot_first,draw_us,1,us/frame,master,final,506.41341666666665,432.1075,74.30591666666663,64.78531874999994,85.00812083333332,-14.672975521810983,-16.56251291501773,-12.889837746975171,improvement,12,5,10000,2249049410520458099
cpu,NanumMyeongjo-Regular,2,grid_pollution,hot_first,submit_us,1,us/frame,master,final,506.64591666666666,432.302,74.34391666666664,64.7984145833333,85.04875625000003,-14.673742395042167,-16.56441244313148,-12.885122972819664,improvement,12,5,10000,2249049410520458099
cpu,NanumMyeongjo-Regular,2,grid_pollution,hot_return,complete_us,1,us/frame,master,final,433.60766666666666,419.1700833333333,14.43758333333335,7.3504875000000265,21.531670833333287,-3.329642080436779,-4.890816738193818,-1.7057814679504621,improvement,12,5,10000,2249049410520458099
cpu,NanumMyeongjo-Regular,2,grid_pollution,hot_return,draw_us,1,us/frame,master,final,433.36816666666664,418.9549166666667,14.413249999999948,7.333495833333309,21.472516666666618,-3.3258672668235345,-4.882478442549721,-1.7047567296211554,improvement,12,5,10000,2249049410520458099
cpu,NanumMyeongjo-Regular,2,grid_pollution,hot_return,submit_us,1,us/frame,master,final,433.58675,419.15625,14.430499999999995,7.350087500000128,21.524418749999974,-3.328169045756124,-4.890233973786596,-1.7034608187287812,improvement,12,5,10000,2249049410520458099
cpu,NanumMyeongjo-Regular,2,grid_pollution,hot_second,complete_us,1,us/frame,master,final,395.74666666666667,192.2155,203.53116666666668,198.94416458333342,208.97959583333335,-51.429660388800926,-52.217543355933564,-50.71789922190604,improvement,12,5,10000,2249049410520458099
cpu,NanumMyeongjo-Regular,2,grid_pollution,hot_second,draw_us,1,us/frame,master,final,395.63916666666665,192.13891666666666,203.50025,198.9169166666667,208.9273354166667,-51.43582009701602,-52.22265965437109,-50.726278745418135,improvement,12,5,10000,2249049410520458099
cpu,NanumMyeongjo-Regular,2,grid_pollution,hot_second,submit_us,1,us/frame,master,final,395.73625,192.20166666666665,203.53458333333333,198.93741458333338,208.9762708333333,-51.431877502587476,-52.21951737555932,-50.72065861709221,improvement,12,5,10000,2249049410520458099
cpu,NanumMyeongjo-Regular,2,grid_pollution,pollution,complete_us,64,us/frame,master,final,416.57257175,410.6288554166667,5.943716333333327,-0.8125306020833021,12.241675320833325,-1.426814134296961,-2.895888411583077,0.19570003323496865,uncertain,12,5,10000,2249049410520458099
cpu,NanumMyeongjo-Regular,2,grid_pollution,pollution,draw_us,64,us/frame,master,final,416.47244908333334,410.53423691666666,5.938212166666688,-0.8095067208333149,12.227214706249972,-1.425835533595765,-2.891714204620483,0.1939135717578045,uncertain,12,5,10000,2249049410520458099
cpu,NanumMyeongjo-Regular,2,grid_pollution,pollution,submit_us,64,us/frame,master,final,416.55168233333336,410.60654425,5.945138083333347,-0.8106045208333482,12.243339124999931,-1.4272270009885402,-2.896566945982161,0.19566420302779977,uncertain,12,5,10000,2249049410520458099
cpu,NanumMyeongjo-Regular,2,grid_singleton,once,complete_us,1,us/frame,master,final,505.48275,442.15274999999997,63.33000000000004,52.18424583333335,73.73982916666674,-12.528617445402446,-14.461625834339271,-10.357483275089313,improvement,12,5,10000,2249049410520458099
cpu,NanumMyeongjo-Regular,2,grid_singleton,once,draw_us,1,us/frame,master,final,505.28133333333335,441.8785,63.402833333333376,52.36149791666664,73.75692291666658,-12.548026050174032,-14.46927443740462,-10.399264463117738,improvement,12,5,10000,2249049410520458099
cpu,NanumMyeongjo-Regular,2,grid_singleton,once,submit_us,1,us/frame,master,final,505.46175,442.132,63.32974999999999,52.187493750000016,73.73625416666671,-12.529088501751119,-14.460903001640297,-10.358365480695316,improvement,12,5,10000,2249049410520458099
cpu,NanumMyeongjo-Regular,2,grid_two_phases,first,complete_us,1,us/frame,master,final,456.38191666666665,391.07983333333334,65.30208333333331,56.43724999999997,73.47608333333334,-14.308648294018367,-15.847329285004108,-12.55584659782967,improvement,12,5,10000,2249049410520458099
cpu,NanumMyeongjo-Regular,2,grid_two_phases,first,draw_us,1,us/frame,master,final,456.2221666666667,390.8958333333333,65.32633333333337,56.4585770833332,73.47592499999995,-14.318973979417194,-15.866035783815622,-12.564305456942083,improvement,12,5,10000,2249049410520458099
cpu,NanumMyeongjo-Regular,2,grid_two_phases,first,submit_us,1,us/frame,master,final,456.3611666666667,391.0590833333333,65.30208333333337,56.43424583333335,73.48640833333333,-14.309298884984011,-15.84869327130605,-12.556968291590048,improvement,12,5,10000,2249049410520458099
cpu,NanumMyeongjo-Regular,2,grid_two_phases,second,complete_us,1,us/frame,master,final,385.41325,191.67016666666666,193.74308333333335,186.81558333333334,200.2743479166666,-50.26892130286993,-51.309325881975234,-49.09207247808528,improvement,12,5,10000,2249049410520458099
cpu,NanumMyeongjo-Regular,2,grid_two_phases,second,draw_us,1,us/frame,master,final,385.2916666666667,191.57658333333333,193.71508333333335,186.7883187500001,200.24624791666673,-50.2775170325511,-51.31691142954662,-49.10101282916051,improvement,12,5,10000,2249049410520458099
cpu,NanumMyeongjo-Regular,2,grid_two_phases,second,submit_us,1,us/frame,master,final,385.4028333333333,191.65275,193.75008333333332,186.81933125,200.29525416666675,-50.27209625253577,-51.31462153512461,-49.0965390181532,improvement,12,5,10000,2249049410520458099
cpu,NanumMyeongjo-Regular,2,grid_unique_sizes,sweep,complete_us,32,us/frame,master,final,392.7778985,386.4734375,6.304461000000003,1.472549106250031,11.804722675000056,-1.6050956594239274,-2.946705471919967,-0.3773449121122295,improvement,12,5,10000,2249049410520458099
cpu,NanumMyeongjo-Regular,2,grid_unique_sizes,sweep,draw_us,32,us/frame,master,final,392.68271625,386.3770676666667,6.305648583333323,1.4800071020834096,11.797415872916647,-1.6057871463125095,-2.945424374123189,-0.37855166063673773,improvement,12,5,10000,2249049410520458099
cpu,NanumMyeongjo-Regular,2,grid_unique_sizes,sweep,submit_us,32,us/frame,master,final,392.7582735,386.4514844166667,6.306789083333285,1.4763934145833717,11.807697287500009,-1.6057686136389693,-2.947304771256588,-0.377714466839192,improvement,12,5,10000,2249049410520458099
cpu,NanumMyeongjo-Regular,2,grid_unique_variations,sweep,complete_us,32,us/frame,master,final,256.07648958333334,181.23277866666666,74.84371091666668,71.8450690666667,78.36528556666661,-29.227091889007937,-30.150688682819382,-28.36692018811639,improvement,12,5,10000,2249049410520458099
cpu,NanumMyeongjo-Regular,2,grid_unique_variations,sweep,draw_us,32,us/frame,master,final,255.97686208333334,181.14747116666666,74.82939091666668,71.8384334958333,78.34250343958331,-29.23287296658319,-30.155514737774666,-28.374549770680208,improvement,12,5,10000,2249049410520458099
cpu,NanumMyeongjo-Regular,2,grid_unique_variations,sweep,submit_us,32,us/frame,master,final,256.0553151666667,181.21217966666666,74.84313550000002,71.84469510833331,78.3635221145833,-29.22928409093345,-30.152528851184247,-28.36901002722991,improvement,12,5,10000,2249049410520458099
cpu,NanumMyeongjo-Regular,2,text,first_paint,complete_us,1,us/frame,master,final,8439.118083333333,7644.548666666667,794.5694166666663,725.7822208333323,857.9208625000018,-9.415313410958015,-10.158737551753164,-8.616846331422503,improvement,12,5,10000,2249049410520458099
cpu,NanumMyeongjo-Regular,2,text,first_paint,draw_us,1,us/frame,master,final,8436.041583333334,7641.670166666667,794.3714166666668,725.7185791666658,857.5035145833322,-9.41639996460031,-10.159677665001073,-8.617979674574997,improvement,12,5,10000,2249049410520458099
cpu,NanumMyeongjo-Regular,2,text,first_paint,submit_us,1,us/frame,master,final,8439.093666666668,7644.524333333333,794.5693333333347,725.7650625,857.9210395833325,-9.415339664634615,-10.158809210333837,-8.616757911940846,improvement,12,5,10000,2249049410520458099
cpu,NanumMyeongjo-Regular,2,text,reflow,complete_us,3,us/frame,master,final,1692.5601666666666,1697.9029166666667,-5.342750000000024,-25.042440249999945,16.72331755208309,0.31566086129286575,-0.9755992755876991,1.4966296304492759,uncertain,12,5,10000,2249049410520458099
cpu,NanumMyeongjo-Regular,2,text,reflow,draw_us,3,us/frame,master,final,1691.9560278333333,1697.2477223333333,-5.291694499999949,-24.95539671458327,16.71437360833285,0.3127560298819443,-0.9748393972969962,1.4889311004253674,uncertain,12,5,10000,2249049410520458099
cpu,NanumMyeongjo-Regular,2,text,reflow,submit_us,3,us/frame,master,final,1692.5335279166666,1697.8843333333334,-5.350805416666844,-25.044881108333556,16.71076210625031,0.3161417678533729,-0.9748269419535673,1.497016172315572,uncertain,12,5,10000,2249049410520458099
cpu,NanumMyeongjo-Regular,2,text,reported_sequence,complete_us,88,us/sequence,master,final,92156.46324883333,85457.59742316666,6698.865825666668,5685.927012879167,7789.131797110433,-7.269013577028172,-8.370499825131962,-6.193190727486315,improvement,12,5,10000,2249049410520458099
cpu,NanumMyeongjo-Regular,2,text,reported_sequence,draw_us,88,us/sequence,master,final,92112.73875333334,85412.70382933333,6700.034924000007,5690.560267954143,7787.8360262104225,-7.273733269338434,-8.37143484208669,-6.201266182542962,improvement,12,5,10000,2249049410520458099
cpu,NanumMyeongjo-Regular,2,text,reported_sequence,submit_us,88,us/sequence,master,final,92154.644665,85455.85758241666,6698.787082583338,5685.851320775009,7789.053603358332,-7.269071577384656,-8.370560991231791,-6.193265556244095,improvement,12,5,10000,2249049410520458099
cpu,NanumMyeongjo-Regular,2,text,size_advance,complete_us,12,us/frame,master,final,4834.310993083333,4347.231486166666,487.079506916667,422.1743786979164,561.453527520833,-10.07546902988975,-11.435173867355514,-8.802073053168135,improvement,12,5,10000,2249049410520458099
cpu,NanumMyeongjo-Regular,2,text,size_advance,draw_us,12,us/frame,master,final,4833.393437666667,4346.4006945833335,486.99274308333315,422.1284915833338,561.2834029458335,-10.075586632120526,-11.432437071790414,-8.803386670468052,improvement,12,5,10000,2249049410520458099
cpu,NanumMyeongjo-Regular,2,text,size_advance,submit_us,12,us/frame,master,final,4834.293895833333,4347.210944500001,487.08295133333286,422.17843472083376,561.4558336229167,-10.075575913023172,-11.435252013490146,-8.802205559427922,improvement,12,5,10000,2249049410520458099
cpu,NanumMyeongjo-Regular,2,text,size_return,complete_us,12,us/frame,master,final,276.5060138333333,282.80375,-6.2977361666666525,-12.764656660416627,-0.09134435625002109,2.2776127286919134,0.032731500931522155,4.61440968504634,regression,12,5,10000,2249049410520458099
cpu,NanumMyeongjo-Regular,2,text,size_return,draw_us,12,us/frame,master,final,276.059257,282.35125691666667,-6.2919999166666685,-12.696878845833323,-0.11127410208335863,2.2792207676870957,0.040461093811893833,4.595416252885966,regression,12,5,10000,2249049410520458099
cpu,NanumMyeongjo-Regular,2,text,size_return,submit_us,12,us/frame,master,final,276.4855069166667,282.78211808333333,-6.296611166666651,-12.76267097083331,-0.08818126458330244,2.2773747661805954,0.0320146316620779,4.614138178392334,regression,12,5,10000,2249049410520458099
cpu,NanumMyeongjo-Regular,2,text,warm,complete_us,30,us/frame,master,final,255.96456116666667,263.31861399999997,-7.354052833333299,-11.67014697499995,-3.333326649999913,2.873074616194571,1.295229840078111,4.577121989821637,regression,12,5,10000,2249049410520458099
cpu,NanumMyeongjo-Regular,2,text,warm,draw_us,30,us/frame,master,final,255.62221391666668,262.9710416666667,-7.348827749999998,-11.652827664583278,-3.341244450000072,2.87487837516176,1.2963726307711128,4.572584326022439,regression,12,5,10000,2249049410520458099
cpu,NanumMyeongjo-Regular,2,text,warm,submit_us,30,us/frame,master,final,255.94325541666666,263.29801116666664,-7.354755749999981,-11.672627289583371,-3.334673402083312,2.873588420224893,1.2951897216492398,4.578726402661757,regression,12,5,10000,2249049410520458099
cpu,NanumMyeongjo-Regular,2,text,x_advance,complete_us,10,us/frame,master,final,436.1322166666667,388.059025,48.07319166666667,42.97713645833338,53.03885687500008,-11.022618790716098,-12.168155209655708,-9.853746144194238,improvement,12,5,10000,2249049410520458099
cpu,NanumMyeongjo-Regular,2,text,x_advance,draw_us,10,us/frame,master,final,435.6719,387.612525,48.05937499999999,42.94934166666667,53.037656875,-11.031093582119933,-12.180715098829475,-9.85838792456174,improvement,12,5,10000,2249049410520458099
cpu,NanumMyeongjo-Regular,2,text,x_advance,submit_us,10,us/frame,master,final,436.1093333333333,388.036475,48.07285833333333,42.97501145833341,53.03298583333333,-11.023120731192792,-12.167772086390407,-9.854507064598545,improvement,12,5,10000,2249049410520458099
cpu,NanumMyeongjo-Regular,2,text,x_return,complete_us,10,us/frame,master,final,263.15932499999997,272.08435,-8.925025000000005,-13.857185416666692,-4.498941041666739,3.391491067246055,1.6989257890526583,5.290199237027499,regression,12,5,10000,2249049410520458099
cpu,NanumMyeongjo-Regular,2,text,x_return,draw_us,10,us/frame,master,final,262.7617583333333,271.69893333333334,-8.937175000000025,-13.861978333333255,-4.525133124999992,3.4012464586504088,1.7067532666743457,5.299977613473636,regression,12,5,10000,2249049410520458099
cpu,NanumMyeongjo-Regular,2,text,x_return,submit_us,10,us/frame,master,final,263.136775,272.0645416666667,-8.927766666666685,-13.856861875000014,-4.501991249999968,3.3928236243933263,1.701151368707623,5.291082649705014,regression,12,5,10000,2249049410520458099
cpu,NanumMyeongjo-Regular,2,text,y_advance,complete_us,10,us/frame,master,final,253.45314166666665,261.7343833333333,-8.28124166666666,-12.338550624999996,-4.289792083333328,3.267365956567181,1.6828178915210341,4.89181382010452,regression,12,5,10000,2249049410520458099
cpu,NanumMyeongjo-Regular,2,text,y_advance,draw_us,10,us/frame,master,final,253.05695833333334,261.39478333333335,-8.33782500000001,-12.360424999999992,-4.412804999999993,3.294841230572776,1.7323923546746063,4.903855728975803,regression,12,5,10000,2249049410520458099
cpu,NanumMyeongjo-Regular,2,text,y_advance,submit_us,10,us/frame,master,final,253.430225,261.71006666666665,-8.279841666666641,-12.337102916666678,-4.294288750000016,3.2671089909132256,1.6825562292485818,4.89024357521759,regression,12,5,10000,2249049410520458099
