locale,font,phase,frames,master_native_render_calls,final_outline_requests,final_nonempty_hits,final_empty_hits,final_misses,final_scaler_builds,whole_cache_clears,evicted_entries,original_atlas_matches
en,BabelStoneHan,first_paint,1,133,133,20,1,112,30,0,0,True
en,BabelStoneHan,warmup,119,15,15,0,0,15,12,0,0,True
en,BabelStoneHan,warm,30,0,0,0,0,0,0,0,0,True
en,BabelStoneHan,zoom_in,12,2722,2722,1424,170,1128,388,0,0,True
en,BabelStoneHan,zoom_out,12,1780,1780,927,110,743,255,1,1745,True
en,BabelStoneHan,pan,10,0,0,0,0,0,0,0,0,True
en,NanumMyeongjo-ExtraBold,first_paint,1,269,269,141,16,112,37,0,0,True
en,NanumMyeongjo-ExtraBold,warmup,119,60,60,45,0,15,12,0,0,True
en,NanumMyeongjo-ExtraBold,warm,30,0,0,0,0,0,0,0,0,True
en,NanumMyeongjo-ExtraBold,zoom_in,12,2858,2858,1543,187,1128,388,0,0,True
en,NanumMyeongjo-ExtraBold,zoom_out,12,1882,1882,1000,133,749,261,1,1492,True
en,NanumMyeongjo-ExtraBold,pan,10,0,0,0,0,0,0,0,0,True
en,NanumMyeongjo-Regular,first_paint,1,269,269,141,16,112,37,0,0,True
en,NanumMyeongjo-Regular,warmup,119,60,60,45,0,15,12,0,0,True
en,NanumMyeongjo-Regular,warm,30,0,0,0,0,0,0,0,0,True
en,NanumMyeongjo-Regular,zoom_in,12,2863,2863,1549,186,1128,387,0,0,True
en,NanumMyeongjo-Regular,zoom_out,12,1883,1883,1007,135,741,263,1,1636,True
en,NanumMyeongjo-Regular,pan,10,0,0,0,0,0,0,0,0,True
en,NotoSansSC-VF,first_paint,1,268,268,132,17,119,38,0,0,True
en,NotoSansSC-VF,warmup,119,58,58,43,0,15,12,0,0,True
en,NotoSansSC-VF,warm,30,0,0,0,0,0,0,0,0,True
en,NotoSansSC-VF,zoom_in,12,2855,2855,1452,191,1212,395,0,0,True
en,NotoSansSC-VF,zoom_out,12,1904,1904,1026,124,754,255,0,0,True
en,NotoSansSC-VF,pan,10,0,0,0,0,0,0,0,0,True
en,NotoSerifSC-VF,first_paint,1,276,276,139,18,119,38,0,0,True
en,NotoSerifSC-VF,warmup,119,128,128,113,0,15,12,0,0,True
en,NotoSerifSC-VF,warm,30,0,0,0,0,0,0,0,0,True
en,NotoSerifSC-VF,zoom_in,12,2868,2868,1467,189,1212,387,0,0,True
en,NotoSerifSC-VF,zoom_out,12,1930,1930,971,131,828,266,1,1857,True
en,NotoSerifSC-VF,pan,10,0,0,0,0,0,0,0,0,True
en,Rye-Regular,first_paint,1,268,268,137,19,112,39,0,0,True
en,Rye-Regular,warmup,119,166,166,151,0,15,12,0,0,True
en,Rye-Regular,warm,30,0,0,0,0,0,0,0,0,True
en,Rye-Regular,zoom_in,12,2882,2882,1554,191,1137,381,1,865,True
en,Rye-Regular,zoom_out,12,1903,1903,1025,128,750,260,1,854,True
en,Rye-Regular,pan,10,0,0,0,0,0,0,0,0,True
en,Vollkorn-Medium,first_paint,1,263,263,133,18,112,37,0,0,True
en,Vollkorn-Medium,warmup,119,168,168,153,0,15,12,0,0,True
en,Vollkorn-Medium,warm,30,0,0,0,0,0,0,0,0,True
en,Vollkorn-Medium,zoom_in,12,2821,2821,1499,194,1128,393,0,0,True
en,Vollkorn-Medium,zoom_out,12,1914,1914,1036,127,751,262,1,1390,True
en,Vollkorn-Medium,pan,10,0,0,0,0,0,0,0,0,True
ko,NanumMyeongjo-ExtraBold,first_paint,1,198,198,31,16,151,47,0,0,True
ko,NanumMyeongjo-ExtraBold,warmup,119,60,60,45,0,15,12,0,0,True
ko,NanumMyeongjo-ExtraBold,warm,30,0,0,0,0,0,0,0,0,True
ko,NanumMyeongjo-ExtraBold,zoom_in,12,2023,2023,258,153,1612,486,2,1527,True
ko,NanumMyeongjo-ExtraBold,zoom_out,12,1350,1350,177,102,1071,327,1,750,True
ko,NanumMyeongjo-ExtraBold,pan,10,0,0,0,0,0,0,0,0,True
ko,NanumMyeongjo-Regular,first_paint,1,198,198,31,16,151,47,0,0,True
ko,NanumMyeongjo-Regular,warmup,119,60,60,45,0,15,12,0,0,True
ko,NanumMyeongjo-Regular,warm,30,0,0,0,0,0,0,0,0,True
ko,NanumMyeongjo-Regular,zoom_in,12,2023,2023,261,152,1610,486,2,1726,True
ko,NanumMyeongjo-Regular,zoom_out,12,1350,1350,174,101,1075,327,1,849,True
ko,NanumMyeongjo-Regular,pan,10,0,0,0,0,0,0,0,0,True
zh,BabelStoneHan,first_paint,1,139,139,0,0,139,29,0,0,True
zh,BabelStoneHan,warmup,119,15,15,0,0,15,12,0,0,True
zh,BabelStoneHan,warm,30,0,0,0,0,0,0,0,0,True
zh,BabelStoneHan,zoom_in,12,1587,1587,159,0,1428,288,1,869,True
zh,BabelStoneHan,zoom_out,12,1057,1057,91,0,966,196,2,1685,True
zh,BabelStoneHan,pan,10,0,0,0,0,0,0,0,0,True
zh,NotoSansSC-VF,first_paint,1,148,148,8,1,139,30,0,0,True
zh,NotoSansSC-VF,warmup,119,58,58,43,0,15,12,0,0,True
zh,NotoSansSC-VF,warm,30,0,0,0,0,0,0,0,0,True
zh,NotoSansSC-VF,zoom_in,12,1591,1591,161,0,1430,288,1,1294,True
zh,NotoSansSC-VF,zoom_out,12,1060,1060,104,0,956,192,1,1265,True
zh,NotoSansSC-VF,pan,10,0,0,0,0,0,0,0,0,True
zh,NotoSerifSC-VF,first_paint,1,148,148,8,1,139,30,0,0,True
zh,NotoSerifSC-VF,warmup,119,129,129,114,0,15,12,0,0,True
zh,NotoSerifSC-VF,warm,30,0,0,0,0,0,0,0,0,True
zh,NotoSerifSC-VF,zoom_in,12,1592,1592,159,0,1433,288,1,958,True
zh,NotoSerifSC-VF,zoom_out,12,1060,1060,108,0,952,192,1,924,True
zh,NotoSerifSC-VF,pan,10,0,0,0,0,0,0,0,0,True
