locale,font,phase,unit,master,final,no_retention,master_minus_final,master_minus_no_retention,no_retention_minus_final
en,Rye-Regular,first_paint,us_per_frame,6272.3195,3623.7288333333336,6215.368166666667,2648.5906666666665,56.951333333333274,2591.639333333333
en,Rye-Regular,warm,us_per_frame,213.1162055,213.69118333333333,216.5238555,-0.5749778333333353,-3.407649999999999,2.8326721666666637
en,Rye-Regular,zoom_in,us_per_frame,6060.412597166667,3425.8483889999998,5948.652847166667,2634.564208166667,111.75974999999987,2522.804458166667
en,Rye-Regular,zoom_out,us_per_frame,3975.5600418333333,2267.1145418333335,3929.3189026666664,1708.4455,46.24113916666678,1662.204360833333
en,Rye-Regular,pan,us_per_frame,218.12146666666666,217.89581666666666,219.91523333333333,0.22565000000000168,-1.7937666666666605,2.0194166666666624
en,Rye-Regular,sequence_65_frames,us_per_65_reported_frames,135309.52066799998,80641.08266833333,133613.00633466666,54668.43799966667,1696.5143333333326,52971.923666333336
en,Vollkorn-Medium,first_paint,us_per_frame,6525.354166666667,4286.0275,6504.555333333334,2239.326666666667,20.79883333333343,2218.5278333333335
en,Vollkorn-Medium,warm,us_per_frame,209.71321116666667,210.84163316666667,212.30555016666665,-1.1284219999999958,-2.592338999999986,1.4639169999999904
en,Vollkorn-Medium,zoom_in,us_per_frame,6067.730361,3982.2958056666666,6030.663764,2085.4345553333333,37.06659699999985,2048.3679583333333
en,Vollkorn-Medium,zoom_out,us_per_frame,3973.8489861666667,2518.1979306666667,3925.7529721666665,1455.6510555,48.09601400000012,1407.5550415
en,Vollkorn-Medium,pan,us_per_frame,216.10346666666666,214.30491666666666,215.07491666666667,1.7985500000000059,1.0285500000000003,0.7700000000000055
en,Vollkorn-Medium,sequence_65_frames,us_per_65_reported_frames,135607.21866933332,90683.72716233334,134586.15233266668,44923.491507,1021.0663366666704,43902.42517033333
en,NanumMyeongjo-Regular,first_paint,us_per_frame,1620.3195,1346.8401666666666,1591.1248333333333,273.4793333333333,29.19466666666665,244.28466666666665
en,NanumMyeongjo-Regular,warm,us_per_frame,210.81344466666667,216.20323333333334,213.673161,-5.389788666666665,-2.8597163333333384,-2.5300723333333273
en,NanumMyeongjo-Regular,zoom_in,us_per_frame,1544.363986,1310.6481668333333,1524.1417916666667,233.71581916666662,20.222194333333352,213.49362483333326
en,NanumMyeongjo-Regular,zoom_out,us_per_frame,1049.36575,885.0092776666667,1040.9692778333333,164.35647233333336,8.396472166666683,155.96000016666667
en,NanumMyeongjo-Regular,pan,us_per_frame,215.41246666666666,215.51036666666667,216.30773333333335,-0.09790000000000514,-0.8952666666666715,0.7973666666666664
en,NanumMyeongjo-Regular,sequence_65_frames,us_per_65_reported_frames,41194.055838,36446.4095,41104.28516866667,4747.646337999999,89.77066933333481,4657.875668666664
en,NotoSerifSC[wght],first_paint,us_per_frame,4236.881833333333,4157.805333333334,4172.215166666667,79.07650000000005,64.66666666666659,14.409833333333458
en,NotoSerifSC[wght],warm,us_per_frame,213.2780555,212.13285566666667,214.11434450000002,1.1451998333333269,-0.8362890000000031,1.98148883333333
en,NotoSerifSC[wght],zoom_in,us_per_frame,3987.929986,3826.4346388333333,3968.2054166666667,161.49534716666662,19.724569333333346,141.77077783333326
en,NotoSerifSC[wght],zoom_out,us_per_frame,2230.704875,2196.6047915,2220.7113055,34.10008350000006,9.993569500000072,24.106513999999986
en,NotoSerifSC[wght],pan,us_per_frame,217.01315,215.1264,216.76321666666666,1.8867499999999968,0.24993333333333587,1.636816666666661
en,NotoSerifSC[wght],sequence_65_frames,us_per_65_reported_frames,87386.94582933333,84974.35433233334,87059.22999833334,2412.5914969999963,327.7158309999965,2084.875666
en,BabelStoneHan,first_paint,us_per_frame,1074.5416666666667,1085.2498333333333,1056.0903333333333,-10.708166666666633,18.451333333333366,-29.159499999999998
en,BabelStoneHan,warm,us_per_frame,215.425,214.66436099999999,215.5571445,0.7606390000000024,-0.13214449999999545,0.8927834999999978
en,BabelStoneHan,zoom_in,us_per_frame,1220.7986528333333,1170.5983473333333,1188.5596249999999,50.20030549999998,32.23902783333332,17.96127766666666
en,BabelStoneHan,zoom_out,us_per_frame,813.6678751666667,783.1724446666667,796.1534028333333,30.49543049999998,17.514472333333345,12.980958166666634
en,BabelStoneHan,pan,us_per_frame,217.33953333333335,216.86248333333333,218.68189999999998,0.4770500000000055,-1.3423666666666634,1.819416666666669
en,BabelStoneHan,sequence_65_frames,us_per_65_reported_frames,34209.855170333336,33106.909666,33625.46017233333,1102.9455043333335,584.3949980000016,518.5505063333318
ko,NanumMyeongjo-Regular,first_paint,us_per_frame,1827.2015000000001,1758.5068333333334,1801.6456666666666,68.69466666666669,25.555833333333414,43.138833333333274
ko,NanumMyeongjo-Regular,warm,us_per_frame,205.6812,205.21551666666667,204.14002216666665,0.465683333333331,1.5411778333333312,-1.0754945000000002
ko,NanumMyeongjo-Regular,zoom_in,us_per_frame,1705.532361,1630.6238886666667,1680.3159166666667,74.90847233333334,25.216444333333282,49.69202800000005
ko,NanumMyeongjo-Regular,zoom_out,us_per_frame,1142.3842359999999,1087.8506113333333,1130.4676388333335,54.5336246666667,11.916597166666596,42.6170275000001
ko,NanumMyeongjo-Regular,pan,us_per_frame,206.68200000000002,207.72021666666666,208.63895,-1.038216666666666,-1.956949999999992,0.9187333333333262
ko,NanumMyeongjo-Regular,sequence_65_frames,us_per_65_reported_frames,44261.984336,42637.793173666665,43780.44950333333,1624.1911623333363,481.5348326666681,1142.6563296666682
zh,NotoSerifSC[wght],first_paint,us_per_frame,6450.090166666667,6290.791833333334,6333.187666666667,159.29833333333332,116.90250000000015,42.39583333333318
zh,NotoSerifSC[wght],warm,us_per_frame,198.64440566666667,199.6569555,202.1713055,-1.0125498333333383,-3.5268998333333315,2.514349999999993
zh,NotoSerifSC[wght],zoom_in,us_per_frame,5971.331055333333,5895.660875,5931.367458333333,75.67018033333306,39.96359699999979,35.70658333333328
zh,NotoSerifSC[wght],zoom_out,us_per_frame,3223.0052083333335,3199.402805333333,3205.8727085,23.602402999999942,17.132499833333366,6.469903166666579
zh,NotoSerifSC[wght],pan,us_per_frame,205.32776666666666,203.75763333333333,206.59651666666667,1.5701333333333356,-1.2687500000000067,2.8388833333333423
zh,NotoSerifSC[wght],sequence_65_frames,us_per_65_reported_frames,124671.67283466666,123581.51383033334,124243.86799666667,1090.159004333332,427.8048379999988,662.3541663333332
zh,BabelStoneHan,first_paint,us_per_frame,1729.2496666666666,1727.6805,1688.5623333333333,1.5691666666666606,40.687333333333335,-39.118166666666674
zh,BabelStoneHan,warm,us_per_frame,199.69190016666667,201.8975055,199.98521116666666,-2.205605333333343,-0.2933110000000075,-1.9122943333333353
zh,BabelStoneHan,zoom_in,us_per_frame,1713.1088056666667,1723.2609723333333,1687.7667498333333,-10.152166666666668,25.34205583333331,-35.49422249999998
zh,BabelStoneHan,zoom_out,us_per_frame,1095.754111,1072.4688193333334,1068.8976388333333,23.285291666666655,26.856472166666702,-3.5711805000000445
zh,BabelStoneHan,pan,us_per_frame,200.42913333333334,202.87631666666667,201.46383333333333,-2.447183333333328,-1.0346999999999962,-1.4124833333333318
zh,BabelStoneHan,sequence_65_frames,us_per_65_reported_frames,43496.71617166667,43253.777161000005,42908.929331666666,242.93901066666635,587.7868400000007,-344.84782933333435
