locale,font,font_sha256,profile,dpr,logical_size,glyphs,mean_glyph_completed_dispatches,maximum_glyph_completed_dispatches,mean_glyph_engine_runs,mean_fpgm_origin_dispatches_during_glyph,mean_prep_origin_dispatches_during_glyph,mean_glyf_origin_dispatches_during_glyph,mean_call_dispatches,mean_loopcall_dispatches,mean_jump_dispatches,mean_push_dispatches,mean_mdrp_mirp_dispatches,mean_points,mean_verbs,builder_font_dispatches,builder_prep_dispatches,audit_digest
en,Rye-Regular,b7edee5e615ae1b6b07e9d030c1309152bf3672a0e8a2a46293e273730f5adba,ascii94,1,11,94,2595.521276595745,5549,1,2583.4574468085107,0,12.063829787234043,39.808510638297875,22.79787234042553,36.93617021276596,668.2127659574468,0.0,126.6063829787234,70.76595744680851,120,926,9776f5aedfb0f25a
en,Rye-Regular,b7edee5e615ae1b6b07e9d030c1309152bf3672a0e8a2a46293e273730f5adba,demo_unique,1,11,20,2848.4,4878,1,2836.9,0,11.5,41.0,24.7,41.95,738.15,0.0,136.75,76.3,120,926,0137237f28600836
en,Rye-Regular,b7edee5e615ae1b6b07e9d030c1309152bf3672a0e8a2a46293e273730f5adba,ascii94,1,12,94,2595.521276595745,5549,1,2583.4574468085107,0,12.063829787234043,39.808510638297875,22.79787234042553,36.93617021276596,668.2127659574468,0.0,126.6063829787234,70.76595744680851,120,926,5841ef8d33d4edaa
en,Rye-Regular,b7edee5e615ae1b6b07e9d030c1309152bf3672a0e8a2a46293e273730f5adba,demo_unique,1,12,9,2938.3333333333335,4260,1,2922.222222222222,0,16.11111111111111,50.888888888888886,27.444444444444443,39.666666666666664,744.2222222222222,0.0,150.88888888888889,83,120,926,f12eace7cd89b03d
en,Rye-Regular,b7edee5e615ae1b6b07e9d030c1309152bf3672a0e8a2a46293e273730f5adba,ascii94,1,14,94,2603.978723404255,5549,1,2591.595744680851,0,12.382978723404255,39.819148936170215,22.75531914893617,37.297872340425535,670.4148936170212,0.0,126.6063829787234,70.76595744680851,120,926,4eb5dbb8bc72d397
en,Rye-Regular,b7edee5e615ae1b6b07e9d030c1309152bf3672a0e8a2a46293e273730f5adba,demo_unique,1,14,31,2981.8387096774195,5027,1,2968.2903225806454,0,13.548387096774194,42.70967741935484,25.741935483870968,44.16129032258065,771.516129032258,0.0,146.3548387096774,81.6774193548387,120,926,5b109802eb2501ff
en,Rye-Regular,b7edee5e615ae1b6b07e9d030c1309152bf3672a0e8a2a46293e273730f5adba,ascii94,1,15,94,2603.9574468085107,5548,1,2591.468085106383,0,12.48936170212766,39.8936170212766,22.75531914893617,37.297872340425535,670.5,0.0,126.6063829787234,70.76595744680851,120,926,8cc451f2e54c53ed
en,Rye-Regular,b7edee5e615ae1b6b07e9d030c1309152bf3672a0e8a2a46293e273730f5adba,demo_unique,1,15,11,2596.909090909091,3518,1,2584.181818181818,0,12.727272727272727,43.18181818181818,23.636363636363637,35.54545454545455,661.3636363636364,0.0,142,78.54545454545455,120,926,eff1052cf5fdc294
en,Rye-Regular,b7edee5e615ae1b6b07e9d030c1309152bf3672a0e8a2a46293e273730f5adba,ascii94,1,16,94,2606.8297872340427,5549,1,2593.3829787234044,0,13.446808510638299,39.95744680851064,22.74468085106383,37.234042553191486,671.1808510638298,0.0,126.6063829787234,70.76595744680851,120,926,fe9f406726004d25
en,Rye-Regular,b7edee5e615ae1b6b07e9d030c1309152bf3672a0e8a2a46293e273730f5adba,demo_unique,1,16,27,2824.3703703703704,5549,1,2807.8888888888887,0,16.48148148148148,43.48148148148148,24.962962962962962,39.851851851851855,725.8888888888889,0.0,142.88888888888889,79.37037037037037,120,926,70c88cb564e11569
en,Rye-Regular,b7edee5e615ae1b6b07e9d030c1309152bf3672a0e8a2a46293e273730f5adba,ascii94,2,11,94,2615.2659574468084,6164,1,2601.127659574468,0,14.138297872340425,41.03191489361702,22.925531914893618,37.08510638297872,674.0851063829788,0.0,126.6063829787234,70.76595744680851,120,926,46acd2f506fed016
en,Rye-Regular,b7edee5e615ae1b6b07e9d030c1309152bf3672a0e8a2a46293e273730f5adba,demo_unique,2,11,20,2858.85,4884,1,2846.1,0,12.75,41.55,24.7,41.95,741.25,0.0,136.75,76.3,120,926,3f2a073dbf5b12c0
en,Rye-Regular,b7edee5e615ae1b6b07e9d030c1309152bf3672a0e8a2a46293e273730f5adba,ascii94,2,12,94,2616,6157,1,2601.755319148936,0,14.24468085106383,40.90425531914894,22.925531914893618,37.08510638297872,673.0106382978723,0.0,126.6063829787234,70.76595744680851,120,926,0fa39a74e87a5340
en,Rye-Regular,b7edee5e615ae1b6b07e9d030c1309152bf3672a0e8a2a46293e273730f5adba,demo_unique,2,12,9,2940.3333333333335,4253,1,2918.1111111111113,0,22.22222222222222,53.0,27.444444444444443,38.77777777777778,747.1111111111111,0.0,150.88888888888889,83,120,926,aee17729b5ef14fc
en,Rye-Regular,b7edee5e615ae1b6b07e9d030c1309152bf3672a0e8a2a46293e273730f5adba,ascii94,2,14,94,2633.7021276595747,6156,1,2618.340425531915,0,15.361702127659575,41.6063829787234,23.085106382978722,37.0,676.8510638297872,0.0,126.6063829787234,70.76595744680851,120,929,17c408e088d92d68
en,Rye-Regular,b7edee5e615ae1b6b07e9d030c1309152bf3672a0e8a2a46293e273730f5adba,demo_unique,2,14,31,3028.9032258064517,5121,1,3011.483870967742,0,17.419354838709676,44.41935483870968,26.06451612903226,43.87096774193548,780.9032258064516,0.0,146.3548387096774,81.6774193548387,120,929,5aea00123bec8d19
en,Rye-Regular,b7edee5e615ae1b6b07e9d030c1309152bf3672a0e8a2a46293e273730f5adba,ascii94,2,15,94,2638.840425531915,6158,1,2623.372340425532,0,15.46808510638298,41.819148936170215,23.159574468085108,37.06382978723404,677.9787234042553,0.0,126.6063829787234,70.76595744680851,120,929,3b8c1309489a0211
en,Rye-Regular,b7edee5e615ae1b6b07e9d030c1309152bf3672a0e8a2a46293e273730f5adba,demo_unique,2,15,11,2662.2727272727275,3526,1,2646.3636363636365,0,15.909090909090908,45.18181818181818,24.09090909090909,36.09090909090909,675.1818181818181,0.0,142,78.54545454545455,120,929,6ff287a38b869c93
en,Rye-Regular,b7edee5e615ae1b6b07e9d030c1309152bf3672a0e8a2a46293e273730f5adba,ascii94,2,16,94,2640.744680851064,6156,1,2625.1702127659573,0,15.574468085106384,41.97872340425532,23.170212765957448,37.0,678.468085106383,0.0,126.6063829787234,70.76595744680851,120,929,8cbca868935c5087
en,Rye-Regular,b7edee5e615ae1b6b07e9d030c1309152bf3672a0e8a2a46293e273730f5adba,demo_unique,2,16,27,2884.4814814814813,6156,1,2865.222222222222,0,19.25925925925926,46.0,25.555555555555557,40.074074074074076,738.5925925925926,0.0,142.88888888888889,79.37037037037037,120,929,a33237dd05837f8f
en,Vollkorn-Medium,b704817fe4433aa674c54f87141f2541d88d7d48342d98ec727a5eed4873a892,ascii94,1,11,94,1620.2021276595744,3117,1.0851063829787233,1614.6808510638298,0,5.5212765957446805,33.96808510638298,19.5,9.872340425531915,422.531914893617,0.0,65.45744680851064,35.97872340425532,280,3488,c6fd4c9616e013ff
en,Vollkorn-Medium,b704817fe4433aa674c54f87141f2541d88d7d48342d98ec727a5eed4873a892,demo_unique,1,11,20,1985.05,3006,1.05,1978.9,0,6.15,41.75,23.65,13.05,519.4,0.0,76.85,41.6,280,3488,b373c9bf4737173c
en,Vollkorn-Medium,b704817fe4433aa674c54f87141f2541d88d7d48342d98ec727a5eed4873a892,ascii94,1,12,94,1647.7553191489362,3120,1.0851063829787233,1641.8617021276596,0,5.8936170212765955,33.96808510638298,19.5,9.797872340425531,426.6595744680851,0.0,65.45744680851064,35.97872340425532,280,3482,e00837ece380a756
en,Vollkorn-Medium,b704817fe4433aa674c54f87141f2541d88d7d48342d98ec727a5eed4873a892,demo_unique,1,12,9,1831.888888888889,2869,1,1827,0,4.888888888888889,39.888888888888886,20.77777777777778,12.555555555555555,466.0,0.0,59.44444444444444,32.77777777777778,280,3482,a197c02af86ac513
en,Vollkorn-Medium,b704817fe4433aa674c54f87141f2541d88d7d48342d98ec727a5eed4873a892,ascii94,1,14,94,1649.468085106383,3202,1.0851063829787233,1643.5212765957447,0,5.946808510638298,34.0,19.5,9.957446808510639,426.82978723404256,0.0,65.45744680851064,35.97872340425532,280,3482,da89519f928872ed
en,Vollkorn-Medium,b704817fe4433aa674c54f87141f2541d88d7d48342d98ec727a5eed4873a892,demo_unique,1,14,31,2033.9354838709678,3003,1.064516129032258,2026.741935483871,0,7.193548387096774,41.193548387096776,24.06451612903226,13.225806451612904,527.5806451612904,0.0,77.12903225806451,41.903225806451616,280,3482,9824a851e27cc497
en,Vollkorn-Medium,b704817fe4433aa674c54f87141f2541d88d7d48342d98ec727a5eed4873a892,ascii94,1,15,94,1643.2340425531916,3199,1.0851063829787233,1637.287234042553,0,5.946808510638298,34.0,19.5,9.946808510638299,424.7659574468085,0.0,65.45744680851064,35.97872340425532,280,3442,509c7527dba0f91e
en,Vollkorn-Medium,b704817fe4433aa674c54f87141f2541d88d7d48342d98ec727a5eed4873a892,demo_unique,1,15,11,2041.3636363636363,2940,1.0909090909090908,2033.909090909091,0,7.454545454545454,42.27272727272727,25.363636363636363,14.363636363636363,525.3636363636364,0.0,68.9090909090909,37.63636363636363,280,3442,a61465e52adb2882
en,Vollkorn-Medium,b704817fe4433aa674c54f87141f2541d88d7d48342d98ec727a5eed4873a892,ascii94,1,16,94,1653.2553191489362,3199,1.0851063829787233,1647.2553191489362,0,6,34.01063829787234,19.5,10.063829787234043,427.6489361702128,0.0,65.45744680851064,35.97872340425532,280,3482,7ce3758d6cbd2625
en,Vollkorn-Medium,b704817fe4433aa674c54f87141f2541d88d7d48342d98ec727a5eed4873a892,demo_unique,1,16,27,2039.4074074074074,3199,1.037037037037037,2030.962962962963,0,8.444444444444445,42.2962962962963,24.0,14.185185185185185,526.4074074074074,0.0,71.18518518518519,38.629629629629626,280,3482,de674d790c6b2aa0
en,Vollkorn-Medium,b704817fe4433aa674c54f87141f2541d88d7d48342d98ec727a5eed4873a892,ascii94,2,11,94,1675.159574468085,3271,1.0851063829787233,1668.627659574468,0,6.531914893617022,34.07446808510638,19.5,10.23404255319149,434.0,0.0,65.45744680851064,35.97872340425532,280,3488,61b470df5c9ca233
en,Vollkorn-Medium,b704817fe4433aa674c54f87141f2541d88d7d48342d98ec727a5eed4873a892,demo_unique,2,11,20,2058.7,3036,1.05,2049.8,0,8.9,41.8,23.65,13.35,534.55,0.0,76.85,41.6,280,3488,bc974b1097a32923
en,Vollkorn-Medium,b704817fe4433aa674c54f87141f2541d88d7d48342d98ec727a5eed4873a892,ascii94,2,12,94,1689.872340425532,3274,1.0851063829787233,1683.287234042553,0,6.585106382978723,34.329787234042556,19.54255319148936,10.542553191489361,437.4574468085106,0.0,65.45744680851064,35.97872340425532,280,3488,4e8d8649f97c1cad
en,Vollkorn-Medium,b704817fe4433aa674c54f87141f2541d88d7d48342d98ec727a5eed4873a892,demo_unique,2,12,9,1852.2222222222222,2951,1,1847.3333333333333,0,4.888888888888889,40.22222222222222,20.77777777777778,12.555555555555555,472.1111111111111,0.0,59.44444444444444,32.77777777777778,280,3488,d9b3c6eeb83ba297
en,Vollkorn-Medium,b704817fe4433aa674c54f87141f2541d88d7d48342d98ec727a5eed4873a892,ascii94,2,14,94,1694.8829787234042,3337,1.0851063829787233,1688.2978723404256,0,6.585106382978723,34.48936170212766,19.56382978723404,10.606382978723405,438.8404255319149,0.0,65.45744680851064,35.97872340425532,280,3488,d0efbe05a7862504
en,Vollkorn-Medium,b704817fe4433aa674c54f87141f2541d88d7d48342d98ec727a5eed4873a892,demo_unique,2,14,31,2090.6129032258063,3158,1.064516129032258,2082.2903225806454,0,8.32258064516129,41.54838709677419,24.096774193548388,13.838709677419354,542.4193548387096,0.0,77.12903225806451,41.903225806451616,280,3488,00ac364e5eb9300b
en,Vollkorn-Medium,b704817fe4433aa674c54f87141f2541d88d7d48342d98ec727a5eed4873a892,ascii94,2,15,94,1690.2021276595744,3277,1.0851063829787233,1683.563829787234,0,6.638297872340425,34.88297872340426,19.574468085106382,10.670212765957446,438.77659574468083,0.0,65.45744680851064,35.97872340425532,280,3488,1679fd30845f6e0e
en,Vollkorn-Medium,b704817fe4433aa674c54f87141f2541d88d7d48342d98ec727a5eed4873a892,demo_unique,2,15,11,2114.090909090909,3158,1.0909090909090908,2105.7272727272725,0,8.363636363636363,43.27272727272727,25.454545454545453,15.0,545.7272727272727,0.0,68.9090909090909,37.63636363636363,280,3488,eb734d9b05b71354
en,Vollkorn-Medium,b704817fe4433aa674c54f87141f2541d88d7d48342d98ec727a5eed4873a892,ascii94,2,16,94,1677.0425531914893,3306,1.0851063829787233,1670.404255319149,0,6.638297872340425,34.92553191489362,19.574468085106382,10.680851063829786,434.3829787234043,0.0,65.45744680851064,35.97872340425532,280,3482,2e5832ac5e9aaca6
en,Vollkorn-Medium,b704817fe4433aa674c54f87141f2541d88d7d48342d98ec727a5eed4873a892,demo_unique,2,16,27,2078.5925925925926,3306,1.037037037037037,2068.6666666666665,0,9.925925925925926,43.370370370370374,24.074074074074073,14.74074074074074,537.2222222222222,0.0,71.18518518518519,38.629629629629626,280,3482,4123a8fa580986f5
en,NanumMyeongjo-Regular,7ed9e8653a8ed04285d51dc343ffea6eb3d9c73afc27383ea8929ee4ffd03205,ascii94,1,11,94,150.6595744680851,430,1,95,0,55.659574468085104,2.8297872340425534,0.0,0.0,34.829787234042556,5.361702127659575,61.54255319148936,35.93617021276596,96,781,1e9f176dfd56c7cf
en,NanumMyeongjo-Regular,7ed9e8653a8ed04285d51dc343ffea6eb3d9c73afc27383ea8929ee4ffd03205,demo_unique,1,11,20,154.3,303,1,77.75,0,76.55,2.45,0.0,0.0,43.0,8.95,72.75,41.45,96,781,6b79969ca21d8015
en,NanumMyeongjo-Regular,7ed9e8653a8ed04285d51dc343ffea6eb3d9c73afc27383ea8929ee4ffd03205,ascii94,1,12,94,149.93617021276594,434,1,94.27659574468085,0,55.659574468085104,2.8297872340425534,0.0,0.0,34.765957446808514,5.361702127659575,61.54255319148936,35.93617021276596,96,781,4adb901a8d3f5d08
en,NanumMyeongjo-Regular,7ed9e8653a8ed04285d51dc343ffea6eb3d9c73afc27383ea8929ee4ffd03205,demo_unique,1,12,9,108.33333333333333,182,1,64.88888888888889,0,43.44444444444444,2.2222222222222223,0.0,0.0,26.11111111111111,2.7777777777777777,61,35,96,781,4ed0704dc7ae061a
en,NanumMyeongjo-Regular,7ed9e8653a8ed04285d51dc343ffea6eb3d9c73afc27383ea8929ee4ffd03205,ascii94,1,14,94,148.43617021276594,434,1,92.77659574468085,0,55.659574468085104,2.8297872340425534,0.0,0.0,34.62765957446808,5.361702127659575,61.54255319148936,35.93617021276596,96,781,00314c96d6ced8a3
en,NanumMyeongjo-Regular,7ed9e8653a8ed04285d51dc343ffea6eb3d9c73afc27383ea8929ee4ffd03205,demo_unique,1,14,31,158.03225806451613,366,1,82.54838709677419,0,75.48387096774194,2.5806451612903225,0.0,0.0,42.354838709677416,8.129032258064516,73.19354838709677,42.064516129032256,96,781,457104b18d85f4cb
en,NanumMyeongjo-Regular,7ed9e8653a8ed04285d51dc343ffea6eb3d9c73afc27383ea8929ee4ffd03205,ascii94,1,15,94,149.77659574468086,434,1,94.11702127659575,0,55.659574468085104,2.8297872340425534,0.0,0.0,34.6063829787234,5.361702127659575,61.54255319148936,35.93617021276596,96,781,abd567635690b32a
en,NanumMyeongjo-Regular,7ed9e8653a8ed04285d51dc343ffea6eb3d9c73afc27383ea8929ee4ffd03205,demo_unique,1,15,11,163.54545454545453,374,1,89.54545454545455,0,74,2.727272727272727,0.0,0.0,43.36363636363637,7.909090909090909,71.72727272727273,40,96,781,83c162573af2854d
en,NanumMyeongjo-Regular,7ed9e8653a8ed04285d51dc343ffea6eb3d9c73afc27383ea8929ee4ffd03205,ascii94,1,16,94,149.2340425531915,429,1,93.57446808510639,0,55.659574468085104,2.8297872340425534,0.0,0.0,34.54255319148936,5.361702127659575,61.54255319148936,35.93617021276596,96,781,4be6401cd7ae6f98
en,NanumMyeongjo-Regular,7ed9e8653a8ed04285d51dc343ffea6eb3d9c73afc27383ea8929ee4ffd03205,demo_unique,1,16,27,160.37037037037038,370,1,89.96296296296296,0,70.4074074074074,2.740740740740741,0.0,0.0,41.074074074074076,7.407407407407407,72.33333333333333,41.074074074074076,96,781,2eba537a8cb69bda
en,NanumMyeongjo-Regular,7ed9e8653a8ed04285d51dc343ffea6eb3d9c73afc27383ea8929ee4ffd03205,ascii94,2,11,94,148.27659574468086,430,1,92.61702127659575,0,55.659574468085104,2.8297872340425534,0.0,0.0,34.265957446808514,5.361702127659575,61.54255319148936,35.93617021276596,96,781,9d2bfce7ff60d381
en,NanumMyeongjo-Regular,7ed9e8653a8ed04285d51dc343ffea6eb3d9c73afc27383ea8929ee4ffd03205,demo_unique,2,11,20,151.95,296,1,75.4,0,76.55,2.45,0.0,0.0,42.5,8.95,72.75,41.45,96,781,e08c5c5663a6093c
en,NanumMyeongjo-Regular,7ed9e8653a8ed04285d51dc343ffea6eb3d9c73afc27383ea8929ee4ffd03205,ascii94,2,12,94,147.9787234042553,414,1,92.31914893617021,0,55.659574468085104,2.8297872340425534,0.0,0.0,34.138297872340424,5.361702127659575,61.54255319148936,35.93617021276596,96,784,3021bcfd8faffe8b
en,NanumMyeongjo-Regular,7ed9e8653a8ed04285d51dc343ffea6eb3d9c73afc27383ea8929ee4ffd03205,demo_unique,2,12,9,108.55555555555556,178,1,65.11111111111111,0,43.44444444444444,2.2222222222222223,0.0,0.0,25.88888888888889,2.7777777777777777,61,35,96,784,d6adae6da8df73d3
en,NanumMyeongjo-Regular,7ed9e8653a8ed04285d51dc343ffea6eb3d9c73afc27383ea8929ee4ffd03205,ascii94,2,14,94,148.9787234042553,420,1,93.31914893617021,0,55.659574468085104,2.8297872340425534,0.0,0.0,34.04255319148936,5.361702127659575,61.54255319148936,35.93617021276596,96,790,bd604f2750a17ff3
en,NanumMyeongjo-Regular,7ed9e8653a8ed04285d51dc343ffea6eb3d9c73afc27383ea8929ee4ffd03205,demo_unique,2,14,31,158.1290322580645,362,1,82.64516129032258,0,75.48387096774194,2.5806451612903225,0.0,0.0,41.67741935483871,8.129032258064516,73.19354838709677,42.064516129032256,96,790,429566a3b6d4655d
en,NanumMyeongjo-Regular,7ed9e8653a8ed04285d51dc343ffea6eb3d9c73afc27383ea8929ee4ffd03205,ascii94,2,15,94,148.93617021276594,420,1,93.27659574468085,0,55.659574468085104,2.8297872340425534,0.0,0.0,34.04255319148936,5.361702127659575,61.54255319148936,35.93617021276596,96,790,e63e07d240d8a174
en,NanumMyeongjo-Regular,7ed9e8653a8ed04285d51dc343ffea6eb3d9c73afc27383ea8929ee4ffd03205,demo_unique,2,15,11,163.27272727272728,362,1,89.27272727272727,0,74,2.727272727272727,0.0,0.0,42.72727272727273,7.909090909090909,71.72727272727273,40,96,790,52286ca0bb657a4c
en,NanumMyeongjo-Regular,7ed9e8653a8ed04285d51dc343ffea6eb3d9c73afc27383ea8929ee4ffd03205,ascii94,2,16,94,148.4255319148936,420,1,92.76595744680851,0,55.659574468085104,2.8297872340425534,0.0,0.0,34.04255319148936,5.361702127659575,61.54255319148936,35.93617021276596,96,790,43e2fd3abaef3b63
en,NanumMyeongjo-Regular,7ed9e8653a8ed04285d51dc343ffea6eb3d9c73afc27383ea8929ee4ffd03205,demo_unique,2,16,27,159.66666666666666,362,1,89.25925925925925,0,70.4074074074074,2.740740740740741,0.0,0.0,40.48148148148148,7.407407407407407,72.33333333333333,41.074074074074076,96,790,b7fb2978a55d1c97
en,NanumMyeongjo-ExtraBold,60c0077fce069ba90ae97c0a3679f6eb3712e0ca637bdd0c15b72d335ec46db7,ascii94,1,11,94,128.95744680851064,438,0.9893617021276596,75.53191489361703,0,53.42553191489362,2.4148936170212765,0.0,0.0,30.819148936170212,4.404255319148936,67.30851063829788,39.06382978723404,40,592,75a000d48795318a
en,NanumMyeongjo-ExtraBold,60c0077fce069ba90ae97c0a3679f6eb3712e0ca637bdd0c15b72d335ec46db7,demo_unique,1,11,20,127.8,216,1,55.7,0,72.1,1.95,0.0,0.0,36.9,6.65,82,46.4,40,592,000f6684cad3d0a9
en,NanumMyeongjo-ExtraBold,60c0077fce069ba90ae97c0a3679f6eb3712e0ca637bdd0c15b72d335ec46db7,ascii94,1,12,94,128.4468085106383,420,0.9893617021276596,75.02127659574468,0,53.42553191489362,2.4148936170212765,0.0,0.0,30.819148936170212,4.404255319148936,67.30851063829788,39.06382978723404,40,592,4a4de4f2419dc9bb
en,NanumMyeongjo-ExtraBold,60c0077fce069ba90ae97c0a3679f6eb3712e0ca637bdd0c15b72d335ec46db7,demo_unique,1,12,9,109,184,1,62.22222222222222,0,46.77777777777778,2.111111111111111,0.0,0.0,26.444444444444443,2.888888888888889,61.888888888888886,35.44444444444444,40,592,d50718a3780fcf5e
en,NanumMyeongjo-ExtraBold,60c0077fce069ba90ae97c0a3679f6eb3712e0ca637bdd0c15b72d335ec46db7,ascii94,1,14,94,128.2340425531915,412,0.9893617021276596,74.80851063829788,0,53.42553191489362,2.4148936170212765,0.0,0.0,30.659574468085108,4.404255319148936,67.30851063829788,39.06382978723404,40,598,bb1477471bbeacd6
en,NanumMyeongjo-ExtraBold,60c0077fce069ba90ae97c0a3679f6eb3712e0ca637bdd0c15b72d335ec46db7,demo_unique,1,14,31,126.74193548387096,288,1,55.935483870967744,0,70.80645161290323,2.0,0.0,0.0,35.83870967741935,6.0,81.58064516129032,46.61290322580645,40,598,260aa7baec3be1b8
en,NanumMyeongjo-ExtraBold,60c0077fce069ba90ae97c0a3679f6eb3712e0ca637bdd0c15b72d335ec46db7,ascii94,1,15,94,127.93617021276596,420,0.9893617021276596,74.51063829787235,0,53.42553191489362,2.4148936170212765,0.0,0.0,30.659574468085108,4.404255319148936,67.30851063829788,39.06382978723404,40,598,d1aa8467f4b356a1
en,NanumMyeongjo-ExtraBold,60c0077fce069ba90ae97c0a3679f6eb3712e0ca637bdd0c15b72d335ec46db7,demo_unique,1,15,11,137.45454545454547,284,1,72.54545454545455,0,64.9090909090909,2.3636363636363638,0.0,0.0,35.90909090909091,5.454545454545454,77.27272727272727,43.36363636363637,40,598,d291d5ef51752bf0
en,NanumMyeongjo-ExtraBold,60c0077fce069ba90ae97c0a3679f6eb3712e0ca637bdd0c15b72d335ec46db7,ascii94,1,16,94,127.55319148936171,420,0.9893617021276596,74.12765957446808,0,53.42553191489362,2.4148936170212765,0.0,0.0,30.659574468085108,4.404255319148936,67.30851063829788,39.06382978723404,40,598,58c3b49e1fa537b1
en,NanumMyeongjo-ExtraBold,60c0077fce069ba90ae97c0a3679f6eb3712e0ca637bdd0c15b72d335ec46db7,demo_unique,1,16,27,126.66666666666667,288,0.9629629629629629,60.888888888888886,0,65.77777777777777,2.074074074074074,0.0,0.0,34.7037037037037,5.703703703703703,80.07407407407408,45.22222222222222,40,598,d6bc44e47f2a674b
en,NanumMyeongjo-ExtraBold,60c0077fce069ba90ae97c0a3679f6eb3712e0ca637bdd0c15b72d335ec46db7,ascii94,2,11,94,128.2340425531915,424,0.9893617021276596,74.80851063829788,0,53.42553191489362,2.4148936170212765,0.0,0.0,30.659574468085108,4.404255319148936,67.30851063829788,39.06382978723404,40,598,86da963815668a5a
en,NanumMyeongjo-ExtraBold,60c0077fce069ba90ae97c0a3679f6eb3712e0ca637bdd0c15b72d335ec46db7,demo_unique,2,11,20,125.6,208,1,53.5,0,72.1,1.95,0.0,0.0,36.6,6.65,82,46.4,40,598,a8c56febf564fb9d
en,NanumMyeongjo-ExtraBold,60c0077fce069ba90ae97c0a3679f6eb3712e0ca637bdd0c15b72d335ec46db7,ascii94,2,12,94,128.06382978723406,428,0.9893617021276596,74.63829787234043,0,53.42553191489362,2.4148936170212765,0.0,0.0,30.659574468085108,4.404255319148936,67.30851063829788,39.06382978723404,40,604,39e252e0c32c3d38
en,NanumMyeongjo-ExtraBold,60c0077fce069ba90ae97c0a3679f6eb3712e0ca637bdd0c15b72d335ec46db7,demo_unique,2,12,9,107.66666666666667,184,1,60.888888888888886,0,46.77777777777778,2.111111111111111,0.0,0.0,26.444444444444443,2.888888888888889,61.888888888888886,35.44444444444444,40,604,ab40d461bdbc9fe0
en,NanumMyeongjo-ExtraBold,60c0077fce069ba90ae97c0a3679f6eb3712e0ca637bdd0c15b72d335ec46db7,ascii94,2,14,94,127.34042553191489,420,0.9893617021276596,73.91489361702128,0,53.42553191489362,2.4148936170212765,0.0,0.0,30.659574468085108,4.404255319148936,67.30851063829788,39.06382978723404,40,613,84849eb0ffbc84f4
en,NanumMyeongjo-ExtraBold,60c0077fce069ba90ae97c0a3679f6eb3712e0ca637bdd0c15b72d335ec46db7,demo_unique,2,14,31,126.2258064516129,284,1,55.41935483870968,0,70.80645161290323,2.0,0.0,0.0,35.83870967741935,6.0,81.58064516129032,46.61290322580645,40,613,65dbcbcfeff9e86f
en,NanumMyeongjo-ExtraBold,60c0077fce069ba90ae97c0a3679f6eb3712e0ca637bdd0c15b72d335ec46db7,ascii94,2,15,94,128.14893617021278,416,0.9893617021276596,74.72340425531915,0,53.42553191489362,2.4148936170212765,0.0,0.0,30.659574468085108,4.404255319148936,67.30851063829788,39.06382978723404,40,613,c958496db5bc3b67
en,NanumMyeongjo-ExtraBold,60c0077fce069ba90ae97c0a3679f6eb3712e0ca637bdd0c15b72d335ec46db7,demo_unique,2,15,11,137.8181818181818,284,1,72.9090909090909,0,64.9090909090909,2.3636363636363638,0.0,0.0,35.90909090909091,5.454545454545454,77.27272727272727,43.36363636363637,40,613,5dbe2b860d5efdc1
en,NanumMyeongjo-ExtraBold,60c0077fce069ba90ae97c0a3679f6eb3712e0ca637bdd0c15b72d335ec46db7,ascii94,2,16,94,127.55319148936171,416,0.9893617021276596,74.12765957446808,0,53.42553191489362,2.4148936170212765,0.0,0.0,30.659574468085108,4.404255319148936,67.30851063829788,39.06382978723404,40,619,6ce6a72a2f975fe9
en,NanumMyeongjo-ExtraBold,60c0077fce069ba90ae97c0a3679f6eb3712e0ca637bdd0c15b72d335ec46db7,demo_unique,2,16,27,126.07407407407408,280,0.9629629629629629,60.2962962962963,0,65.77777777777777,2.074074074074074,0.0,0.0,34.7037037037037,5.703703703703703,80.07407407407408,45.22222222222222,40,619,4c6bbeeb3efa7b3b
en,NanumGothic-ExtraBold,5c4568e5295a8c52bc30e7efa1ea6d2de43556268ef42daba93540a1ece691ae,ascii94,1,11,94,106.56382978723404,362,0.9787234042553191,67.51063829787235,0,39.0531914893617,2.24468085106383,0.0,0.0,23.93617021276596,2.617021276595745,54.138297872340424,32.191489361702125,104,7415,2b9dfa4833a75cd7
en,NanumGothic-ExtraBold,5c4568e5295a8c52bc30e7efa1ea6d2de43556268ef42daba93540a1ece691ae,demo_unique,1,11,20,97.75,232,1,49.7,0,48.05,1.85,0.0,0.0,26.1,3.65,54.8,32.05,104,7415,5392503e7611876f
en,NanumGothic-ExtraBold,5c4568e5295a8c52bc30e7efa1ea6d2de43556268ef42daba93540a1ece691ae,ascii94,1,12,94,106.3936170212766,358,0.9787234042553191,67.34042553191489,0,39.0531914893617,2.24468085106383,0.0,0.0,23.93617021276596,2.617021276595745,54.138297872340424,32.191489361702125,104,7415,75487943d17e9780
en,NanumGothic-ExtraBold,5c4568e5295a8c52bc30e7efa1ea6d2de43556268ef42daba93540a1ece691ae,demo_unique,1,12,9,138.88888888888889,242,1,94.44444444444444,0,44.44444444444444,2.888888888888889,0.0,0.0,28.77777777777778,2.6666666666666665,73.22222222222223,41.22222222222222,104,7415,9a8c06e9b16fbf7b
en,NanumGothic-ExtraBold,5c4568e5295a8c52bc30e7efa1ea6d2de43556268ef42daba93540a1ece691ae,ascii94,1,14,94,106.26595744680851,358,0.9787234042553191,67.2127659574468,0,39.0531914893617,2.24468085106383,0.0,0.0,23.93617021276596,2.617021276595745,54.138297872340424,32.191489361702125,104,7427,af42d3aca0ff341f
en,NanumGothic-ExtraBold,5c4568e5295a8c52bc30e7efa1ea6d2de43556268ef42daba93540a1ece691ae,demo_unique,1,14,31,95.2258064516129,228,1,48.903225806451616,0,46.32258064516129,1.8387096774193548,0.0,0.0,25.06451612903226,3.3870967741935485,54.225806451612904,32.225806451612904,104,7427,6fabd19232f24d6c
en,NanumGothic-ExtraBold,5c4568e5295a8c52bc30e7efa1ea6d2de43556268ef42daba93540a1ece691ae,ascii94,1,15,94,106.13829787234043,362,0.9787234042553191,67.08510638297872,0,39.0531914893617,2.24468085106383,0.0,0.0,23.93617021276596,2.617021276595745,54.138297872340424,32.191489361702125,104,7427,b97c4804e9351559
en,NanumGothic-ExtraBold,5c4568e5295a8c52bc30e7efa1ea6d2de43556268ef42daba93540a1ece691ae,demo_unique,1,15,11,96.54545454545455,140,1,47.81818181818182,0,48.72727272727273,1.8181818181818181,0.0,0.0,26.90909090909091,4.090909090909091,61.36363636363637,35,104,7427,5b867ea74359540d
en,NanumGothic-ExtraBold,5c4568e5295a8c52bc30e7efa1ea6d2de43556268ef42daba93540a1ece691ae,ascii94,1,16,94,106.22340425531915,354,0.9787234042553191,67.17021276595744,0,39.0531914893617,2.24468085106383,0.0,0.0,23.93617021276596,2.617021276595745,54.138297872340424,32.191489361702125,104,7427,ead892d0df564729
en,NanumGothic-ExtraBold,5c4568e5295a8c52bc30e7efa1ea6d2de43556268ef42daba93540a1ece691ae,demo_unique,1,16,27,102.62962962962963,224,1,54.370370370370374,0,48.25925925925926,1.962962962962963,0.0,0.0,26.59259259259259,3.5185185185185186,58.77777777777778,34.03703703703704,104,7427,55ae5d03c492feb3
en,NanumGothic-ExtraBold,5c4568e5295a8c52bc30e7efa1ea6d2de43556268ef42daba93540a1ece691ae,ascii94,2,11,94,106.52127659574468,350,0.9787234042553191,67.46808510638297,0,39.0531914893617,2.24468085106383,0.0,0.0,23.93617021276596,2.617021276595745,54.138297872340424,32.191489361702125,104,7439,527dbbb730b53b33
en,NanumGothic-ExtraBold,5c4568e5295a8c52bc30e7efa1ea6d2de43556268ef42daba93540a1ece691ae,demo_unique,2,11,20,97.95,236,1,49.9,0,48.05,1.85,0.0,0.0,26.1,3.65,54.8,32.05,104,7439,4325b6b83051dd6f
en,NanumGothic-ExtraBold,5c4568e5295a8c52bc30e7efa1ea6d2de43556268ef42daba93540a1ece691ae,ascii94,2,12,94,106.77659574468085,358,0.9787234042553191,67.72340425531915,0,39.0531914893617,2.24468085106383,0.0,0.0,23.93617021276596,2.617021276595745,54.138297872340424,32.191489361702125,104,7439,4f837cc50c81ccc8
en,NanumGothic-ExtraBold,5c4568e5295a8c52bc30e7efa1ea6d2de43556268ef42daba93540a1ece691ae,demo_unique,2,12,9,138.88888888888889,234,1,94.44444444444444,0,44.44444444444444,2.888888888888889,0.0,0.0,28.77777777777778,2.6666666666666665,73.22222222222223,41.22222222222222,104,7439,9d1c60b3ea8b16a1
en,NanumGothic-ExtraBold,5c4568e5295a8c52bc30e7efa1ea6d2de43556268ef42daba93540a1ece691ae,ascii94,2,14,94,106.69148936170212,350,0.9787234042553191,67.63829787234043,0,39.0531914893617,2.24468085106383,0.0,0.0,23.93617021276596,2.617021276595745,54.138297872340424,32.191489361702125,104,7439,9b0cdd06f9b5ca9c
en,NanumGothic-ExtraBold,5c4568e5295a8c52bc30e7efa1ea6d2de43556268ef42daba93540a1ece691ae,demo_unique,2,14,31,95.2258064516129,232,1,48.903225806451616,0,46.32258064516129,1.8387096774193548,0.0,0.0,25.06451612903226,3.3870967741935485,54.225806451612904,32.225806451612904,104,7439,b5650c41f0545daf
en,NanumGothic-ExtraBold,5c4568e5295a8c52bc30e7efa1ea6d2de43556268ef42daba93540a1ece691ae,ascii94,2,15,94,106.18085106382979,354,0.9787234042553191,67.12765957446808,0,39.0531914893617,2.24468085106383,0.0,0.0,23.93617021276596,2.617021276595745,54.138297872340424,32.191489361702125,104,7454,86f43c95ebf1efba
en,NanumGothic-ExtraBold,5c4568e5295a8c52bc30e7efa1ea6d2de43556268ef42daba93540a1ece691ae,demo_unique,2,15,11,96.18181818181819,136,1,47.45454545454545,0,48.72727272727273,1.8181818181818181,0.0,0.0,26.90909090909091,4.090909090909091,61.36363636363637,35,104,7454,92baa6ee68a8c492
en,NanumGothic-ExtraBold,5c4568e5295a8c52bc30e7efa1ea6d2de43556268ef42daba93540a1ece691ae,ascii94,2,16,94,106.30851063829788,350,0.9787234042553191,67.25531914893617,0,39.0531914893617,2.24468085106383,0.0,0.0,23.93617021276596,2.617021276595745,54.138297872340424,32.191489361702125,104,7454,f6a7b24a845bc4a8
en,NanumGothic-ExtraBold,5c4568e5295a8c52bc30e7efa1ea6d2de43556268ef42daba93540a1ece691ae,demo_unique,2,16,27,102.18518518518519,224,1,53.925925925925924,0,48.25925925925926,1.962962962962963,0.0,0.0,26.59259259259259,3.5185185185185186,58.77777777777778,34.03703703703704,104,7454,3e75b8d227c7683b
en,NotoSerifSC-VF,050080d9255a86808f2945bffac582b31ef32bc36411ce29563b4961670c66f9,ascii94,1,11,94,0,0,0,0,0,0,0.0,0.0,0.0,0.0,0.0,48,34.5,0,4,00d5e14b6922ccfa
en,NotoSerifSC-VF,050080d9255a86808f2945bffac582b31ef32bc36411ce29563b4961670c66f9,demo_unique,1,11,20,0,0,0,0,0,0,0.0,0.0,0.0,0.0,0.0,54.05,39.55,0,4,607222428484d041
en,NotoSerifSC-VF,050080d9255a86808f2945bffac582b31ef32bc36411ce29563b4961670c66f9,ascii94,1,12,94,0,0,0,0,0,0,0.0,0.0,0.0,0.0,0.0,48,34.5,0,4,3968ee6de58371a3
en,NotoSerifSC-VF,050080d9255a86808f2945bffac582b31ef32bc36411ce29563b4961670c66f9,demo_unique,1,12,9,0,0,0,0,0,0,0.0,0.0,0.0,0.0,0.0,48,29.666666666666668,0,4,5002105750b8b232
en,NotoSerifSC-VF,050080d9255a86808f2945bffac582b31ef32bc36411ce29563b4961670c66f9,ascii94,1,14,94,0,0,0,0,0,0,0.0,0.0,0.0,0.0,0.0,48,34.5,0,4,55f4e9c40f59d7b8
en,NotoSerifSC-VF,050080d9255a86808f2945bffac582b31ef32bc36411ce29563b4961670c66f9,demo_unique,1,14,31,0,0,0,0,0,0,0.0,0.0,0.0,0.0,0.0,53.83870967741935,40.12903225806452,0,4,9afa2619e01cbdc6
en,NotoSerifSC-VF,050080d9255a86808f2945bffac582b31ef32bc36411ce29563b4961670c66f9,ascii94,1,15,94,0,0,0,0,0,0,0.0,0.0,0.0,0.0,0.0,48,34.5,0,4,005c13607f895f66
en,NotoSerifSC-VF,050080d9255a86808f2945bffac582b31ef32bc36411ce29563b4961670c66f9,demo_unique,1,15,11,0,0,0,0,0,0,0.0,0.0,0.0,0.0,0.0,60.09090909090909,39.18181818181818,0,4,1fbf49c45ca3acb9
en,NotoSerifSC-VF,050080d9255a86808f2945bffac582b31ef32bc36411ce29563b4961670c66f9,ascii94,1,16,94,0,0,0,0,0,0,0.0,0.0,0.0,0.0,0.0,48,34.5,0,4,e31509e17d92536f
en,NotoSerifSC-VF,050080d9255a86808f2945bffac582b31ef32bc36411ce29563b4961670c66f9,demo_unique,1,16,27,0,0,0,0,0,0,0.0,0.0,0.0,0.0,0.0,55.03703703703704,38.48148148148148,0,4,2a2dedf398f206a1
en,NotoSerifSC-VF,050080d9255a86808f2945bffac582b31ef32bc36411ce29563b4961670c66f9,ascii94,2,11,94,0,0,0,0,0,0,0.0,0.0,0.0,0.0,0.0,48,34.5,0,4,c0211b92f50d9a8c
en,NotoSerifSC-VF,050080d9255a86808f2945bffac582b31ef32bc36411ce29563b4961670c66f9,demo_unique,2,11,20,0,0,0,0,0,0,0.0,0.0,0.0,0.0,0.0,54.05,39.55,0,4,cc60bb50acc2b6d9
en,NotoSerifSC-VF,050080d9255a86808f2945bffac582b31ef32bc36411ce29563b4961670c66f9,ascii94,2,12,94,0,0,0,0,0,0,0.0,0.0,0.0,0.0,0.0,48,34.5,0,4,b77be339b0613a34
en,NotoSerifSC-VF,050080d9255a86808f2945bffac582b31ef32bc36411ce29563b4961670c66f9,demo_unique,2,12,9,0,0,0,0,0,0,0.0,0.0,0.0,0.0,0.0,48,29.666666666666668,0,4,5074d8a3152859fe
en,NotoSerifSC-VF,050080d9255a86808f2945bffac582b31ef32bc36411ce29563b4961670c66f9,ascii94,2,14,94,0,0,0,0,0,0,0.0,0.0,0.0,0.0,0.0,48,34.5,0,4,9a9bd32d385a73cc
en,NotoSerifSC-VF,050080d9255a86808f2945bffac582b31ef32bc36411ce29563b4961670c66f9,demo_unique,2,14,31,0,0,0,0,0,0,0.0,0.0,0.0,0.0,0.0,53.83870967741935,40.12903225806452,0,4,5690bae31d41f324
en,NotoSerifSC-VF,050080d9255a86808f2945bffac582b31ef32bc36411ce29563b4961670c66f9,ascii94,2,15,94,0,0,0,0,0,0,0.0,0.0,0.0,0.0,0.0,48,34.5,0,4,b40065ffc5eb5e4b
en,NotoSerifSC-VF,050080d9255a86808f2945bffac582b31ef32bc36411ce29563b4961670c66f9,demo_unique,2,15,11,0,0,0,0,0,0,0.0,0.0,0.0,0.0,0.0,60.09090909090909,39.18181818181818,0,4,e866ce58e4266ea1
en,NotoSerifSC-VF,050080d9255a86808f2945bffac582b31ef32bc36411ce29563b4961670c66f9,ascii94,2,16,94,0,0,0,0,0,0,0.0,0.0,0.0,0.0,0.0,48,34.5,0,4,6c426e0e288bb138
en,NotoSerifSC-VF,050080d9255a86808f2945bffac582b31ef32bc36411ce29563b4961670c66f9,demo_unique,2,16,27,0,0,0,0,0,0,0.0,0.0,0.0,0.0,0.0,55.03703703703704,38.48148148148148,0,4,f13978fa32e31a52
en,NotoSansSC-VF,a3041811a78c361b1de50f953c805e0244951c21c5bd412f7232ef0d899af0da,ascii94,1,11,94,0,0,0,0,0,0,0.0,0.0,0.0,0.0,0.0,34.159574468085104,22.48936170212766,0,4,5b317e9beb7aa7cd
en,NotoSansSC-VF,a3041811a78c361b1de50f953c805e0244951c21c5bd412f7232ef0d899af0da,demo_unique,1,11,20,0,0,0,0,0,0,0.0,0.0,0.0,0.0,0.0,34.95,22.65,0,4,02f9ebda265a3cc7
en,NotoSansSC-VF,a3041811a78c361b1de50f953c805e0244951c21c5bd412f7232ef0d899af0da,ascii94,1,12,94,0,0,0,0,0,0,0.0,0.0,0.0,0.0,0.0,34.159574468085104,22.48936170212766,0,4,a194ad8cea44c038
en,NotoSansSC-VF,a3041811a78c361b1de50f953c805e0244951c21c5bd412f7232ef0d899af0da,demo_unique,1,12,9,0,0,0,0,0,0,0.0,0.0,0.0,0.0,0.0,50.55555555555556,29.555555555555557,0,4,0bcd7ce3162e9487
en,NotoSansSC-VF,a3041811a78c361b1de50f953c805e0244951c21c5bd412f7232ef0d899af0da,ascii94,1,14,94,0,0,0,0,0,0,0.0,0.0,0.0,0.0,0.0,34.159574468085104,22.48936170212766,0,4,e87e105720c79c9b
en,NotoSansSC-VF,a3041811a78c361b1de50f953c805e0244951c21c5bd412f7232ef0d899af0da,demo_unique,1,14,31,0,0,0,0,0,0,0.0,0.0,0.0,0.0,0.0,35.516129032258064,23.483870967741936,0,4,a30a7f757cdd2e09
en,NotoSansSC-VF,a3041811a78c361b1de50f953c805e0244951c21c5bd412f7232ef0d899af0da,ascii94,1,15,94,0,0,0,0,0,0,0.0,0.0,0.0,0.0,0.0,34.159574468085104,22.48936170212766,0,4,0839af62834f5dbd
en,NotoSansSC-VF,a3041811a78c361b1de50f953c805e0244951c21c5bd412f7232ef0d899af0da,demo_unique,1,15,11,0,0,0,0,0,0,0.0,0.0,0.0,0.0,0.0,46.90909090909091,28.272727272727273,0,4,0925a97e0403041c
en,NotoSansSC-VF,a3041811a78c361b1de50f953c805e0244951c21c5bd412f7232ef0d899af0da,ascii94,1,16,94,0,0,0,0,0,0,0.0,0.0,0.0,0.0,0.0,34.159574468085104,22.48936170212766,0,4,35b03ebcf344037e
en,NotoSansSC-VF,a3041811a78c361b1de50f953c805e0244951c21c5bd412f7232ef0d899af0da,demo_unique,1,16,27,0,0,0,0,0,0,0.0,0.0,0.0,0.0,0.0,39.333333333333336,24.814814814814813,0,4,f6eeaeb8148d42ed
en,NotoSansSC-VF,a3041811a78c361b1de50f953c805e0244951c21c5bd412f7232ef0d899af0da,ascii94,2,11,94,0,0,0,0,0,0,0.0,0.0,0.0,0.0,0.0,34.159574468085104,22.48936170212766,0,4,0c345dbe52609e0d
en,NotoSansSC-VF,a3041811a78c361b1de50f953c805e0244951c21c5bd412f7232ef0d899af0da,demo_unique,2,11,20,0,0,0,0,0,0,0.0,0.0,0.0,0.0,0.0,34.95,22.65,0,4,3d44f10c0c535e59
en,NotoSansSC-VF,a3041811a78c361b1de50f953c805e0244951c21c5bd412f7232ef0d899af0da,ascii94,2,12,94,0,0,0,0,0,0,0.0,0.0,0.0,0.0,0.0,34.159574468085104,22.48936170212766,0,4,4d9748fec2998f37
en,NotoSansSC-VF,a3041811a78c361b1de50f953c805e0244951c21c5bd412f7232ef0d899af0da,demo_unique,2,12,9,0,0,0,0,0,0,0.0,0.0,0.0,0.0,0.0,50.55555555555556,29.555555555555557,0,4,fc87a908ad3927ba
en,NotoSansSC-VF,a3041811a78c361b1de50f953c805e0244951c21c5bd412f7232ef0d899af0da,ascii94,2,14,94,0,0,0,0,0,0,0.0,0.0,0.0,0.0,0.0,34.159574468085104,22.48936170212766,0,4,4d1007a2c2441c7b
en,NotoSansSC-VF,a3041811a78c361b1de50f953c805e0244951c21c5bd412f7232ef0d899af0da,demo_unique,2,14,31,0,0,0,0,0,0,0.0,0.0,0.0,0.0,0.0,35.516129032258064,23.483870967741936,0,4,f37e110c638431e1
en,NotoSansSC-VF,a3041811a78c361b1de50f953c805e0244951c21c5bd412f7232ef0d899af0da,ascii94,2,15,94,0,0,0,0,0,0,0.0,0.0,0.0,0.0,0.0,34.159574468085104,22.48936170212766,0,4,0321ca6469a1674d
en,NotoSansSC-VF,a3041811a78c361b1de50f953c805e0244951c21c5bd412f7232ef0d899af0da,demo_unique,2,15,11,0,0,0,0,0,0,0.0,0.0,0.0,0.0,0.0,46.90909090909091,28.272727272727273,0,4,0c1e1921da4ec233
en,NotoSansSC-VF,a3041811a78c361b1de50f953c805e0244951c21c5bd412f7232ef0d899af0da,ascii94,2,16,94,0,0,0,0,0,0,0.0,0.0,0.0,0.0,0.0,34.159574468085104,22.48936170212766,0,4,275d684bb8e8eadc
en,NotoSansSC-VF,a3041811a78c361b1de50f953c805e0244951c21c5bd412f7232ef0d899af0da,demo_unique,2,16,27,0,0,0,0,0,0,0.0,0.0,0.0,0.0,0.0,39.333333333333336,24.814814814814813,0,4,c32c8430c61b8631
en,BabelStoneHan,d8bb747b3fdccd84a60bd0aa56bb90937270d0bd15f1101cd8f2a5a3709dd0a3,ascii94,1,11,94,0,0,0,0,0,0,0.0,0.0,0.0,0.0,0.0,36.180851063829785,23.861702127659573,6,4,561ce611b2680b6a
en,BabelStoneHan,d8bb747b3fdccd84a60bd0aa56bb90937270d0bd15f1101cd8f2a5a3709dd0a3,demo_unique,1,11,20,0,0,0,0,0,0,0.0,0.0,0.0,0.0,0.0,39.5,25.95,6,4,70eb87c2f2a8a14a
en,BabelStoneHan,d8bb747b3fdccd84a60bd0aa56bb90937270d0bd15f1101cd8f2a5a3709dd0a3,ascii94,1,12,94,0,0,0,0,0,0,0.0,0.0,0.0,0.0,0.0,36.180851063829785,23.861702127659573,6,4,0b3ca42f84b2818e
en,BabelStoneHan,d8bb747b3fdccd84a60bd0aa56bb90937270d0bd15f1101cd8f2a5a3709dd0a3,demo_unique,1,12,9,0,0,0,0,0,0,0.0,0.0,0.0,0.0,0.0,46.111111111111114,27.22222222222222,6,4,0cab79c03ce003de
en,BabelStoneHan,d8bb747b3fdccd84a60bd0aa56bb90937270d0bd15f1101cd8f2a5a3709dd0a3,ascii94,1,14,94,0,0,0,0,0,0,0.0,0.0,0.0,0.0,0.0,36.180851063829785,23.861702127659573,6,4,d19c07dfc771fd0a
en,BabelStoneHan,d8bb747b3fdccd84a60bd0aa56bb90937270d0bd15f1101cd8f2a5a3709dd0a3,demo_unique,1,14,31,0,0,0,0,0,0,0.0,0.0,0.0,0.0,0.0,40.064516129032256,26.64516129032258,6,4,2429ab46a8c60b49
en,BabelStoneHan,d8bb747b3fdccd84a60bd0aa56bb90937270d0bd15f1101cd8f2a5a3709dd0a3,ascii94,1,15,94,0,0,0,0,0,0,0.0,0.0,0.0,0.0,0.0,36.180851063829785,23.861702127659573,6,4,9d7222ed6cbf51f4
en,BabelStoneHan,d8bb747b3fdccd84a60bd0aa56bb90937270d0bd15f1101cd8f2a5a3709dd0a3,demo_unique,1,15,11,0,0,0,0,0,0,0.0,0.0,0.0,0.0,0.0,42.36363636363637,26.09090909090909,6,4,1d0020c4135e94db
en,BabelStoneHan,d8bb747b3fdccd84a60bd0aa56bb90937270d0bd15f1101cd8f2a5a3709dd0a3,ascii94,1,16,94,0,0,0,0,0,0,0.0,0.0,0.0,0.0,0.0,36.180851063829785,23.861702127659573,6,4,91cbd00173885e57
en,BabelStoneHan,d8bb747b3fdccd84a60bd0aa56bb90937270d0bd15f1101cd8f2a5a3709dd0a3,demo_unique,1,16,27,0,0,0,0,0,0,0.0,0.0,0.0,0.0,0.0,41.925925925925924,26.59259259259259,6,4,25b2ddba4e569eb0
en,BabelStoneHan,d8bb747b3fdccd84a60bd0aa56bb90937270d0bd15f1101cd8f2a5a3709dd0a3,ascii94,2,11,94,0,0,0,0,0,0,0.0,0.0,0.0,0.0,0.0,36.180851063829785,23.861702127659573,6,4,88e77eff89d94099
en,BabelStoneHan,d8bb747b3fdccd84a60bd0aa56bb90937270d0bd15f1101cd8f2a5a3709dd0a3,demo_unique,2,11,20,0,0,0,0,0,0,0.0,0.0,0.0,0.0,0.0,39.5,25.95,6,4,621b8b62a610c92b
en,BabelStoneHan,d8bb747b3fdccd84a60bd0aa56bb90937270d0bd15f1101cd8f2a5a3709dd0a3,ascii94,2,12,94,0,0,0,0,0,0,0.0,0.0,0.0,0.0,0.0,36.180851063829785,23.861702127659573,6,4,184909497b493ff6
en,BabelStoneHan,d8bb747b3fdccd84a60bd0aa56bb90937270d0bd15f1101cd8f2a5a3709dd0a3,demo_unique,2,12,9,0,0,0,0,0,0,0.0,0.0,0.0,0.0,0.0,46.111111111111114,27.22222222222222,6,4,ac28ffbbd2eaa8c3
en,BabelStoneHan,d8bb747b3fdccd84a60bd0aa56bb90937270d0bd15f1101cd8f2a5a3709dd0a3,ascii94,2,14,94,0,0,0,0,0,0,0.0,0.0,0.0,0.0,0.0,36.180851063829785,23.861702127659573,6,4,997d256cb5d64a9d
en,BabelStoneHan,d8bb747b3fdccd84a60bd0aa56bb90937270d0bd15f1101cd8f2a5a3709dd0a3,demo_unique,2,14,31,0,0,0,0,0,0,0.0,0.0,0.0,0.0,0.0,40.064516129032256,26.64516129032258,6,4,2f38c33712c840a5
en,BabelStoneHan,d8bb747b3fdccd84a60bd0aa56bb90937270d0bd15f1101cd8f2a5a3709dd0a3,ascii94,2,15,94,0,0,0,0,0,0,0.0,0.0,0.0,0.0,0.0,36.180851063829785,23.861702127659573,6,4,7d0f5a223e06cadd
en,BabelStoneHan,d8bb747b3fdccd84a60bd0aa56bb90937270d0bd15f1101cd8f2a5a3709dd0a3,demo_unique,2,15,11,0,0,0,0,0,0,0.0,0.0,0.0,0.0,0.0,42.36363636363637,26.09090909090909,6,4,177b3c37493b3de2
en,BabelStoneHan,d8bb747b3fdccd84a60bd0aa56bb90937270d0bd15f1101cd8f2a5a3709dd0a3,ascii94,2,16,94,0,0,0,0,0,0,0.0,0.0,0.0,0.0,0.0,36.180851063829785,23.861702127659573,6,4,b3d71fbebd5bffd4
en,BabelStoneHan,d8bb747b3fdccd84a60bd0aa56bb90937270d0bd15f1101cd8f2a5a3709dd0a3,demo_unique,2,16,27,0,0,0,0,0,0,0.0,0.0,0.0,0.0,0.0,41.925925925925924,26.59259259259259,6,4,cff7a174dd090b8a
ko,NanumMyeongjo-Regular,7ed9e8653a8ed04285d51dc343ffea6eb3d9c73afc27383ea8929ee4ffd03205,ascii94,1,11,94,150.6595744680851,430,1,95,0,55.659574468085104,2.8297872340425534,0.0,0.0,34.829787234042556,5.361702127659575,61.54255319148936,35.93617021276596,96,781,1e9f176dfd56c7cf
ko,NanumMyeongjo-Regular,7ed9e8653a8ed04285d51dc343ffea6eb3d9c73afc27383ea8929ee4ffd03205,cjk_demo_unique,1,11,24,238.125,518,1,171.91666666666666,0,66.20833333333333,4.5,0.0,0.0,47.708333333333336,6.291666666666667,137.625,77.66666666666667,96,781,a1951fd8743a3f1c
ko,NanumMyeongjo-Regular,7ed9e8653a8ed04285d51dc343ffea6eb3d9c73afc27383ea8929ee4ffd03205,ascii94,1,12,94,149.93617021276594,434,1,94.27659574468085,0,55.659574468085104,2.8297872340425534,0.0,0.0,34.765957446808514,5.361702127659575,61.54255319148936,35.93617021276596,96,781,4adb901a8d3f5d08
ko,NanumMyeongjo-Regular,7ed9e8653a8ed04285d51dc343ffea6eb3d9c73afc27383ea8929ee4ffd03205,cjk_demo_unique,1,12,9,108.33333333333333,182,1,64.88888888888889,0,43.44444444444444,2.2222222222222223,0.0,0.0,26.11111111111111,2.7777777777777777,61,35,96,781,4ed0704dc7ae061a
ko,NanumMyeongjo-Regular,7ed9e8653a8ed04285d51dc343ffea6eb3d9c73afc27383ea8929ee4ffd03205,ascii94,1,14,94,148.43617021276594,434,1,92.77659574468085,0,55.659574468085104,2.8297872340425534,0.0,0.0,34.62765957446808,5.361702127659575,61.54255319148936,35.93617021276596,96,781,00314c96d6ced8a3
ko,NanumMyeongjo-Regular,7ed9e8653a8ed04285d51dc343ffea6eb3d9c73afc27383ea8929ee4ffd03205,cjk_demo_unique,1,14,74,274.5810810810811,591,1,202.2972972972973,0,72.28378378378379,5.216216216216216,0.0,0.0,52.986486486486484,6.972972972972973,148.93243243243242,83.93243243243244,96,781,faa2763f32632685
ko,NanumMyeongjo-Regular,7ed9e8653a8ed04285d51dc343ffea6eb3d9c73afc27383ea8929ee4ffd03205,ascii94,1,15,94,149.77659574468086,434,1,94.11702127659575,0,55.659574468085104,2.8297872340425534,0.0,0.0,34.6063829787234,5.361702127659575,61.54255319148936,35.93617021276596,96,781,abd567635690b32a
ko,NanumMyeongjo-Regular,7ed9e8653a8ed04285d51dc343ffea6eb3d9c73afc27383ea8929ee4ffd03205,cjk_demo_unique,1,15,9,216.66666666666666,385,1,147,0,69.66666666666667,4.0,0.0,0.0,46.666666666666664,7.333333333333333,136,76.77777777777777,96,781,290af61a4bfba4f8
ko,NanumMyeongjo-Regular,7ed9e8653a8ed04285d51dc343ffea6eb3d9c73afc27383ea8929ee4ffd03205,ascii94,1,16,94,149.2340425531915,429,1,93.57446808510639,0,55.659574468085104,2.8297872340425534,0.0,0.0,34.54255319148936,5.361702127659575,61.54255319148936,35.93617021276596,96,781,4be6401cd7ae6f98
ko,NanumMyeongjo-Regular,7ed9e8653a8ed04285d51dc343ffea6eb3d9c73afc27383ea8929ee4ffd03205,cjk_demo_unique,1,16,21,256.1904761904762,481,1,186.28571428571428,0,69.9047619047619,4.904761904761905,0.0,0.0,49.76190476190476,6.523809523809524,130.9047619047619,73.95238095238095,96,781,566c77d08843f54e
ko,NanumMyeongjo-Regular,7ed9e8653a8ed04285d51dc343ffea6eb3d9c73afc27383ea8929ee4ffd03205,ascii94,2,11,94,148.27659574468086,430,1,92.61702127659575,0,55.659574468085104,2.8297872340425534,0.0,0.0,34.265957446808514,5.361702127659575,61.54255319148936,35.93617021276596,96,781,9d2bfce7ff60d381
ko,NanumMyeongjo-Regular,7ed9e8653a8ed04285d51dc343ffea6eb3d9c73afc27383ea8929ee4ffd03205,cjk_demo_unique,2,11,24,232.54166666666666,512,1,166.33333333333334,0,66.20833333333333,4.5,0.0,0.0,45.875,6.291666666666667,137.625,77.66666666666667,96,781,33946bdadc032420
ko,NanumMyeongjo-Regular,7ed9e8653a8ed04285d51dc343ffea6eb3d9c73afc27383ea8929ee4ffd03205,ascii94,2,12,94,147.9787234042553,414,1,92.31914893617021,0,55.659574468085104,2.8297872340425534,0.0,0.0,34.138297872340424,5.361702127659575,61.54255319148936,35.93617021276596,96,784,3021bcfd8faffe8b
ko,NanumMyeongjo-Regular,7ed9e8653a8ed04285d51dc343ffea6eb3d9c73afc27383ea8929ee4ffd03205,cjk_demo_unique,2,12,9,108.55555555555556,178,1,65.11111111111111,0,43.44444444444444,2.2222222222222223,0.0,0.0,25.88888888888889,2.7777777777777777,61,35,96,784,d6adae6da8df73d3
ko,NanumMyeongjo-Regular,7ed9e8653a8ed04285d51dc343ffea6eb3d9c73afc27383ea8929ee4ffd03205,ascii94,2,14,94,148.9787234042553,420,1,93.31914893617021,0,55.659574468085104,2.8297872340425534,0.0,0.0,34.04255319148936,5.361702127659575,61.54255319148936,35.93617021276596,96,790,bd604f2750a17ff3
ko,NanumMyeongjo-Regular,7ed9e8653a8ed04285d51dc343ffea6eb3d9c73afc27383ea8929ee4ffd03205,cjk_demo_unique,2,14,74,269.47297297297297,586,1,197.1891891891892,0,72.28378378378379,5.216216216216216,0.0,0.0,51.554054054054056,6.972972972972973,148.93243243243242,83.93243243243244,96,790,1602ea0330a1c43b
ko,NanumMyeongjo-Regular,7ed9e8653a8ed04285d51dc343ffea6eb3d9c73afc27383ea8929ee4ffd03205,ascii94,2,15,94,148.93617021276594,420,1,93.27659574468085,0,55.659574468085104,2.8297872340425534,0.0,0.0,34.04255319148936,5.361702127659575,61.54255319148936,35.93617021276596,96,790,e63e07d240d8a174
ko,NanumMyeongjo-Regular,7ed9e8653a8ed04285d51dc343ffea6eb3d9c73afc27383ea8929ee4ffd03205,cjk_demo_unique,2,15,9,213.44444444444446,374,1,143.77777777777777,0,69.66666666666667,4.0,0.0,0.0,45.55555555555556,7.333333333333333,136,76.77777777777777,96,790,1503488a8a1ebbe1
ko,NanumMyeongjo-Regular,7ed9e8653a8ed04285d51dc343ffea6eb3d9c73afc27383ea8929ee4ffd03205,ascii94,2,16,94,148.4255319148936,420,1,92.76595744680851,0,55.659574468085104,2.8297872340425534,0.0,0.0,34.04255319148936,5.361702127659575,61.54255319148936,35.93617021276596,96,790,43e2fd3abaef3b63
ko,NanumMyeongjo-Regular,7ed9e8653a8ed04285d51dc343ffea6eb3d9c73afc27383ea8929ee4ffd03205,cjk_demo_unique,2,16,21,254.66666666666666,470,1,184.76190476190476,0,69.9047619047619,4.904761904761905,0.0,0.0,49.333333333333336,6.523809523809524,130.9047619047619,73.95238095238095,96,790,07deb15a949df708
ko,NanumMyeongjo-ExtraBold,60c0077fce069ba90ae97c0a3679f6eb3712e0ca637bdd0c15b72d335ec46db7,ascii94,1,11,94,128.95744680851064,438,0.9893617021276596,75.53191489361703,0,53.42553191489362,2.4148936170212765,0.0,0.0,30.819148936170212,4.404255319148936,67.30851063829788,39.06382978723404,40,592,75a000d48795318a
ko,NanumMyeongjo-ExtraBold,60c0077fce069ba90ae97c0a3679f6eb3712e0ca637bdd0c15b72d335ec46db7,cjk_demo_unique,1,11,24,228.54166666666666,556,1,165.58333333333334,0,62.958333333333336,4.458333333333333,0.0,0.0,45.25,6.916666666666667,160.20833333333334,88.04166666666667,40,592,851062ec39edbfb4
ko,NanumMyeongjo-ExtraBold,60c0077fce069ba90ae97c0a3679f6eb3712e0ca637bdd0c15b72d335ec46db7,ascii94,1,12,94,128.4468085106383,420,0.9893617021276596,75.02127659574468,0,53.42553191489362,2.4148936170212765,0.0,0.0,30.819148936170212,4.404255319148936,67.30851063829788,39.06382978723404,40,592,4a4de4f2419dc9bb
ko,NanumMyeongjo-ExtraBold,60c0077fce069ba90ae97c0a3679f6eb3712e0ca637bdd0c15b72d335ec46db7,cjk_demo_unique,1,12,9,109,184,1,62.22222222222222,0,46.77777777777778,2.111111111111111,0.0,0.0,26.444444444444443,2.888888888888889,61.888888888888886,35.44444444444444,40,592,d50718a3780fcf5e
ko,NanumMyeongjo-ExtraBold,60c0077fce069ba90ae97c0a3679f6eb3712e0ca637bdd0c15b72d335ec46db7,ascii94,1,14,94,128.2340425531915,412,0.9893617021276596,74.80851063829788,0,53.42553191489362,2.4148936170212765,0.0,0.0,30.659574468085108,4.404255319148936,67.30851063829788,39.06382978723404,40,598,bb1477471bbeacd6
ko,NanumMyeongjo-ExtraBold,60c0077fce069ba90ae97c0a3679f6eb3712e0ca637bdd0c15b72d335ec46db7,cjk_demo_unique,1,14,74,259.31081081081084,690,1,189.75675675675674,0,69.55405405405405,5.0675675675675675,0.0,0.0,50.0,6.8108108108108105,172.27027027027026,94.85135135135135,40,598,c83323e6212c553b
ko,NanumMyeongjo-ExtraBold,60c0077fce069ba90ae97c0a3679f6eb3712e0ca637bdd0c15b72d335ec46db7,ascii94,1,15,94,127.93617021276596,420,0.9893617021276596,74.51063829787235,0,53.42553191489362,2.4148936170212765,0.0,0.0,30.659574468085108,4.404255319148936,67.30851063829788,39.06382978723404,40,598,d1aa8467f4b356a1
ko,NanumMyeongjo-ExtraBold,60c0077fce069ba90ae97c0a3679f6eb3712e0ca637bdd0c15b72d335ec46db7,cjk_demo_unique,1,15,9,193.66666666666666,340,1,137.77777777777777,0,55.888888888888886,3.888888888888889,0.0,0.0,38.888888888888886,5.666666666666667,156.22222222222223,86.33333333333333,40,598,ccab0c3e133c8062
ko,NanumMyeongjo-ExtraBold,60c0077fce069ba90ae97c0a3679f6eb3712e0ca637bdd0c15b72d335ec46db7,ascii94,1,16,94,127.55319148936171,420,0.9893617021276596,74.12765957446808,0,53.42553191489362,2.4148936170212765,0.0,0.0,30.659574468085108,4.404255319148936,67.30851063829788,39.06382978723404,40,598,58c3b49e1fa537b1
ko,NanumMyeongjo-ExtraBold,60c0077fce069ba90ae97c0a3679f6eb3712e0ca637bdd0c15b72d335ec46db7,cjk_demo_unique,1,16,21,246.38095238095238,486,1,176.38095238095238,0,70,4.714285714285714,0.0,0.0,48.857142857142854,6.904761904761905,151.04761904761904,83,40,598,d8bade7388572f69
ko,NanumMyeongjo-ExtraBold,60c0077fce069ba90ae97c0a3679f6eb3712e0ca637bdd0c15b72d335ec46db7,ascii94,2,11,94,128.2340425531915,424,0.9893617021276596,74.80851063829788,0,53.42553191489362,2.4148936170212765,0.0,0.0,30.659574468085108,4.404255319148936,67.30851063829788,39.06382978723404,40,598,86da963815668a5a
ko,NanumMyeongjo-ExtraBold,60c0077fce069ba90ae97c0a3679f6eb3712e0ca637bdd0c15b72d335ec46db7,cjk_demo_unique,2,11,24,226.375,550,1,163.41666666666666,0,62.958333333333336,4.458333333333333,0.0,0.0,45.25,6.916666666666667,160.20833333333334,88.04166666666667,40,598,71858014e7476294
ko,NanumMyeongjo-ExtraBold,60c0077fce069ba90ae97c0a3679f6eb3712e0ca637bdd0c15b72d335ec46db7,ascii94,2,12,94,128.06382978723406,428,0.9893617021276596,74.63829787234043,0,53.42553191489362,2.4148936170212765,0.0,0.0,30.659574468085108,4.404255319148936,67.30851063829788,39.06382978723404,40,604,39e252e0c32c3d38
ko,NanumMyeongjo-ExtraBold,60c0077fce069ba90ae97c0a3679f6eb3712e0ca637bdd0c15b72d335ec46db7,cjk_demo_unique,2,12,9,107.66666666666667,184,1,60.888888888888886,0,46.77777777777778,2.111111111111111,0.0,0.0,26.444444444444443,2.888888888888889,61.888888888888886,35.44444444444444,40,604,ab40d461bdbc9fe0
ko,NanumMyeongjo-ExtraBold,60c0077fce069ba90ae97c0a3679f6eb3712e0ca637bdd0c15b72d335ec46db7,ascii94,2,14,94,127.34042553191489,420,0.9893617021276596,73.91489361702128,0,53.42553191489362,2.4148936170212765,0.0,0.0,30.659574468085108,4.404255319148936,67.30851063829788,39.06382978723404,40,613,84849eb0ffbc84f4
ko,NanumMyeongjo-ExtraBold,60c0077fce069ba90ae97c0a3679f6eb3712e0ca637bdd0c15b72d335ec46db7,cjk_demo_unique,2,14,74,260.6081081081081,710,1,191.05405405405406,0,69.55405405405405,5.0675675675675675,0.0,0.0,50.0,6.8108108108108105,172.27027027027026,94.85135135135135,40,613,aefa58ed29885d1c
ko,NanumMyeongjo-ExtraBold,60c0077fce069ba90ae97c0a3679f6eb3712e0ca637bdd0c15b72d335ec46db7,ascii94,2,15,94,128.14893617021278,416,0.9893617021276596,74.72340425531915,0,53.42553191489362,2.4148936170212765,0.0,0.0,30.659574468085108,4.404255319148936,67.30851063829788,39.06382978723404,40,613,c958496db5bc3b67
ko,NanumMyeongjo-ExtraBold,60c0077fce069ba90ae97c0a3679f6eb3712e0ca637bdd0c15b72d335ec46db7,cjk_demo_unique,2,15,9,195.44444444444446,348,1,139.55555555555554,0,55.888888888888886,3.888888888888889,0.0,0.0,38.888888888888886,5.666666666666667,156.22222222222223,86.33333333333333,40,613,46c1f8d0bfb5fe88
ko,NanumMyeongjo-ExtraBold,60c0077fce069ba90ae97c0a3679f6eb3712e0ca637bdd0c15b72d335ec46db7,ascii94,2,16,94,127.55319148936171,416,0.9893617021276596,74.12765957446808,0,53.42553191489362,2.4148936170212765,0.0,0.0,30.659574468085108,4.404255319148936,67.30851063829788,39.06382978723404,40,619,6ce6a72a2f975fe9
ko,NanumMyeongjo-ExtraBold,60c0077fce069ba90ae97c0a3679f6eb3712e0ca637bdd0c15b72d335ec46db7,cjk_demo_unique,2,16,21,246.1904761904762,490,1,176.1904761904762,0,70,4.714285714285714,0.0,0.0,48.857142857142854,6.904761904761905,151.04761904761904,83,40,619,171d894e3758e64d
ko,NanumGothic-ExtraBold,5c4568e5295a8c52bc30e7efa1ea6d2de43556268ef42daba93540a1ece691ae,ascii94,1,11,94,106.56382978723404,362,0.9787234042553191,67.51063829787235,0,39.0531914893617,2.24468085106383,0.0,0.0,23.93617021276596,2.617021276595745,54.138297872340424,32.191489361702125,104,7415,2b9dfa4833a75cd7
ko,NanumGothic-ExtraBold,5c4568e5295a8c52bc30e7efa1ea6d2de43556268ef42daba93540a1ece691ae,cjk_demo_unique,1,11,24,241.29166666666666,560,1,198.41666666666666,0,42.875,5.208333333333333,0.0,0.0,39.208333333333336,4.541666666666667,101.41666666666667,62.208333333333336,104,7415,c47dc701c10d5b4c
ko,NanumGothic-ExtraBold,5c4568e5295a8c52bc30e7efa1ea6d2de43556268ef42daba93540a1ece691ae,ascii94,1,12,94,106.3936170212766,358,0.9787234042553191,67.34042553191489,0,39.0531914893617,2.24468085106383,0.0,0.0,23.93617021276596,2.617021276595745,54.138297872340424,32.191489361702125,104,7415,75487943d17e9780
ko,NanumGothic-ExtraBold,5c4568e5295a8c52bc30e7efa1ea6d2de43556268ef42daba93540a1ece691ae,cjk_demo_unique,1,12,9,138.88888888888889,242,1,94.44444444444444,0,44.44444444444444,2.888888888888889,0.0,0.0,28.77777777777778,2.6666666666666665,73.22222222222223,41.22222222222222,104,7415,9a8c06e9b16fbf7b
ko,NanumGothic-ExtraBold,5c4568e5295a8c52bc30e7efa1ea6d2de43556268ef42daba93540a1ece691ae,ascii94,1,14,94,106.26595744680851,358,0.9787234042553191,67.2127659574468,0,39.0531914893617,2.24468085106383,0.0,0.0,23.93617021276596,2.617021276595745,54.138297872340424,32.191489361702125,104,7427,af42d3aca0ff341f
ko,NanumGothic-ExtraBold,5c4568e5295a8c52bc30e7efa1ea6d2de43556268ef42daba93540a1ece691ae,cjk_demo_unique,1,14,74,260.68918918918916,538,1,217.21621621621622,0,43.472972972972975,5.662162162162162,0.0,0.0,41.445945945945944,4.324324324324325,105.12162162162163,64.85135135135135,104,7427,3dd167a84e086ea1
ko,NanumGothic-ExtraBold,5c4568e5295a8c52bc30e7efa1ea6d2de43556268ef42daba93540a1ece691ae,ascii94,1,15,94,106.13829787234043,362,0.9787234042553191,67.08510638297872,0,39.0531914893617,2.24468085106383,0.0,0.0,23.93617021276596,2.617021276595745,54.138297872340424,32.191489361702125,104,7427,b97c4804e9351559
ko,NanumGothic-ExtraBold,5c4568e5295a8c52bc30e7efa1ea6d2de43556268ef42daba93540a1ece691ae,cjk_demo_unique,1,15,9,229.33333333333334,356,1,191.77777777777777,0,37.55555555555556,5.111111111111111,0.0,0.0,36.333333333333336,3.3333333333333335,104,63.22222222222222,104,7427,c368f3d630c87b92
ko,NanumGothic-ExtraBold,5c4568e5295a8c52bc30e7efa1ea6d2de43556268ef42daba93540a1ece691ae,ascii94,1,16,94,106.22340425531915,354,0.9787234042553191,67.17021276595744,0,39.0531914893617,2.24468085106383,0.0,0.0,23.93617021276596,2.617021276595745,54.138297872340424,32.191489361702125,104,7427,ead892d0df564729
ko,NanumGothic-ExtraBold,5c4568e5295a8c52bc30e7efa1ea6d2de43556268ef42daba93540a1ece691ae,cjk_demo_unique,1,16,21,258.0952380952381,464,1,215.71428571428572,0,42.38095238095238,5.619047619047619,0.0,0.0,40.57142857142857,3.6666666666666665,94.38095238095238,57.857142857142854,104,7427,0e25621654c49875
ko,NanumGothic-ExtraBold,5c4568e5295a8c52bc30e7efa1ea6d2de43556268ef42daba93540a1ece691ae,ascii94,2,11,94,106.52127659574468,350,0.9787234042553191,67.46808510638297,0,39.0531914893617,2.24468085106383,0.0,0.0,23.93617021276596,2.617021276595745,54.138297872340424,32.191489361702125,104,7439,527dbbb730b53b33
ko,NanumGothic-ExtraBold,5c4568e5295a8c52bc30e7efa1ea6d2de43556268ef42daba93540a1ece691ae,cjk_demo_unique,2,11,24,239.29166666666666,544,1,196.41666666666666,0,42.875,5.208333333333333,0.0,0.0,39.208333333333336,4.541666666666667,101.41666666666667,62.208333333333336,104,7439,1aff3661f7ff8982
ko,NanumGothic-ExtraBold,5c4568e5295a8c52bc30e7efa1ea6d2de43556268ef42daba93540a1ece691ae,ascii94,2,12,94,106.77659574468085,358,0.9787234042553191,67.72340425531915,0,39.0531914893617,2.24468085106383,0.0,0.0,23.93617021276596,2.617021276595745,54.138297872340424,32.191489361702125,104,7439,4f837cc50c81ccc8
ko,NanumGothic-ExtraBold,5c4568e5295a8c52bc30e7efa1ea6d2de43556268ef42daba93540a1ece691ae,cjk_demo_unique,2,12,9,138.88888888888889,234,1,94.44444444444444,0,44.44444444444444,2.888888888888889,0.0,0.0,28.77777777777778,2.6666666666666665,73.22222222222223,41.22222222222222,104,7439,9d1c60b3ea8b16a1
ko,NanumGothic-ExtraBold,5c4568e5295a8c52bc30e7efa1ea6d2de43556268ef42daba93540a1ece691ae,ascii94,2,14,94,106.69148936170212,350,0.9787234042553191,67.63829787234043,0,39.0531914893617,2.24468085106383,0.0,0.0,23.93617021276596,2.617021276595745,54.138297872340424,32.191489361702125,104,7439,9b0cdd06f9b5ca9c
ko,NanumGothic-ExtraBold,5c4568e5295a8c52bc30e7efa1ea6d2de43556268ef42daba93540a1ece691ae,cjk_demo_unique,2,14,74,261.7162162162162,542,1,218.24324324324326,0,43.472972972972975,5.662162162162162,0.0,0.0,41.445945945945944,4.324324324324325,105.12162162162163,64.85135135135135,104,7439,1f8796ac92fbd38a
ko,NanumGothic-ExtraBold,5c4568e5295a8c52bc30e7efa1ea6d2de43556268ef42daba93540a1ece691ae,ascii94,2,15,94,106.18085106382979,354,0.9787234042553191,67.12765957446808,0,39.0531914893617,2.24468085106383,0.0,0.0,23.93617021276596,2.617021276595745,54.138297872340424,32.191489361702125,104,7454,86f43c95ebf1efba
ko,NanumGothic-ExtraBold,5c4568e5295a8c52bc30e7efa1ea6d2de43556268ef42daba93540a1ece691ae,cjk_demo_unique,2,15,9,231.55555555555554,356,1,194,0,37.55555555555556,5.111111111111111,0.0,0.0,36.333333333333336,3.3333333333333335,104,63.22222222222222,104,7454,664901dd81704276
ko,NanumGothic-ExtraBold,5c4568e5295a8c52bc30e7efa1ea6d2de43556268ef42daba93540a1ece691ae,ascii94,2,16,94,106.30851063829788,350,0.9787234042553191,67.25531914893617,0,39.0531914893617,2.24468085106383,0.0,0.0,23.93617021276596,2.617021276595745,54.138297872340424,32.191489361702125,104,7454,f6a7b24a845bc4a8
ko,NanumGothic-ExtraBold,5c4568e5295a8c52bc30e7efa1ea6d2de43556268ef42daba93540a1ece691ae,cjk_demo_unique,2,16,21,257.7142857142857,460,1,215.33333333333334,0,42.38095238095238,5.619047619047619,0.0,0.0,40.57142857142857,3.6666666666666665,94.38095238095238,57.857142857142854,104,7454,67a7f5d112db9775
zh,NotoSerifSC-VF,050080d9255a86808f2945bffac582b31ef32bc36411ce29563b4961670c66f9,ascii94,1,11,94,0,0,0,0,0,0,0.0,0.0,0.0,0.0,0.0,48,34.5,0,4,00d5e14b6922ccfa
zh,NotoSerifSC-VF,050080d9255a86808f2945bffac582b31ef32bc36411ce29563b4961670c66f9,cjk_demo_unique,1,11,21,0,0,0,0,0,0,0.0,0.0,0.0,0.0,0.0,120.71428571428571,83.57142857142857,0,4,5422b02f78ff76d7
zh,NotoSerifSC-VF,050080d9255a86808f2945bffac582b31ef32bc36411ce29563b4961670c66f9,ascii94,1,12,94,0,0,0,0,0,0,0.0,0.0,0.0,0.0,0.0,48,34.5,0,4,3968ee6de58371a3
zh,NotoSerifSC-VF,050080d9255a86808f2945bffac582b31ef32bc36411ce29563b4961670c66f9,cjk_demo_unique,1,12,9,0,0,0,0,0,0,0.0,0.0,0.0,0.0,0.0,48,29.666666666666668,0,4,5002105750b8b232
zh,NotoSerifSC-VF,050080d9255a86808f2945bffac582b31ef32bc36411ce29563b4961670c66f9,ascii94,1,14,94,0,0,0,0,0,0,0.0,0.0,0.0,0.0,0.0,48,34.5,0,4,55f4e9c40f59d7b8
zh,NotoSerifSC-VF,050080d9255a86808f2945bffac582b31ef32bc36411ce29563b4961670c66f9,cjk_demo_unique,1,14,69,0,0,0,0,0,0,0.0,0.0,0.0,0.0,0.0,124.55072463768116,84.17391304347827,0,4,3a87f427f85c27ae
zh,NotoSerifSC-VF,050080d9255a86808f2945bffac582b31ef32bc36411ce29563b4961670c66f9,ascii94,1,15,94,0,0,0,0,0,0,0.0,0.0,0.0,0.0,0.0,48,34.5,0,4,005c13607f895f66
zh,NotoSerifSC-VF,050080d9255a86808f2945bffac582b31ef32bc36411ce29563b4961670c66f9,cjk_demo_unique,1,15,8,0,0,0,0,0,0,0.0,0.0,0.0,0.0,0.0,154.25,104,0,4,67fafc53f41bd5c8
zh,NotoSerifSC-VF,050080d9255a86808f2945bffac582b31ef32bc36411ce29563b4961670c66f9,ascii94,1,16,94,0,0,0,0,0,0,0.0,0.0,0.0,0.0,0.0,48,34.5,0,4,e31509e17d92536f
zh,NotoSerifSC-VF,050080d9255a86808f2945bffac582b31ef32bc36411ce29563b4961670c66f9,cjk_demo_unique,1,16,20,0,0,0,0,0,0,0.0,0.0,0.0,0.0,0.0,110.45,76.7,0,4,7c1a3f97fb2c81f4
zh,NotoSerifSC-VF,050080d9255a86808f2945bffac582b31ef32bc36411ce29563b4961670c66f9,ascii94,2,11,94,0,0,0,0,0,0,0.0,0.0,0.0,0.0,0.0,48,34.5,0,4,c0211b92f50d9a8c
zh,NotoSerifSC-VF,050080d9255a86808f2945bffac582b31ef32bc36411ce29563b4961670c66f9,cjk_demo_unique,2,11,21,0,0,0,0,0,0,0.0,0.0,0.0,0.0,0.0,120.71428571428571,83.57142857142857,0,4,2bd0a710f2acb99f
zh,NotoSerifSC-VF,050080d9255a86808f2945bffac582b31ef32bc36411ce29563b4961670c66f9,ascii94,2,12,94,0,0,0,0,0,0,0.0,0.0,0.0,0.0,0.0,48,34.5,0,4,b77be339b0613a34
zh,NotoSerifSC-VF,050080d9255a86808f2945bffac582b31ef32bc36411ce29563b4961670c66f9,cjk_demo_unique,2,12,9,0,0,0,0,0,0,0.0,0.0,0.0,0.0,0.0,48,29.666666666666668,0,4,5074d8a3152859fe
zh,NotoSerifSC-VF,050080d9255a86808f2945bffac582b31ef32bc36411ce29563b4961670c66f9,ascii94,2,14,94,0,0,0,0,0,0,0.0,0.0,0.0,0.0,0.0,48,34.5,0,4,9a9bd32d385a73cc
zh,NotoSerifSC-VF,050080d9255a86808f2945bffac582b31ef32bc36411ce29563b4961670c66f9,cjk_demo_unique,2,14,69,0,0,0,0,0,0,0.0,0.0,0.0,0.0,0.0,124.55072463768116,84.17391304347827,0,4,8cbc76dc7c7eb830
zh,NotoSerifSC-VF,050080d9255a86808f2945bffac582b31ef32bc36411ce29563b4961670c66f9,ascii94,2,15,94,0,0,0,0,0,0,0.0,0.0,0.0,0.0,0.0,48,34.5,0,4,b40065ffc5eb5e4b
zh,NotoSerifSC-VF,050080d9255a86808f2945bffac582b31ef32bc36411ce29563b4961670c66f9,cjk_demo_unique,2,15,8,0,0,0,0,0,0,0.0,0.0,0.0,0.0,0.0,154.25,104,0,4,afab83827df2634d
zh,NotoSerifSC-VF,050080d9255a86808f2945bffac582b31ef32bc36411ce29563b4961670c66f9,ascii94,2,16,94,0,0,0,0,0,0,0.0,0.0,0.0,0.0,0.0,48,34.5,0,4,6c426e0e288bb138
zh,NotoSerifSC-VF,050080d9255a86808f2945bffac582b31ef32bc36411ce29563b4961670c66f9,cjk_demo_unique,2,16,20,0,0,0,0,0,0,0.0,0.0,0.0,0.0,0.0,110.45,76.7,0,4,ff39174372dbd4d2
zh,NotoSansSC-VF,a3041811a78c361b1de50f953c805e0244951c21c5bd412f7232ef0d899af0da,ascii94,1,11,94,0,0,0,0,0,0,0.0,0.0,0.0,0.0,0.0,34.159574468085104,22.48936170212766,0,4,5b317e9beb7aa7cd
zh,NotoSansSC-VF,a3041811a78c361b1de50f953c805e0244951c21c5bd412f7232ef0d899af0da,cjk_demo_unique,1,11,21,0,0,0,0,0,0,0.0,0.0,0.0,0.0,0.0,84.80952380952381,62.476190476190474,0,4,8bba8831849929a8
zh,NotoSansSC-VF,a3041811a78c361b1de50f953c805e0244951c21c5bd412f7232ef0d899af0da,ascii94,1,12,94,0,0,0,0,0,0,0.0,0.0,0.0,0.0,0.0,34.159574468085104,22.48936170212766,0,4,a194ad8cea44c038
zh,NotoSansSC-VF,a3041811a78c361b1de50f953c805e0244951c21c5bd412f7232ef0d899af0da,cjk_demo_unique,1,12,9,0,0,0,0,0,0,0.0,0.0,0.0,0.0,0.0,50.55555555555556,29.555555555555557,0,4,0bcd7ce3162e9487
zh,NotoSansSC-VF,a3041811a78c361b1de50f953c805e0244951c21c5bd412f7232ef0d899af0da,ascii94,1,14,94,0,0,0,0,0,0,0.0,0.0,0.0,0.0,0.0,34.159574468085104,22.48936170212766,0,4,e87e105720c79c9b
zh,NotoSansSC-VF,a3041811a78c361b1de50f953c805e0244951c21c5bd412f7232ef0d899af0da,cjk_demo_unique,1,14,69,0,0,0,0,0,0,0.0,0.0,0.0,0.0,0.0,91.3768115942029,64.71014492753623,0,4,8f415838801b5289
zh,NotoSansSC-VF,a3041811a78c361b1de50f953c805e0244951c21c5bd412f7232ef0d899af0da,ascii94,1,15,94,0,0,0,0,0,0,0.0,0.0,0.0,0.0,0.0,34.159574468085104,22.48936170212766,0,4,0839af62834f5dbd
zh,NotoSansSC-VF,a3041811a78c361b1de50f953c805e0244951c21c5bd412f7232ef0d899af0da,cjk_demo_unique,1,15,8,0,0,0,0,0,0,0.0,0.0,0.0,0.0,0.0,111.5,79.5,0,4,03da432e99ca65ab
zh,NotoSansSC-VF,a3041811a78c361b1de50f953c805e0244951c21c5bd412f7232ef0d899af0da,ascii94,1,16,94,0,0,0,0,0,0,0.0,0.0,0.0,0.0,0.0,34.159574468085104,22.48936170212766,0,4,35b03ebcf344037e
zh,NotoSansSC-VF,a3041811a78c361b1de50f953c805e0244951c21c5bd412f7232ef0d899af0da,cjk_demo_unique,1,16,20,0,0,0,0,0,0,0.0,0.0,0.0,0.0,0.0,80.1,57.75,0,4,adc77e6c06f167ad
zh,NotoSansSC-VF,a3041811a78c361b1de50f953c805e0244951c21c5bd412f7232ef0d899af0da,ascii94,2,11,94,0,0,0,0,0,0,0.0,0.0,0.0,0.0,0.0,34.159574468085104,22.48936170212766,0,4,0c345dbe52609e0d
zh,NotoSansSC-VF,a3041811a78c361b1de50f953c805e0244951c21c5bd412f7232ef0d899af0da,cjk_demo_unique,2,11,21,0,0,0,0,0,0,0.0,0.0,0.0,0.0,0.0,84.80952380952381,62.476190476190474,0,4,de3bfa08bcd470f0
zh,NotoSansSC-VF,a3041811a78c361b1de50f953c805e0244951c21c5bd412f7232ef0d899af0da,ascii94,2,12,94,0,0,0,0,0,0,0.0,0.0,0.0,0.0,0.0,34.159574468085104,22.48936170212766,0,4,4d9748fec2998f37
zh,NotoSansSC-VF,a3041811a78c361b1de50f953c805e0244951c21c5bd412f7232ef0d899af0da,cjk_demo_unique,2,12,9,0,0,0,0,0,0,0.0,0.0,0.0,0.0,0.0,50.55555555555556,29.555555555555557,0,4,fc87a908ad3927ba
zh,NotoSansSC-VF,a3041811a78c361b1de50f953c805e0244951c21c5bd412f7232ef0d899af0da,ascii94,2,14,94,0,0,0,0,0,0,0.0,0.0,0.0,0.0,0.0,34.159574468085104,22.48936170212766,0,4,4d1007a2c2441c7b
zh,NotoSansSC-VF,a3041811a78c361b1de50f953c805e0244951c21c5bd412f7232ef0d899af0da,cjk_demo_unique,2,14,69,0,0,0,0,0,0,0.0,0.0,0.0,0.0,0.0,91.3768115942029,64.71014492753623,0,4,a52dbd79371c3b54
zh,NotoSansSC-VF,a3041811a78c361b1de50f953c805e0244951c21c5bd412f7232ef0d899af0da,ascii94,2,15,94,0,0,0,0,0,0,0.0,0.0,0.0,0.0,0.0,34.159574468085104,22.48936170212766,0,4,0321ca6469a1674d
zh,NotoSansSC-VF,a3041811a78c361b1de50f953c805e0244951c21c5bd412f7232ef0d899af0da,cjk_demo_unique,2,15,8,0,0,0,0,0,0,0.0,0.0,0.0,0.0,0.0,111.5,79.5,0,4,fd9169ef6d96d448
zh,NotoSansSC-VF,a3041811a78c361b1de50f953c805e0244951c21c5bd412f7232ef0d899af0da,ascii94,2,16,94,0,0,0,0,0,0,0.0,0.0,0.0,0.0,0.0,34.159574468085104,22.48936170212766,0,4,275d684bb8e8eadc
zh,NotoSansSC-VF,a3041811a78c361b1de50f953c805e0244951c21c5bd412f7232ef0d899af0da,cjk_demo_unique,2,16,20,0,0,0,0,0,0,0.0,0.0,0.0,0.0,0.0,80.1,57.75,0,4,3f8da21cdf957578
zh,BabelStoneHan,d8bb747b3fdccd84a60bd0aa56bb90937270d0bd15f1101cd8f2a5a3709dd0a3,ascii94,1,11,94,0,0,0,0,0,0,0.0,0.0,0.0,0.0,0.0,36.180851063829785,23.861702127659573,6,4,561ce611b2680b6a
zh,BabelStoneHan,d8bb747b3fdccd84a60bd0aa56bb90937270d0bd15f1101cd8f2a5a3709dd0a3,cjk_demo_unique,1,11,21,0,0,0,0,0,0,0.0,0.0,0.0,0.0,0.0,135.23809523809524,80.52380952380952,6,4,ef1094d5a567e92f
zh,BabelStoneHan,d8bb747b3fdccd84a60bd0aa56bb90937270d0bd15f1101cd8f2a5a3709dd0a3,ascii94,1,12,94,0,0,0,0,0,0,0.0,0.0,0.0,0.0,0.0,36.180851063829785,23.861702127659573,6,4,0b3ca42f84b2818e
zh,BabelStoneHan,d8bb747b3fdccd84a60bd0aa56bb90937270d0bd15f1101cd8f2a5a3709dd0a3,cjk_demo_unique,1,12,9,0,0,0,0,0,0,0.0,0.0,0.0,0.0,0.0,46.111111111111114,27.22222222222222,6,4,0cab79c03ce003de
zh,BabelStoneHan,d8bb747b3fdccd84a60bd0aa56bb90937270d0bd15f1101cd8f2a5a3709dd0a3,ascii94,1,14,94,0,0,0,0,0,0,0.0,0.0,0.0,0.0,0.0,36.180851063829785,23.861702127659573,6,4,d19c07dfc771fd0a
zh,BabelStoneHan,d8bb747b3fdccd84a60bd0aa56bb90937270d0bd15f1101cd8f2a5a3709dd0a3,cjk_demo_unique,1,14,69,0,0,0,0,0,0,0.0,0.0,0.0,0.0,0.0,138.8840579710145,82.10144927536231,6,4,234985fc7f893b00
zh,BabelStoneHan,d8bb747b3fdccd84a60bd0aa56bb90937270d0bd15f1101cd8f2a5a3709dd0a3,ascii94,1,15,94,0,0,0,0,0,0,0.0,0.0,0.0,0.0,0.0,36.180851063829785,23.861702127659573,6,4,9d7222ed6cbf51f4
zh,BabelStoneHan,d8bb747b3fdccd84a60bd0aa56bb90937270d0bd15f1101cd8f2a5a3709dd0a3,cjk_demo_unique,1,15,8,0,0,0,0,0,0,0.0,0.0,0.0,0.0,0.0,171.625,101.375,6,4,1d5592033df59b80
zh,BabelStoneHan,d8bb747b3fdccd84a60bd0aa56bb90937270d0bd15f1101cd8f2a5a3709dd0a3,ascii94,1,16,94,0,0,0,0,0,0,0.0,0.0,0.0,0.0,0.0,36.180851063829785,23.861702127659573,6,4,91cbd00173885e57
zh,BabelStoneHan,d8bb747b3fdccd84a60bd0aa56bb90937270d0bd15f1101cd8f2a5a3709dd0a3,cjk_demo_unique,1,16,20,0,0,0,0,0,0,0.0,0.0,0.0,0.0,0.0,124.1,75.1,6,4,d5d05aef4f601b6c
zh,BabelStoneHan,d8bb747b3fdccd84a60bd0aa56bb90937270d0bd15f1101cd8f2a5a3709dd0a3,ascii94,2,11,94,0,0,0,0,0,0,0.0,0.0,0.0,0.0,0.0,36.180851063829785,23.861702127659573,6,4,88e77eff89d94099
zh,BabelStoneHan,d8bb747b3fdccd84a60bd0aa56bb90937270d0bd15f1101cd8f2a5a3709dd0a3,cjk_demo_unique,2,11,21,0,0,0,0,0,0,0.0,0.0,0.0,0.0,0.0,135.23809523809524,80.52380952380952,6,4,3e229ae6bf6dacbd
zh,BabelStoneHan,d8bb747b3fdccd84a60bd0aa56bb90937270d0bd15f1101cd8f2a5a3709dd0a3,ascii94,2,12,94,0,0,0,0,0,0,0.0,0.0,0.0,0.0,0.0,36.180851063829785,23.861702127659573,6,4,184909497b493ff6
zh,BabelStoneHan,d8bb747b3fdccd84a60bd0aa56bb90937270d0bd15f1101cd8f2a5a3709dd0a3,cjk_demo_unique,2,12,9,0,0,0,0,0,0,0.0,0.0,0.0,0.0,0.0,46.111111111111114,27.22222222222222,6,4,ac28ffbbd2eaa8c3
zh,BabelStoneHan,d8bb747b3fdccd84a60bd0aa56bb90937270d0bd15f1101cd8f2a5a3709dd0a3,ascii94,2,14,94,0,0,0,0,0,0,0.0,0.0,0.0,0.0,0.0,36.180851063829785,23.861702127659573,6,4,997d256cb5d64a9d
zh,BabelStoneHan,d8bb747b3fdccd84a60bd0aa56bb90937270d0bd15f1101cd8f2a5a3709dd0a3,cjk_demo_unique,2,14,69,0,0,0,0,0,0,0.0,0.0,0.0,0.0,0.0,138.8840579710145,82.10144927536231,6,4,552ed16e1cc5daee
zh,BabelStoneHan,d8bb747b3fdccd84a60bd0aa56bb90937270d0bd15f1101cd8f2a5a3709dd0a3,ascii94,2,15,94,0,0,0,0,0,0,0.0,0.0,0.0,0.0,0.0,36.180851063829785,23.861702127659573,6,4,7d0f5a223e06cadd
zh,BabelStoneHan,d8bb747b3fdccd84a60bd0aa56bb90937270d0bd15f1101cd8f2a5a3709dd0a3,cjk_demo_unique,2,15,8,0,0,0,0,0,0,0.0,0.0,0.0,0.0,0.0,171.625,101.375,6,4,2711ca418f4f7c95
zh,BabelStoneHan,d8bb747b3fdccd84a60bd0aa56bb90937270d0bd15f1101cd8f2a5a3709dd0a3,ascii94,2,16,94,0,0,0,0,0,0,0.0,0.0,0.0,0.0,0.0,36.180851063829785,23.861702127659573,6,4,b3d71fbebd5bffd4
zh,BabelStoneHan,d8bb747b3fdccd84a60bd0aa56bb90937270d0bd15f1101cd8f2a5a3709dd0a3,cjk_demo_unique,2,16,20,0,0,0,0,0,0,0.0,0.0,0.0,0.0,0.0,124.1,75.1,6,4,8320846a33516e01
