locale,font,profile,dpr,font_sha256,mean_glyph_completed_dispatches,maximum_glyph_completed_dispatches,mean_glyph_engine_runs,mean_fpgm_origin_dispatches_during_glyph,mean_prep_origin_dispatches_during_glyph,mean_glyf_origin_dispatches_during_glyph,mean_call_dispatches,mean_loopcall_dispatches,mean_jump_dispatches,mean_push_dispatches,mean_mdrp_mirp_dispatches,mean_points,mean_verbs,builder_font_dispatches,builder_prep_dispatches
en,BabelStoneHan,ascii94,1,d8bb747b3fdccd84a60bd0aa56bb90937270d0bd15f1101cd8f2a5a3709dd0a3,0,0,0,0,0,0,0.0,0.0,0.0,0.0,0.0,36.180851063829785,23.861702127659573,6,4
en,BabelStoneHan,ascii94,2,d8bb747b3fdccd84a60bd0aa56bb90937270d0bd15f1101cd8f2a5a3709dd0a3,0,0,0,0,0,0,0.0,0.0,0.0,0.0,0.0,36.180851063829785,23.861702127659573,6,4
en,BabelStoneHan,demo_unique,1,d8bb747b3fdccd84a60bd0aa56bb90937270d0bd15f1101cd8f2a5a3709dd0a3,0,0,0,0,0,0,0.0,0.0,0.0,0.0,0.0,41.925925925925924,26.59259259259259,6,4
en,BabelStoneHan,demo_unique,2,d8bb747b3fdccd84a60bd0aa56bb90937270d0bd15f1101cd8f2a5a3709dd0a3,0,0,0,0,0,0,0.0,0.0,0.0,0.0,0.0,41.925925925925924,26.59259259259259,6,4
en,NanumGothic-ExtraBold,ascii94,1,5c4568e5295a8c52bc30e7efa1ea6d2de43556268ef42daba93540a1ece691ae,106.26595744680851,358,0.9787234042553191,67.2127659574468,0,39.0531914893617,2.24468085106383,0.0,0.0,23.93617021276596,2.617021276595745,54.138297872340424,32.191489361702125,104,7427
en,NanumGothic-ExtraBold,ascii94,2,5c4568e5295a8c52bc30e7efa1ea6d2de43556268ef42daba93540a1ece691ae,106.52127659574468,350,0.9787234042553191,67.46808510638297,0,39.0531914893617,2.24468085106383,0.0,0.0,23.93617021276596,2.617021276595745,54.138297872340424,32.191489361702125,104,7439
en,NanumGothic-ExtraBold,demo_unique,1,5c4568e5295a8c52bc30e7efa1ea6d2de43556268ef42daba93540a1ece691ae,97.75,228,1,49.7,0,48.05,1.85,0.0,0.0,26.59259259259259,3.5185185185185186,58.77777777777778,34.03703703703704,104,7427
en,NanumGothic-ExtraBold,demo_unique,2,5c4568e5295a8c52bc30e7efa1ea6d2de43556268ef42daba93540a1ece691ae,97.95,232,1,49.9,0,48.05,1.85,0.0,0.0,26.59259259259259,3.5185185185185186,58.77777777777778,34.03703703703704,104,7439
en,NanumMyeongjo-ExtraBold,ascii94,1,60c0077fce069ba90ae97c0a3679f6eb3712e0ca637bdd0c15b72d335ec46db7,128.2340425531915,420,0.9893617021276596,74.80851063829788,0,53.42553191489362,2.4148936170212765,0.0,0.0,30.659574468085108,4.404255319148936,67.30851063829788,39.06382978723404,40,598
en,NanumMyeongjo-ExtraBold,ascii94,2,60c0077fce069ba90ae97c0a3679f6eb3712e0ca637bdd0c15b72d335ec46db7,128.06382978723406,420,0.9893617021276596,74.63829787234043,0,53.42553191489362,2.4148936170212765,0.0,0.0,30.659574468085108,4.404255319148936,67.30851063829788,39.06382978723404,40,613
en,NanumMyeongjo-ExtraBold,demo_unique,1,60c0077fce069ba90ae97c0a3679f6eb3712e0ca637bdd0c15b72d335ec46db7,126.74193548387096,284,1,60.888888888888886,0,65.77777777777777,2.074074074074074,0.0,0.0,35.83870967741935,5.703703703703703,80.07407407407408,45.22222222222222,40,598
en,NanumMyeongjo-ExtraBold,demo_unique,2,60c0077fce069ba90ae97c0a3679f6eb3712e0ca637bdd0c15b72d335ec46db7,126.07407407407408,280,1,60.2962962962963,0,65.77777777777777,2.074074074074074,0.0,0.0,35.83870967741935,5.703703703703703,80.07407407407408,45.22222222222222,40,613
en,NanumMyeongjo-Regular,ascii94,1,7ed9e8653a8ed04285d51dc343ffea6eb3d9c73afc27383ea8929ee4ffd03205,149.77659574468086,434,1,94.11702127659575,0,55.659574468085104,2.8297872340425534,0.0,0.0,34.62765957446808,5.361702127659575,61.54255319148936,35.93617021276596,96,781
en,NanumMyeongjo-Regular,ascii94,2,7ed9e8653a8ed04285d51dc343ffea6eb3d9c73afc27383ea8929ee4ffd03205,148.4255319148936,420,1,92.76595744680851,0,55.659574468085104,2.8297872340425534,0.0,0.0,34.04255319148936,5.361702127659575,61.54255319148936,35.93617021276596,96,790
en,NanumMyeongjo-Regular,demo_unique,1,7ed9e8653a8ed04285d51dc343ffea6eb3d9c73afc27383ea8929ee4ffd03205,158.03225806451613,366,1,82.54838709677419,0,74,2.5806451612903225,0.0,0.0,42.354838709677416,7.909090909090909,72.33333333333333,41.074074074074076,96,781
en,NanumMyeongjo-Regular,demo_unique,2,7ed9e8653a8ed04285d51dc343ffea6eb3d9c73afc27383ea8929ee4ffd03205,158.1290322580645,362,1,82.64516129032258,0,74,2.5806451612903225,0.0,0.0,41.67741935483871,7.909090909090909,72.33333333333333,41.074074074074076,96,790
en,NotoSansSC-VF,ascii94,1,a3041811a78c361b1de50f953c805e0244951c21c5bd412f7232ef0d899af0da,0,0,0,0,0,0,0.0,0.0,0.0,0.0,0.0,34.159574468085104,22.48936170212766,0,4
en,NotoSansSC-VF,ascii94,2,a3041811a78c361b1de50f953c805e0244951c21c5bd412f7232ef0d899af0da,0,0,0,0,0,0,0.0,0.0,0.0,0.0,0.0,34.159574468085104,22.48936170212766,0,4
en,NotoSansSC-VF,demo_unique,1,a3041811a78c361b1de50f953c805e0244951c21c5bd412f7232ef0d899af0da,0,0,0,0,0,0,0.0,0.0,0.0,0.0,0.0,39.333333333333336,24.814814814814813,0,4
en,NotoSansSC-VF,demo_unique,2,a3041811a78c361b1de50f953c805e0244951c21c5bd412f7232ef0d899af0da,0,0,0,0,0,0,0.0,0.0,0.0,0.0,0.0,39.333333333333336,24.814814814814813,0,4
en,NotoSerifSC-VF,ascii94,1,050080d9255a86808f2945bffac582b31ef32bc36411ce29563b4961670c66f9,0,0,0,0,0,0,0.0,0.0,0.0,0.0,0.0,48,34.5,0,4
en,NotoSerifSC-VF,ascii94,2,050080d9255a86808f2945bffac582b31ef32bc36411ce29563b4961670c66f9,0,0,0,0,0,0,0.0,0.0,0.0,0.0,0.0,48,34.5,0,4
en,NotoSerifSC-VF,demo_unique,1,050080d9255a86808f2945bffac582b31ef32bc36411ce29563b4961670c66f9,0,0,0,0,0,0,0.0,0.0,0.0,0.0,0.0,54.05,39.18181818181818,0,4
en,NotoSerifSC-VF,demo_unique,2,050080d9255a86808f2945bffac582b31ef32bc36411ce29563b4961670c66f9,0,0,0,0,0,0,0.0,0.0,0.0,0.0,0.0,54.05,39.18181818181818,0,4
en,Rye-Regular,ascii94,1,b7edee5e615ae1b6b07e9d030c1309152bf3672a0e8a2a46293e273730f5adba,2603.9574468085107,5549,1,2591.468085106383,0,12.382978723404255,39.819148936170215,22.75531914893617,37.234042553191486,670.4148936170212,0.0,126.6063829787234,70.76595744680851,120,926
en,Rye-Regular,ascii94,2,b7edee5e615ae1b6b07e9d030c1309152bf3672a0e8a2a46293e273730f5adba,2633.7021276595747,6157,1,2618.340425531915,0,15.361702127659575,41.6063829787234,23.085106382978722,37.06382978723404,676.8510638297872,0.0,126.6063829787234,70.76595744680851,120,929
en,Rye-Regular,demo_unique,1,b7edee5e615ae1b6b07e9d030c1309152bf3672a0e8a2a46293e273730f5adba,2848.4,4878,1,2836.9,0,13.548387096774194,43.18181818181818,24.962962962962962,39.851851851851855,738.15,0.0,142.88888888888889,79.37037037037037,120,926
en,Rye-Regular,demo_unique,2,b7edee5e615ae1b6b07e9d030c1309152bf3672a0e8a2a46293e273730f5adba,2884.4814814814813,4884,1,2865.222222222222,0,17.419354838709676,45.18181818181818,25.555555555555557,40.074074074074076,741.25,0.0,142.88888888888889,79.37037037037037,120,929
en,Vollkorn-Medium,ascii94,1,b704817fe4433aa674c54f87141f2541d88d7d48342d98ec727a5eed4873a892,1647.7553191489362,3199,1.0851063829787233,1641.8617021276596,0,5.946808510638298,34.0,19.5,9.946808510638299,426.6595744680851,0.0,65.45744680851064,35.97872340425532,280,3482
en,Vollkorn-Medium,ascii94,2,b704817fe4433aa674c54f87141f2541d88d7d48342d98ec727a5eed4873a892,1689.872340425532,3277,1.0851063829787233,1683.287234042553,0,6.585106382978723,34.48936170212766,19.56382978723404,10.606382978723405,437.4574468085106,0.0,65.45744680851064,35.97872340425532,280,3488
en,Vollkorn-Medium,demo_unique,1,b704817fe4433aa674c54f87141f2541d88d7d48342d98ec727a5eed4873a892,2033.9354838709678,3003,1.05,2026.741935483871,0,7.193548387096774,41.75,24.0,13.225806451612904,525.3636363636364,0.0,71.18518518518519,38.629629629629626,280,3482
en,Vollkorn-Medium,demo_unique,2,b704817fe4433aa674c54f87141f2541d88d7d48342d98ec727a5eed4873a892,2078.5925925925926,3158,1.05,2068.6666666666665,0,8.363636363636363,41.8,24.074074074074073,13.838709677419354,537.2222222222222,0.0,71.18518518518519,38.629629629629626,280,3488
ko,NanumGothic-ExtraBold,ascii94,1,5c4568e5295a8c52bc30e7efa1ea6d2de43556268ef42daba93540a1ece691ae,106.26595744680851,358,0.9787234042553191,67.2127659574468,0,39.0531914893617,2.24468085106383,0.0,0.0,23.93617021276596,2.617021276595745,54.138297872340424,32.191489361702125,104,7427
ko,NanumGothic-ExtraBold,ascii94,2,5c4568e5295a8c52bc30e7efa1ea6d2de43556268ef42daba93540a1ece691ae,106.52127659574468,350,0.9787234042553191,67.46808510638297,0,39.0531914893617,2.24468085106383,0.0,0.0,23.93617021276596,2.617021276595745,54.138297872340424,32.191489361702125,104,7439
ko,NanumGothic-ExtraBold,cjk_demo_unique,1,5c4568e5295a8c52bc30e7efa1ea6d2de43556268ef42daba93540a1ece691ae,241.29166666666666,464,1,198.41666666666666,0,42.875,5.208333333333333,0.0,0.0,39.208333333333336,3.6666666666666665,101.41666666666667,62.208333333333336,104,7427
ko,NanumGothic-ExtraBold,cjk_demo_unique,2,5c4568e5295a8c52bc30e7efa1ea6d2de43556268ef42daba93540a1ece691ae,239.29166666666666,460,1,196.41666666666666,0,42.875,5.208333333333333,0.0,0.0,39.208333333333336,3.6666666666666665,101.41666666666667,62.208333333333336,104,7439
ko,NanumMyeongjo-ExtraBold,ascii94,1,60c0077fce069ba90ae97c0a3679f6eb3712e0ca637bdd0c15b72d335ec46db7,128.2340425531915,420,0.9893617021276596,74.80851063829788,0,53.42553191489362,2.4148936170212765,0.0,0.0,30.659574468085108,4.404255319148936,67.30851063829788,39.06382978723404,40,598
ko,NanumMyeongjo-ExtraBold,ascii94,2,60c0077fce069ba90ae97c0a3679f6eb3712e0ca637bdd0c15b72d335ec46db7,128.06382978723406,420,0.9893617021276596,74.63829787234043,0,53.42553191489362,2.4148936170212765,0.0,0.0,30.659574468085108,4.404255319148936,67.30851063829788,39.06382978723404,40,613
ko,NanumMyeongjo-ExtraBold,cjk_demo_unique,1,60c0077fce069ba90ae97c0a3679f6eb3712e0ca637bdd0c15b72d335ec46db7,228.54166666666666,486,1,165.58333333333334,0,62.958333333333336,4.458333333333333,0.0,0.0,45.25,6.8108108108108105,156.22222222222223,86.33333333333333,40,598
ko,NanumMyeongjo-ExtraBold,cjk_demo_unique,2,60c0077fce069ba90ae97c0a3679f6eb3712e0ca637bdd0c15b72d335ec46db7,226.375,490,1,163.41666666666666,0,62.958333333333336,4.458333333333333,0.0,0.0,45.25,6.8108108108108105,156.22222222222223,86.33333333333333,40,613
ko,NanumMyeongjo-Regular,ascii94,1,7ed9e8653a8ed04285d51dc343ffea6eb3d9c73afc27383ea8929ee4ffd03205,149.77659574468086,434,1,94.11702127659575,0,55.659574468085104,2.8297872340425534,0.0,0.0,34.62765957446808,5.361702127659575,61.54255319148936,35.93617021276596,96,781
ko,NanumMyeongjo-Regular,ascii94,2,7ed9e8653a8ed04285d51dc343ffea6eb3d9c73afc27383ea8929ee4ffd03205,148.4255319148936,420,1,92.76595744680851,0,55.659574468085104,2.8297872340425534,0.0,0.0,34.04255319148936,5.361702127659575,61.54255319148936,35.93617021276596,96,790
ko,NanumMyeongjo-Regular,cjk_demo_unique,1,7ed9e8653a8ed04285d51dc343ffea6eb3d9c73afc27383ea8929ee4ffd03205,238.125,481,1,171.91666666666666,0,69.66666666666667,4.5,0.0,0.0,47.708333333333336,6.523809523809524,136,76.77777777777777,96,781
ko,NanumMyeongjo-Regular,cjk_demo_unique,2,7ed9e8653a8ed04285d51dc343ffea6eb3d9c73afc27383ea8929ee4ffd03205,232.54166666666666,470,1,166.33333333333334,0,69.66666666666667,4.5,0.0,0.0,45.875,6.523809523809524,136,76.77777777777777,96,790
zh,BabelStoneHan,ascii94,1,d8bb747b3fdccd84a60bd0aa56bb90937270d0bd15f1101cd8f2a5a3709dd0a3,0,0,0,0,0,0,0.0,0.0,0.0,0.0,0.0,36.180851063829785,23.861702127659573,6,4
zh,BabelStoneHan,ascii94,2,d8bb747b3fdccd84a60bd0aa56bb90937270d0bd15f1101cd8f2a5a3709dd0a3,0,0,0,0,0,0,0.0,0.0,0.0,0.0,0.0,36.180851063829785,23.861702127659573,6,4
zh,BabelStoneHan,cjk_demo_unique,1,d8bb747b3fdccd84a60bd0aa56bb90937270d0bd15f1101cd8f2a5a3709dd0a3,0,0,0,0,0,0,0.0,0.0,0.0,0.0,0.0,135.23809523809524,80.52380952380952,6,4
zh,BabelStoneHan,cjk_demo_unique,2,d8bb747b3fdccd84a60bd0aa56bb90937270d0bd15f1101cd8f2a5a3709dd0a3,0,0,0,0,0,0,0.0,0.0,0.0,0.0,0.0,135.23809523809524,80.52380952380952,6,4
zh,NotoSansSC-VF,ascii94,1,a3041811a78c361b1de50f953c805e0244951c21c5bd412f7232ef0d899af0da,0,0,0,0,0,0,0.0,0.0,0.0,0.0,0.0,34.159574468085104,22.48936170212766,0,4
zh,NotoSansSC-VF,ascii94,2,a3041811a78c361b1de50f953c805e0244951c21c5bd412f7232ef0d899af0da,0,0,0,0,0,0,0.0,0.0,0.0,0.0,0.0,34.159574468085104,22.48936170212766,0,4
zh,NotoSansSC-VF,cjk_demo_unique,1,a3041811a78c361b1de50f953c805e0244951c21c5bd412f7232ef0d899af0da,0,0,0,0,0,0,0.0,0.0,0.0,0.0,0.0,84.80952380952381,62.476190476190474,0,4
zh,NotoSansSC-VF,cjk_demo_unique,2,a3041811a78c361b1de50f953c805e0244951c21c5bd412f7232ef0d899af0da,0,0,0,0,0,0,0.0,0.0,0.0,0.0,0.0,84.80952380952381,62.476190476190474,0,4
zh,NotoSerifSC-VF,ascii94,1,050080d9255a86808f2945bffac582b31ef32bc36411ce29563b4961670c66f9,0,0,0,0,0,0,0.0,0.0,0.0,0.0,0.0,48,34.5,0,4
zh,NotoSerifSC-VF,ascii94,2,050080d9255a86808f2945bffac582b31ef32bc36411ce29563b4961670c66f9,0,0,0,0,0,0,0.0,0.0,0.0,0.0,0.0,48,34.5,0,4
zh,NotoSerifSC-VF,cjk_demo_unique,1,050080d9255a86808f2945bffac582b31ef32bc36411ce29563b4961670c66f9,0,0,0,0,0,0,0.0,0.0,0.0,0.0,0.0,120.71428571428571,83.57142857142857,0,4
zh,NotoSerifSC-VF,cjk_demo_unique,2,050080d9255a86808f2945bffac582b31ef32bc36411ce29563b4961670c66f9,0,0,0,0,0,0,0.0,0.0,0.0,0.0,0.0,120.71428571428571,83.57142857142857,0,4
