label,sha256,file_bytes,version,glyph_count,variable_axes,glyf_program_bytes_total,ascii95_glyf_program_bytes,ascii94_glyf_program_bytes,fpgm_program_bytes,prep_program_bytes,total_stored_program_bytes_glyf_fpgm_prep,ascii94_expanded_points,all_glyphs_expanded_points,maxp_maxPoints,maxp_maxContours,maxp_maxCompositePoints,maxp_maxCompositeContours,maxp_maxZones,maxp_maxTwilightPoints,maxp_maxStorage,maxp_maxFunctionDefs,maxp_maxInstructionDefs,maxp_maxStackElements,maxp_maxSizeOfInstructions,maxp_maxComponentElements,maxp_maxComponentDepth
Almendra-Bold,5895ef04d0d56c60083ec302e72db99b952b044ab2b440ee12283649b5edc971,36624,Version 1.004,248,,0,0,0,0,7,7,3437,9597,93,4,0,0,2,0,1,1,0,64,0,0,0
Almendra-BoldItalic,10e0a7dd4b9f5ad7d51be7f8ee42d76919c322dcbb7733dbad48f4ac751cb105,35380,Version 1.004,247,,0,0,0,0,7,7,3318,9053,93,4,0,0,2,0,1,1,0,64,0,0,0
Almendra-Italic,972eb95dd030592755064c35e8e394b75423973d0b7dbfd759c7e36ef80bb7cb,35216,Version 1.004,247,,0,0,0,0,7,7,3314,9068,93,4,0,0,2,0,1,1,0,64,0,0,0
Almendra-Regular,b127a6121209353b53da9ce73bf9d350f74190d8384c28ede179e4fb9440f946,68684,Version 1.004,427,,0,0,0,0,7,7,3502,18927,282,6,0,0,2,0,1,1,0,64,0,0,0
Amiri-Italic,ca02e830027f4376fc35ab4a058880a7d43affe7bd58108a6e6a02bd2515b343,437128,Version 1.003,6705,,0,0,0,0,7,7,5525,479918,529,19,1147,43,1,0,0,0,0,0,0,34,1
Amiri-Regular,cd2550c0f4c05eb341bf97958211aaa39382bca96577ba3a67d4a3b4912c43c0,437780,Version 1.003,6710,,0,0,0,0,7,7,5875,482087,530,19,1136,43,1,0,0,0,0,0,0,34,1
Arbutus-Regular,6c86e8b86c9eebcdb963f83b382e5ba92764b34c53cd9dd96a00ec5d3c5acfdb,80964,Version 1.003,424,,0,0,0,0,7,7,10821,56218,306,7,249,5,1,0,0,0,0,0,0,2,1
BungeeOutline-Regular,9232000ff85fdbb68987007305f2de877486d63d31450f81b403461bbe721f1f,202152,Version 2.000,1063,,0,0,0,0,7,7,8969,130929,345,21,288,12,1,0,0,0,0,0,0,3,1
BungeeShade-Regular,665c626082682b462f4e696308eafa7071c114da8f8ff3fb73a289c7ff7df482,304936,Version 2.000,1063,,0,0,0,0,7,7,9089,126926,311,15,263,10,1,0,0,0,0,0,0,1,1
Charis-Regular,c03738834bd3a43c3e4a59b11878bd6ede3ee505998242ae649ed1f9cd2edcf6,878076,Version 7.000,3954,,292100,8992,8992,3596,239,295935,3091,170225,206,30,128,15,2,156,258,141,0,404,3596,5,1
Creepster-Regular,402aeb734586c74aecd3dbdc454589b1fb12e2e1c71f782fd019ae68066d9f44,62724,Version 1.002,230,,0,0,0,0,7,7,8899,23486,235,5,171,4,2,0,1,1,0,64,0,2,1
CroissantOne-Regular,55ccb462d07bab853281e9fd9646f0cc258bfb1ae8ff645f857ba1f921f7f69e,54744,Version 1.001,418,,0,0,0,0,7,7,2592,13898,208,7,0,0,2,0,1,1,0,64,0,0,0
DoulosSIL-Regular,cc89b87c047bcc8dc00246398218bb6343e0f2372b153cf560c29a77f27068ef,887828,Version 7.000,3944,,286811,8565,8565,3596,239,290646,3679,193335,249,30,169,7,2,156,258,141,0,404,3596,5,1
EBGaramond08-Regular,7bf5b4bb50d68c23453c924b982493fa9a9193e04d8a4492d66f350723e839d1,303956,Version nightly-next-d04d0f9 ; ttfautohint (v1.8.3),2213,,71798,8537,8537,3581,272,75651,5055,146566,178,5,194,5,2,42,87,141,0,177,3581,3,3
EBGaramond12-Italic,abeabc22f84a33dcc0aea6a5918028f23a7d516f4f8240b192b6833b7b7da429,375584,Version nightly-next-d04d0f9 ; ttfautohint (v1.8.3),2545,,92981,9159,9159,3581,283,96845,5028,174467,511,7,187,7,2,96,168,141,0,396,3581,4,3
EBGaramond12-Regular,2f31cea9211b8377ee8fd5b328adc7eb5ffe3ca64c28fd9ce55d81fcf9aaa7ba,585416,Version nightly-next-d04d0f9 ; ttfautohint (v1.8.3),3250,,157512,6664,6664,3581,283,161376,5134,223892,512,8,512,7,2,102,177,141,0,420,3581,4,3
EagleLake-Regular,53a4e929c9ea3584f2432157fd549c7604e6be7e6c4b39873f34fae7f6823928,78000,Version 1.000,370,,0,0,0,353,7,360,6660,31340,169,7,172,4,1,0,0,10,0,512,371,2,1
EmilysCandy-Regular,0cf3ca9dbe71b33596e8a1eb12b40deac2e6414fe5616dda50c554580b6e0c68,237216,Version 1.000,231,,0,0,0,353,7,360,47191,114838,1166,7,909,4,1,0,0,10,0,512,371,3,1
Ewert-Regular,8a7eb23adce5193b61bc1843d752f37c208c163dd6db2fc1b64791791969f4ab,70752,Version 1.001,222,,0,0,0,0,7,7,9692,23700,238,11,0,0,2,0,1,1,0,64,0,0,0
FrederickatheGreat-Regular,33dc0832b5e934f3db79dc683dea5029c22eb418183b69669b047355c0c245a2,486016,Version 1.001,229,,0,0,0,0,7,7,105851,237285,2983,101,2534,91,1,0,0,0,0,0,0,3,1
Gentium-Regular,158d89548ef28f62abfc2921878fa253b833111e8d3932da7f501daef6d0eccf,971304,Version 7.000,4760,,243014,5179,5179,3596,239,246849,3505,242706,206,30,133,7,2,156,258,141,0,404,3596,5,1
IMFeENrm28P,fe9705bbde51af802719246d4608d08d37bde956ab99d9a590da996a5221a24c,194992,3.00,372,,0,0,0,0,0,0,21249,108553,6228,153,518,7,1,0,0,0,0,0,0,4,1
JacquesFrancoisShadow-Regular,3947827a196a3c12ceb471ed589168a9b57285db7258eb468a83f4c17945784c,82492,Version 1.003,218,,25534,14086,14086,353,266,26153,7463,19025,416,10,187,8,1,0,0,10,0,512,1034,3,1
Junicode-Italic,6f844c86b1c22fb383562b92a391ce0f20dc3ccedbed3b93807c8d2021656d47,1031192,Version 2.226,5983,,0,0,0,0,0,0,4532,426350,1964,22,185,8,1,0,0,0,0,0,0,5,2
Junicode-Regular,1cf12039709603afe6aa2ae9d0910c11ed9b2b1bd975b38f04290a42d1821552,1043236,Version 2.226,5980,,0,0,0,0,0,0,4296,413760,1964,22,185,9,1,0,0,0,0,0,0,4,2
Kalam-Bold,2f6576601db015d4f6c08678120277fc8510b98c06e932ce7a6a9cbff4cbdded,460896,Version 2.001;PS 1.0;hotconv 1.0.79;makeotf.lib2.5.61930; ttfautohint (v1.3),1027,,234548,7123,7123,2966,153,237667,3306,69307,158,12,0,0,2,54,70,119,0,257,2967,0,0
Kalam-Light,2b8f2c0208d397a1823688783da3317d6af18ea007a9a1b56ddb17e27820507e,437512,Version 2.001;PS 1.0;hotconv 1.0.79;makeotf.lib2.5.61930; ttfautohint (v1.3),1027,,213733,5603,5603,2966,153,216852,3309,68202,156,12,0,0,2,60,76,119,0,249,2967,0,0
Kalam-Regular,57cecb63d4608019371954274ae1d8c397764debd5b19d4a33c1efa4dc923c0b,427360,Version 2.001;PS 1.0;hotconv 1.0.79;makeotf.lib2.5.61930; ttfautohint (v1.3),1027,,203279,5678,5678,2966,153,206398,3287,68182,157,12,0,0,2,58,74,119,0,239,2967,0,0
MedievalSharp,74cb2e6738bd7703adf120802f68fba0c9ddb9147a08e6847f1005b1e55df5a5,148712,Version 1.0,404,,76510,28233,28233,371,184,77065,4716,24560,156,7,147,4,1,0,0,10,0,512,1328,3,1
MetalMania-Regular,4b95f0e55b291990c26a7b68818b20c1b728a8be05a34982b7bb4736c46c19ea,254568,Version 1.002,268,,38601,21845,21845,371,150,39122,37817,107414,974,32,814,4,1,0,0,10,0,512,1692,2,1
Metamorphous-Regular,55939a5664e06807e87fa4af64f52039ead12f002dda8317393fdce2f7ff57fe,135740,Version 1.001,425,,64669,11801,11801,1865,96,66630,3527,18367,336,12,0,0,2,36,47,60,0,135,1865,2,0
Mukta-Bold,7d22891cd57507b04af95a67ffaf59b7073b3595a27d1cfbbcefb418de820a12,418416,Version 2.538;PS 1.002;hotconv 16.6.51;makeotf.lib2.5.65220; ttfautohint (v1.6),1368,,119777,4694,4694,3437,188,123402,2394,71182,160,8,0,0,2,52,70,139,0,192,3437,0,0
Mukta-ExtraBold,328eeebffe06fac60d60b46fe60c3995a908d2347e9c285f1eef1a0c9d73e004,423168,Version 2.538;PS 1.002;hotconv 16.6.51;makeotf.lib2.5.65220; ttfautohint (v1.6),1368,,124793,4708,4708,3437,188,128418,2415,71351,157,8,0,0,2,52,70,139,0,186,3437,0,0
Mukta-ExtraLight,ff3260e6fd667797b0beb80430b0da318ccdac73c0f90fe828c2dd5a093265a1,410644,Version 2.538;PS 1.002;hotconv 16.6.51;makeotf.lib2.5.65220; ttfautohint (v1.6),1368,,104014,4666,4666,3437,188,107639,2444,74052,171,8,0,0,2,52,70,139,0,182,3437,0,0
Mukta-Light,161f2f22d33a1c75d9fb37d74ea99e8dbbe119cd5c102c83146fb032a552e8f2,405188,Version 2.538;PS 1.002;hotconv 16.6.51;makeotf.lib2.5.65220; ttfautohint (v1.6),1368,,101846,3980,3980,3437,188,105471,2418,72533,164,8,0,0,2,52,70,139,0,178,3437,0,0
Mukta-Medium,4db18bd8f19582607e8a6af0c4bf158b4b3378b426e42ad39d444d216c70074c,419736,Version 2.538;PS 1.002;hotconv 16.6.51;makeotf.lib2.5.65220; ttfautohint (v1.6),1368,,118477,4163,4163,3437,188,122102,2377,71601,159,8,0,0,2,52,70,139,0,178,3437,0,0
Mukta-Regular,2958e4af564507df2a856164df6f9978dacb03f999a4f34a0c269dc8a4de9688,432248,Version 2.538;PS 1.001;hotconv 16.6.51;makeotf.lib2.5.65220; ttfautohint (v1.6),1368,,124783,3960,3960,3437,188,128408,2424,72348,162,8,0,0,2,52,70,139,0,184,3437,0,0
Mukta-SemiBold,f437fb098f8f29acb8628617cb2682f0780ef22fa8b0443de1f66090c36e510a,411160,Version 2.538;PS 1.002;hotconv 16.6.51;makeotf.lib2.5.65220; ttfautohint (v1.6),1368,,114097,4286,4286,3437,188,117722,2384,70758,160,8,0,0,2,52,70,139,0,173,3437,0,0
Nosifer-Regular,09c5ac35e34dc7a397d5f698b703c5640b59cf93d4d343ebae4f16f3859d09b8,43272,Version 001.002 ,337,,0,0,0,0,7,7,6449,29185,200,5,174,5,2,0,1,1,0,64,0,2,2
PTSans-Regular,9cc831490532009bae2b3ce0d39c62adfc889060beb421593bfd9d2396d0f10a,442960,Version 2.003W OFL,720,,162235,37433,37433,403,426,163064,2427,23942,360,26,112,7,1,0,0,11,0,512,3846,4,1
RobotoFlex-VariableFont,512f759e24d81543f5629b8edc99c566140a8d161fc2277ac82e64add2f26cf9,227888,Version 3.200;gftools[0.9.32],948,wght;slnt,0,0,0,0,7,7,2098,27763,68,6,92,8,1,0,0,0,0,0,0,4,1
RubikGlitch-Regular,260245012483d56956269100ebece747aa95b4b67e5a9411a81a36e91f55e653,407304,Version 2.200,774,,0,0,0,0,7,7,31900,276580,965,16,865,12,1,0,0,0,0,0,0,3,1
RubikMicrobe-Regular,af2360aa13ce3a068142dedded39d2d831615d8bbe370bc086e95192f2e528d7,1444176,Version 2.200,774,,0,0,0,0,7,7,96373,846493,2403,306,2337,297,1,0,0,0,0,0,0,3,1
RubikPixels-Regular,2d81a3511bf20e24f1f7bae72029ff4c04134a98a4e0e9ff81e4d664d2412e18,5627648,Version 2.200,779,,0,0,0,0,7,7,560894,4525912,20084,4953,26400,6600,1,0,0,0,0,0,0,298,1
Rye-Regular,b7edee5e615ae1b6b07e9d030c1309152bf3672a0e8a2a46293e273730f5adba,183244,Version 1.001,271,,94918,33387,33387,1865,96,96879,9707,26733,255,13,0,0,2,60,71,60,0,241,1933,2,0
STIXTwoMath-Regular,562551b15b836e6e01d1b7350909baf3c8c8d83260c1190fbf4544333e6936de,1517976,Version 2.12 b168a,6760,,485820,7610,7610,3596,214,489630,3374,298386,2700,225,113,5,2,900,1374,141,0,1604,4318,3,1
Sahitya-Bold,9feb27b5d2980b741355bb6240d0f0b44d0f4cfdb15c11980049f4750fcaa88a,267140,"Version 1.001;PS 001.000;hotconv 1.0.70;makeotf.lib2.5.58329 DEVELOPMENT; ttfautohint (v1.2) -l 8 -r 50 -G 200 -x 16 -D latn -f none -w G -W -X """"",977,,75779,8473,8473,2927,149,78855,4097,54352,149,7,125,5,2,42,58,115,0,205,2928,4,2
Sahitya-Regular,f43e57c9eb3c936e195009a5755906d34cdffb7e5ac4d0a51d260150f118ee62,261652,"Version 1.001;PS 001.000;hotconv 1.0.70;makeotf.lib2.5.58329 DEVELOPMENT; ttfautohint (v1.2) -l 8 -r 50 -G 200 -x 16 -D latn -f none -w G -W -X """"",977,,69909,6776,6776,2927,149,72985,4215,55153,152,7,128,5,2,42,58,115,0,196,2928,4,2
Sancreek-Regular,8f87c42f6e6ba97125cd975c3d7d48902fc227d805948e678d5293a300e3fe55,93252,Version 1.100; ttfautohint (v1.8.4.7-5d5b),417,,24558,9684,9684,3596,189,28343,7536,38285,289,7,244,4,2,58,111,141,0,246,3596,3,1
Sumana-Bold,e32150c36ced10804d077dc41714df7e5c8471408bccc7036fba30314a914e79,223880,"Version 1.015;PS 001.015;hotconv 1.0.70;makeotf.lib2.5.58329 DEVELOPMENT; ttfautohint (v0.94) -l 8 -r 50 -G 200 -x 14 -w ""G""",788,,75773,18961,18961,2454,149,78376,3347,38673,265,8,102,6,2,38,52,108,0,181,2454,5,1
Sumana-Regular,e71be1be55f8970ef24ee3aaf790c34cad3f5b6c5d518e41c8651c596e102ec4,211548,"Version 1.015;PS 001.015;hotconv 1.0.70;makeotf.lib2.5.58329 DEVELOPMENT; ttfautohint (v0.94) -l 8 -r 50 -G 200 -x 14 -w ""G""",788,,61809,15865,15865,2454,149,64412,3413,39774,265,8,109,6,2,40,54,108,0,155,2454,4,1
Suranna-Regular,66ad4194f922e0b230e12d35070c852d38573ad40ad4e993cbe7d69df344b177,624852,Version 1.0.5; ttfautohint (v1.2.42-39fb),1217,,233836,5664,5664,2967,149,236952,2399,116083,208,8,38,2,2,70,86,119,0,278,2967,2,1
TradeWinds-Regular,bbc4c9a17927d6c5076a1957b0b165fae6c835c1bfa0fb8c07053243097e495b,85380,Version 1.001,227,,0,0,0,353,7,360,16080,40400,356,6,426,4,1,0,0,10,0,512,371,3,1
UnifrakturCook-Bold,ea002fa9c65f1a612af100e00d87ab65f16381f450020ec3d021f3dbf79a6dcd,42688,Version 2011-09-01 ,271,,0,0,0,742,7,749,3307,12711,1292,52,87,4,1,0,0,20,0,512,0,2,1
UnifrakturMaguntia-Book,d64afc0547059dd2e4a78da48bda0aba0a9901be58c7f8c201a8b2b6b4492cc8,88508,Version 2010-11-24 ,270,,16049,6654,6654,371,150,16570,5496,19973,1512,52,129,3,1,0,0,10,0,512,644,2,1
Vollkorn-Medium,b704817fe4433aa674c54f87141f2541d88d7d48342d98ec727a5eed4873a892,428384,Version 5.000; ttfautohint (v1.8.3),2281,,85955,6907,6907,3596,250,89801,4471,134572,818,65,160,9,2,524,810,141,0,1320,4692,3,1
