wave,font,sha256,file_bytes,version,native_complete,native_exit_code,selection_paired_blocks,selection_master_demo_first_us,selection_final_demo_first_us,selection_demo_first_savings_us,selection_demo_sequence_savings_us,glyf_program_bytes_total,ascii95_glyf_program_bytes,fpgm_program_bytes,prep_program_bytes,ascii94_expanded_points,native_outline_us_per_glyph,hinting_increment_us_per_glyph,geometry_reuse_us_per_glyph,potential_saved_us_per_glyph
1,STIXTwoMath-Regular,562551b15b836e6e01d1b7350909baf3c8c8d83260c1190fbf4544333e6936de,1517976,Version 2.12 b168a,True,0,2,6611.7505,4553.9795,2057.7709999999997,46341.997996000006,485820,7610,3596,214,3374,14.85625,14.628124999999999,0.921370968,14.9432272725
1,Vollkorn-Medium,b704817fe4433aa674c54f87141f2541d88d7d48342d98ec727a5eed4873a892,428384,Version 5.000; ttfautohint (v1.8.3),True,0,2,6955.0625,5296.521000000001,1658.5414999999998,43363.351986,85955,6907,3596,250,4471,14.7117096775,14.4281129035,1.0056818185,14.1401363635
1,Rye-Regular,b7edee5e615ae1b6b07e9d030c1309152bf3672a0e8a2a46293e273730f5adba,183244,Version 1.001,True,0,2,6924.3330000000005,4267.8544999999995,2656.4785,52866.02199800001,94918,33387,1865,96,9707,18.863425925999998,18.380388889,1.9469545455000001,19.5200555555
1,EBGaramond12-Regular,2f31cea9211b8377ee8fd5b328adc7eb5ffe3ca64c28fd9ce55d81fcf9aaa7ba,585416,Version nightly-next-d04d0f9 ; ttfautohint (v1.8.3),True,0,2,8181.6875,6523.312,1658.3755000000006,38487.792485000005,157512,6664,3581,283,5134,12.005199999999999,11.708324999999999,0.971636364,12.537524999999999
1,EBGaramond08-Regular,7bf5b4bb50d68c23453c924b982493fa9a9193e04d8a4492d66f350723e839d1,303956,Version nightly-next-d04d0f9 ; ttfautohint (v1.8.3),True,0,2,6370.791499999999,4945.458500000001,1425.3329999999996,38727.76999599999,71798,8537,3581,272,5055,13.418016129,13.108870968,0.9602272725000001,13.243814815
1,EBGaramond12-Italic,abeabc22f84a33dcc0aea6a5918028f23a7d516f4f8240b192b6833b7b7da429,375584,Version nightly-next-d04d0f9 ; ttfautohint (v1.8.3),True,0,2,6421.2495,4734.1875,1687.062,39077.79000999999,92981,9159,3581,283,5028,13.723500000000001,13.447000000000001,1.1021451615000002,13.776240741
1,Charis-Regular,c03738834bd3a43c3e4a59b11878bd6ede3ee505998242ae649ed1f9cd2edcf6,878076,Version 7.000,True,0,2,7836.5625,5470.812,2365.7505000000006,41574.288998,292100,8992,3596,239,3091,13.1280925925,12.917425926,0.8245967745,13.365590909
1,Gentium-Regular,158d89548ef28f62abfc2921878fa253b833111e8d3932da7f501daef6d0eccf,971304,Version 7.000,True,0,2,8034.3544999999995,6022.291499999999,2012.063,33151.520012999994,243014,5179,3596,239,3505,10.7715,10.545,0.902548387,10.828125
1,DoulosSIL-Regular,cc89b87c047bcc8dc00246398218bb6343e0f2372b153cf560c29a77f27068ef,887828,Version 7.000,True,0,2,7630.021000000001,5090.125,2539.896,41567.368501000004,286811,8565,3596,239,3679,14.707645161,14.465709677,0.9652777779999999,15.424227273
1,PTSans-Regular,9cc831490532009bae2b3ce0d39c62adfc889060beb421593bfd9d2396d0f10a,442960,Version 2.003W OFL,True,0,2,2358.7709999999997,2254.1040000000003,104.66699999999992,5391.521507000001,162235,37433,403,426,2427,1.9458000000000002,1.7416250000000002,0.7708333334999999,1.9405555559999998
1,RobotoFlex-VariableFont,512f759e24d81543f5629b8edc99c566140a8d161fc2277ac82e64add2f26cf9,227888,Version 3.200;gftools[0.9.32],True,0,2,1756.0210000000002,1777.875,-21.853999999999928,586.6854889999995,0,0,0,7,2098,0.17437037,-0.0045555555000000025,0.7755000000000001,0.175925926
1,FrederickatheGreat-Regular,33dc0832b5e934f3db79dc683dea5029c22eb418183b69669b047355c0c245a2,486016,Version 1.001,True,0,2,5516.729,5203.292,313.4369999999999,10875.043980000017,0,0,0,7,105851,4.729181818500001,-0.011537037000000083,11.013888889,4.400462962999999
1,RubikMicrobe-Regular,af2360aa13ce3a068142dedded39d2d831615d8bbe370bc086e95192f2e528d7,1444176,Version 2.200,True,0,2,6071.563,5749.1669999999995,322.3960000000002,8858.690008000012,0,0,0,7,96373,4.042425926,-0.013833333500000933,11.819444443999998,4.715277778500003
1,BungeeOutline-Regular,9232000ff85fdbb68987007305f2de877486d63d31450f81b403461bbe721f1f,202152,Version 2.000,True,0,2,2630.0625,2763.9790000000003,-133.91650000000004,1600.1650020000016,0,0,0,7,8969,0.41664999999999996,-0.004666667000000013,1.6922096775000002,0.45832499999999987
1,BungeeShade-Regular,665c626082682b462f4e696308eafa7071c114da8f8ff3fb73a289c7ff7df482,304936,Version 2.000,True,0,2,2955.9795,3138.7709999999997,-182.79150000000004,1038.9954939999989,0,0,0,7,9089,0.41600000000000004,-0.002333332999999993,1.8055555555,0.47683333299999986
1,Creepster-Regular,402aeb734586c74aecd3dbdc454589b1fb12e2e1c71f782fd019ae68066d9f44,62724,Version 1.002,True,0,2,1757.896,1700.3125,57.58349999999996,1903.5819929999998,0,0,0,7,8899,0.4198,-0.023166666500000044,1.4829545455000002,0.41859090899999973
1,Ewert-Regular,8a7eb23adce5193b61bc1843d752f37c208c163dd6db2fc1b64791791969f4ab,70752,Version 1.001,True,0,2,2248.6459999999997,2218.292,30.354000000000042,2163.6019990000023,0,0,0,7,9692,0.5198,-0.010096774500000016,2.4924545455000002,0.6166749999999999
1,JacquesFrancoisShadow-Regular,3947827a196a3c12ceb471ed589168a9b57285db7258eb468a83f4c17945784c,82492,Version 1.003,True,0,2,2513.9375,2101.6665000000003,412.27099999999996,5689.729512000002,25534,14086,353,266,7463,1.6458499999999998,1.2782258065,2.0681818185,1.7897727270000003
1,Nosifer-Regular,09c5ac35e34dc7a397d5f698b703c5640b59cf93d4d343ebae4f16f3859d09b8,43272,Version 001.002 ,True,0,2,1820.125,1723.7289999999998,96.39600000000007,1711.025505000005,0,0,0,7,6449,0.3464444445,-0.007299999999999973,1.556435484,0.3449259259999997
1,RubikGlitch-Regular,260245012483d56956269100ebece747aa95b4b67e5a9411a81a36e91f55e653,407304,Version 2.200,True,0,2,3163.958,2988.3334999999997,175.62450000000013,2128.348001000002,0,0,0,7,31900,1.088740741,-0.007387096500000023,2.5170454545,1.0999999999999996
1,UnifrakturCook-Bold,ea002fa9c65f1a612af100e00d87ab65f16381f450020ec3d021f3dbf79a6dcd,42688,Version 2011-09-01 ,True,0,2,1683.438,1557.0835,126.35450000000003,828.7465059999977,0,0,742,7,3307,0.193181818,-0.0046666665,0.8598181815,0.1868225804999999
1,UnifrakturMaguntia-Book,d64afc0547059dd2e4a78da48bda0aba0a9901be58c7f8c201a8b2b6b4492cc8,88508,Version 2010-11-24 ,True,0,2,1960.0214999999998,2145.6035,-185.5820000000001,1842.167478000003,16049,6654,371,150,5496,0.649685185,0.3531249999999999,1.2026818184999999,0.6014838705000001
1,Amiri-Italic,ca02e830027f4376fc35ab4a058880a7d43affe7bd58108a6e6a02bd2515b343,437128,Version 1.003,True,0,2,4382.396000000001,4790.3330000000005,-407.9369999999999,2099.4195020000043,0,0,0,7,5525,0.291645161,-0.006741935500000018,1.0532222225,0.2330185189999998
1,Amiri-Regular,cd2550c0f4c05eb341bf97958211aaa39382bca96577ba3a67d4a3b4912c43c0,437780,Version 1.003,True,0,2,4247.875,4620.7505,-372.8755000000001,1705.8074900000065,0,0,0,7,5875,0.297814815,-0.00542592599999997,0.9867272730000001,0.28413636350000004
1,IMFeENrm28P,fe9705bbde51af802719246d4608d08d37bde956ab99d9a590da996a5221a24c,194992,3.00,True,0,2,3844.2705,3308.333,535.9375,14150.496991000004,0,0,0,0,21249,4.442725,3.436475,2.1552,4.234863636
1,Junicode-Italic,6f844c86b1c22fb383562b92a391ce0f20dc3ccedbed3b93807c8d2021656d47,1031192,Version 2.226,True,0,2,7076.25,7116.292,-40.04200000000037,4605.041998999994,0,0,0,0,4532,1.440574074,1.1874814809999998,0.984863636,1.5041750000000003
1,Junicode-Regular,1cf12039709603afe6aa2ae9d0910c11ed9b2b1bd975b38f04290a42d1821552,1043236,Version 2.226,True,0,2,6468.0,6783.458,-315.45799999999963,5370.583011999981,0,0,0,0,4296,1.5115555555,1.244574074,1.0107580645,1.525
1,RubikPixels-Regular,2d81a3511bf20e24f1f7bae72029ff4c04134a98a4e0e9ff81e4d664d2412e18,5627648,Version 2.200,True,0,2,19573.8125,18299.9165,1273.8960000000006,19738.43400399998,0,0,0,7,560894,19.989981481500003,0.11355000000000359,51.0662727275,20.007590908999994
2,Almendra-Bold,5895ef04d0d56c60083ec302e72db99b952b044ab2b440ee12283649b5edc971,36624,Version 1.004,True,0,2,1664.0,1618.3745,45.62549999999999,1395.0009870000013,0,0,0,7,3437,0.200592593,-0.005727272999999977,0.947,0.20263636350000003
2,Almendra-BoldItalic,10e0a7dd4b9f5ad7d51be7f8ee42d76919c322dcbb7733dbad48f4ac751cb105,35380,Version 1.004,True,0,2,1682.6875,1664.4585,18.229000000000042,797.209515999999,0,0,0,7,3318,0.2013333335,-0.00699999950000002,0.9640454545,0.19677777750000003
2,Almendra-Italic,972eb95dd030592755064c35e8e394b75423973d0b7dbfd759c7e36ef80bb7cb,35216,Version 1.004,True,0,2,1667.521,1604.2705,63.250499999999874,979.3190170000016,0,0,0,7,3314,0.202636364,-0.006048386999999988,0.9640454544999999,0.19379999999999997
2,Almendra-Regular,b127a6121209353b53da9ce73bf9d350f74190d8384c28ede179e4fb9440f946,68684,Version 1.004,True,0,2,1677.0205,1575.354,101.66649999999993,1298.2114930000025,0,0,0,7,3502,0.208333333,-0.005388888499999994,0.899681818,0.1912727274999998
2,Arbutus-Regular,6c86e8b86c9eebcdb963f83b382e5ba92764b34c53cd9dd96a00ec5d3c5acfdb,80964,Version 1.003,True,0,2,1881.5625,1742.3755,139.187,1558.0160060000017,0,0,0,7,10821,0.513227273,-0.00694444449999998,1.5927727275,0.5000454545000002
2,CroissantOne-Regular,55ccb462d07bab853281e9fd9646f0cc258bfb1ae8ff645f857ba1f921f7f69e,54744,Version 1.001,True,0,2,1735.8545,1637.6245,98.23000000000002,1312.1640119999975,0,0,0,7,2592,0.1901935485,-0.005727272499999991,0.9213709675,0.1875
2,EagleLake-Regular,53a4e929c9ea3584f2432157fd549c7604e6be7e6c4b39873f34fae7f6823928,78000,Version 1.000,True,0,2,1986.0205,1953.0835,32.93700000000001,1169.6465080000016,0,0,353,7,6660,0.3217592595,-0.008080644999999997,1.212136364,0.3041499999999999
2,EmilysCandy-Regular,0cf3ca9dbe71b33596e8a1eb12b40deac2e6414fe5616dda50c554580b6e0c68,237216,Version 1.000,True,0,2,2810.6045,2721.3334999999997,89.27099999999996,4194.243521000004,0,0,353,7,47191,1.7878636365,-0.007722221999999945,4.0786851854999995,2.0023888884999996
2,Kalam-Bold,2f6576601db015d4f6c08678120277fc8510b98c06e932ce7a6a9cbff4cbdded,460896,Version 2.001;PS 1.0;hotconv 1.0.79;makeotf.lib2.5.61930; ttfautohint (v1.3),True,0,2,4457.125,2980.0834999999997,1477.0415,28288.76850899999,234548,7123,2966,153,3306,8.15587037,7.9537037035,0.948863636,8.2553703705
2,Kalam-Light,2b8f2c0208d397a1823688783da3317d6af18ea007a9a1b56ddb17e27820507e,437512,Version 2.001;PS 1.0;hotconv 1.0.79;makeotf.lib2.5.61930; ttfautohint (v1.3),True,0,2,4191.0,3236.687,954.3129999999999,27269.648011000005,213733,5603,2966,153,3309,8.2507777775,8.043981481,0.914772727,8.719111111
2,Kalam-Regular,57cecb63d4608019371954274ae1d8c397764debd5b19d4a33c1efa4dc923c0b,427360,Version 2.001;PS 1.0;hotconv 1.0.79;makeotf.lib2.5.61930; ttfautohint (v1.3),True,0,2,4189.166499999999,3214.5415000000003,974.6249999999998,25911.005998999997,203279,5678,2966,153,3287,8.452075,8.244775,0.9431818185,8.41665
2,MedievalSharp,74cb2e6738bd7703adf120802f68fba0c9ddb9147a08e6847f1005b1e55df5a5,148712,Version 1.0,True,0,2,1882.0415,1739.7295,142.312,4315.127991000001,76510,28233,371,184,4716,1.4421666665,1.1782777775,0.981090909,1.4690806449999998
2,MetalMania-Regular,4b95f0e55b291990c26a7b68818b20c1b728a8be05a34982b7bb4736c46c19ea,254568,Version 1.002,True,0,2,3236.2295,2908.5005,327.72900000000004,8504.001505,38601,21845,371,150,37817,2.8611296295,1.4035740735000002,3.0568181819999998,2.9031249999999993
2,Metamorphous-Regular,55939a5664e06807e87fa4af64f52039ead12f002dda8317393fdce2f7ff57fe,135740,Version 1.001,True,0,2,3927.8955,2556.4795,1371.4160000000002,24256.081518,64669,11801,1865,96,3527,7.848790322499999,7.6149814815,1.0295645165,8.0910185185
2,Mukta-Bold,7d22891cd57507b04af95a67ffaf59b7073b3595a27d1cfbbcefb418de820a12,418416,Version 2.538;PS 1.002;hotconv 16.6.51;makeotf.lib2.5.65220; ttfautohint (v1.6),True,0,2,6045.021,4887.1875,1157.8334999999997,29659.006509,119777,4694,3437,188,2394,9.086425926,8.902796296,0.733833333,9.1581666665
2,Mukta-ExtraBold,328eeebffe06fac60d60b46fe60c3995a908d2347e9c285f1eef1a0c9d73e004,423168,Version 2.538;PS 1.002;hotconv 16.6.51;makeotf.lib2.5.65220; ttfautohint (v1.6),True,0,2,6209.5835,4635.083500000001,1574.4999999999995,29879.212999999996,124793,4708,3437,188,2415,9.276240740999999,9.092592593,0.7106666665,9.429796297
2,Mukta-ExtraLight,ff3260e6fd667797b0beb80430b0da318ccdac73c0f90fe828c2dd5a093265a1,410644,Version 2.538;PS 1.002;hotconv 16.6.51;makeotf.lib2.5.65220; ttfautohint (v1.6),True,0,2,6889.9375,4757.042,2132.8954999999996,29635.706996999994,104014,4666,3437,188,2444,8.8580185185,8.672074074,0.725409091,9.054018519
2,Mukta-Light,161f2f22d33a1c75d9fb37d74ea99e8dbbe119cd5c102c83146fb032a552e8f2,405188,Version 2.538;PS 1.002;hotconv 16.6.51;makeotf.lib2.5.65220; ttfautohint (v1.6),True,0,2,6843.958500000001,4434.833,2409.1255000000006,29340.6265,101846,3980,3437,188,2418,9.555175,9.359325,0.7245555555000001,9.0501666665
2,Mukta-Medium,4db18bd8f19582607e8a6af0c4bf158b4b3378b426e42ad39d444d216c70074c,419736,Version 2.538;PS 1.002;hotconv 16.6.51;makeotf.lib2.5.65220; ttfautohint (v1.6),True,0,2,6122.3955000000005,4669.958500000001,1452.437,29763.333500999994,118477,4163,3437,188,2377,8.8626481485,8.6774444445,0.7330185185,9.0409074075
2,Mukta-Regular,2958e4af564507df2a856164df6f9978dacb03f999a4f34a0c269dc8a4de9688,432248,Version 2.538;PS 1.001;hotconv 16.6.51;makeotf.lib2.5.65220; ttfautohint (v1.6),True,0,2,6453.2705000000005,4598.313,1854.9575,29243.833495,124783,3960,3437,188,2424,8.9127962965,8.7268333335,0.722166667,9.088722222000001
2,Mukta-SemiBold,f437fb098f8f29acb8628617cb2682f0780ef22fa8b0443de1f66090c36e510a,411160,Version 2.538;PS 1.002;hotconv 16.6.51;makeotf.lib2.5.65220; ttfautohint (v1.6),True,0,2,6684.3745,4680.146000000001,2004.2284999999997,30211.994501,114097,4286,3437,188,2384,9.358796296,9.1774629625,0.7210967745,9.0007777785
2,Sahitya-Bold,9feb27b5d2980b741355bb6240d0f0b44d0f4cfdb15c11980049f4750fcaa88a,267140,"Version 1.001;PS 001.000;hotconv 1.0.70;makeotf.lib2.5.58329 DEVELOPMENT; ttfautohint (v1.2) -l 8 -r 50 -G 200 -x 16 -D latn -f none -w G -W -X """"",True,0,2,9393.479500000001,7064.0625,2329.4170000000004,34376.49399699999,75779,8473,2927,149,4097,11.452166667,11.2152962965,1.0006774195,11.597203704
2,Sahitya-Regular,f43e57c9eb3c936e195009a5755906d34cdffb7e5ac4d0a51d260150f118ee62,261652,"Version 1.001;PS 001.000;hotconv 1.0.70;makeotf.lib2.5.58329 DEVELOPMENT; ttfautohint (v1.2) -l 8 -r 50 -G 200 -x 16 -D latn -f none -w G -W -X """"",True,0,2,8782.729,6983.083500000001,1799.6454999999996,33314.834019,69909,6776,2927,149,4215,11.1646,10.91565,1.064814815,11.237499999999999
2,Sancreek-Regular,8f87c42f6e6ba97125cd975c3d7d48902fc227d805948e678d5293a300e3fe55,93252,Version 1.100; ttfautohint (v1.8.4.7-5d5b),True,0,2,6168.5625,3695.8540000000003,2472.7084999999997,40878.24948400001,24558,9684,3596,189,7536,13.5189090905,13.162818181499999,1.4564090909999998,13.986772727
2,Sumana-Bold,e32150c36ced10804d077dc41714df7e5c8471408bccc7036fba30314a914e79,223880,"Version 1.015;PS 001.015;hotconv 1.0.70;makeotf.lib2.5.58329 DEVELOPMENT; ttfautohint (v0.94) -l 8 -r 50 -G 200 -x 14 -w ""G""",True,0,2,7636.041499999999,6175.3125,1460.7289999999998,49745.435489999996,75773,18961,2454,149,3347,15.075772727,14.859863636,0.8402777775,15.047074074
2,Sumana-Regular,e71be1be55f8970ef24ee3aaf790c34cad3f5b6c5d518e41c8651c596e102ec4,211548,"Version 1.015;PS 001.015;hotconv 1.0.70;makeotf.lib2.5.58329 DEVELOPMENT; ttfautohint (v0.94) -l 8 -r 50 -G 200 -x 14 -w ""G""",True,0,2,8124.3545,5873.3125,2251.0420000000004,45218.959011,61809,15865,2454,149,3413,14.819887097,14.598790322500001,0.919,14.556818182
2,Suranna-Regular,66ad4194f922e0b230e12d35070c852d38573ad40ad4e993cbe7d69df344b177,624852,Version 1.0.5; ttfautohint (v1.2.42-39fb),True,0,2,4964.4580000000005,2847.9995,2116.4584999999997,33660.049509,233836,5664,2967,149,2399,10.493055556,10.3016851855,0.7523333335,10.444388889
2,TradeWinds-Regular,bbc4c9a17927d6c5076a1957b0b165fae6c835c1bfa0fb8c07053243097e495b,85380,Version 1.001,True,0,2,1813.833,1712.7505,101.08249999999998,2520.0599839999995,0,0,353,7,16080,0.6134444445,-0.004611111000000001,1.619318182,0.5823250000000002
2,Vollkorn-Medium,b704817fe4433aa674c54f87141f2541d88d7d48342d98ec727a5eed4873a892,428384,Version 5.000; ttfautohint (v1.8.3),True,0,2,7133.375,4803.166499999999,2330.2085,43880.874008000006,85955,6907,3596,250,4471,14.2015967745,13.9348064515,0.967772727,14.070203703999999
