label,face_index,maxp_maxSizeOfInstructions,raw_fpgm_bytes,raw_prep_bytes,raw_fpgm_sha256,raw_prep_sha256,whole_font_direct_glyph_program_bytes,prefer_interpreter,resolved_AutoFallback_engine,font_path,font_sha256
FrederickatheGreat-Regular,0,0,0,7,e3b0c44298fc1c149afbf4c8996fb92427ae41e4649b934ca495991b7852b855,907c4106ff9989c1805827d5581bdf107a253b098cb71eb374f5e47c35604452,0,True,Interpreter,/private/tmp/femtovg-aggressive-font-search-20261002/fonts/frederickathegreat/FrederickatheGreat-Regular.ttf,33dc0832b5e934f3db79dc683dea5029c22eb418183b69669b047355c0c245a2
Ewert-Regular,0,0,0,7,e3b0c44298fc1c149afbf4c8996fb92427ae41e4649b934ca495991b7852b855,907c4106ff9989c1805827d5581bdf107a253b098cb71eb374f5e47c35604452,0,True,Interpreter,/private/tmp/femtovg-aggressive-font-search-20261002/fonts/ewert/Ewert-Regular.ttf,8a7eb23adce5193b61bc1843d752f37c208c163dd6db2fc1b64791791969f4ab
JacquesFrancoisShadow-Regular,0,1034,353,266,07e1b798b9df2756bde24fef79fb8dfbdb025fa3b5afffe97cf261c451c35b43,965bafb55dadeae315624345d216c70c29fe083c49e562a688bdb7ce767a74a1,25534,True,Interpreter,/private/tmp/femtovg-aggressive-font-search-20261002/fonts/jacquesfrancoisshadow/JacquesFrancoisShadow-Regular.ttf,3947827a196a3c12ceb471ed589168a9b57285db7258eb468a83f4c17945784c
Monoton-Regular,0,0,0,7,e3b0c44298fc1c149afbf4c8996fb92427ae41e4649b934ca495991b7852b855,907c4106ff9989c1805827d5581bdf107a253b098cb71eb374f5e47c35604452,0,True,Interpreter,/private/tmp/femtovg-aggressive-font-search-20261002/fonts/monoton/Monoton-Regular.ttf,951c4cea65ffede784a7c9672feec5d329a7e1e12216c42d53ecf36c90d04dea
BungeeShade-Regular,0,0,0,7,e3b0c44298fc1c149afbf4c8996fb92427ae41e4649b934ca495991b7852b855,907c4106ff9989c1805827d5581bdf107a253b098cb71eb374f5e47c35604452,0,True,Interpreter,/private/tmp/femtovg-aggressive-font-search-20261002/fonts/bungeeshade/BungeeShade-Regular.ttf,665c626082682b462f4e696308eafa7071c114da8f8ff3fb73a289c7ff7df482
BungeeOutline-Regular,0,0,0,7,e3b0c44298fc1c149afbf4c8996fb92427ae41e4649b934ca495991b7852b855,907c4106ff9989c1805827d5581bdf107a253b098cb71eb374f5e47c35604452,0,True,Interpreter,/private/tmp/femtovg-aggressive-font-search-20261002/fonts/bungeeoutline/BungeeOutline-Regular.ttf,9232000ff85fdbb68987007305f2de877486d63d31450f81b403461bbe721f1f
FascinateInline-Regular,0,371,353,7,07e1b798b9df2756bde24fef79fb8dfbdb025fa3b5afffe97cf261c451c35b43,907c4106ff9989c1805827d5581bdf107a253b098cb71eb374f5e47c35604452,0,True,Interpreter,/private/tmp/femtovg-aggressive-font-search-20261002/fonts/fascinateinline/FascinateInline-Regular.ttf,413101810fe420520122880404d1f8e892269e6a6afa2e00e980f65ef632ee3b
RibeyeMarrow-Regular,0,0,0,7,e3b0c44298fc1c149afbf4c8996fb92427ae41e4649b934ca495991b7852b855,907c4106ff9989c1805827d5581bdf107a253b098cb71eb374f5e47c35604452,0,True,Interpreter,/private/tmp/femtovg-aggressive-font-search-20261002/fonts/ribeyemarrow/RibeyeMarrow-Regular.ttf,4b19d54b86a068bb5b8a060938d87d1e6028d566c8efb68fa9c7debaa19987d0
VastShadow-Regular,0,0,0,7,e3b0c44298fc1c149afbf4c8996fb92427ae41e4649b934ca495991b7852b855,bd2c113ff52324c1102af1ba5d300e419887ead131da17f7f8babb963b688d6a,0,True,Interpreter,/private/tmp/femtovg-aggressive-font-search-20261002/fonts/vastshadow/VastShadow-Regular.ttf,98bdf7f93c2330697078ece27e48dea7d97b253a547d699bf7afc4bdfa641a93
RubikGlitch-Regular,0,0,0,7,e3b0c44298fc1c149afbf4c8996fb92427ae41e4649b934ca495991b7852b855,907c4106ff9989c1805827d5581bdf107a253b098cb71eb374f5e47c35604452,0,True,Interpreter,/private/tmp/femtovg-aggressive-font-search-20261002/fonts/rubikglitch/RubikGlitch-Regular.ttf,260245012483d56956269100ebece747aa95b4b67e5a9411a81a36e91f55e653
RubikGlitchPop-Regular,0,0,0,7,e3b0c44298fc1c149afbf4c8996fb92427ae41e4649b934ca495991b7852b855,907c4106ff9989c1805827d5581bdf107a253b098cb71eb374f5e47c35604452,0,True,Interpreter,/private/tmp/femtovg-aggressive-font-search-20261002/fonts/rubikglitchpop/RubikGlitchPop-Regular.ttf,20545e9c47a8d5f1a23305c598c54b2c29f252079db2965e593184e765d5880f
RubikDistressed-Regular,0,0,0,7,e3b0c44298fc1c149afbf4c8996fb92427ae41e4649b934ca495991b7852b855,907c4106ff9989c1805827d5581bdf107a253b098cb71eb374f5e47c35604452,0,True,Interpreter,/private/tmp/femtovg-aggressive-font-search-20261002/fonts/rubikdistressed/RubikDistressed-Regular.ttf,64a9962c862451507b5d8dbc1c4bf023ddbcad701bc73d277eae46723718327a
RubikWetPaint-Regular,0,0,0,7,e3b0c44298fc1c149afbf4c8996fb92427ae41e4649b934ca495991b7852b855,907c4106ff9989c1805827d5581bdf107a253b098cb71eb374f5e47c35604452,0,True,Interpreter,/private/tmp/femtovg-aggressive-font-search-20261002/fonts/rubikwetpaint/RubikWetPaint-Regular.ttf,3f35d1c77219c5219826b23c2f0c72dd0eed46425a0d4fff21b8827cdce61693
RubikBeastly-Regular,0,0,0,7,e3b0c44298fc1c149afbf4c8996fb92427ae41e4649b934ca495991b7852b855,907c4106ff9989c1805827d5581bdf107a253b098cb71eb374f5e47c35604452,0,True,Interpreter,/private/tmp/femtovg-aggressive-font-search-20261002/fonts/rubikbeastly/RubikBeastly-Regular.ttf,854c5f4bd05aae76d7830e871e2c990ea309a436072d8f0b67a796a80ec1cb18
RubikMicrobe-Regular,0,0,0,7,e3b0c44298fc1c149afbf4c8996fb92427ae41e4649b934ca495991b7852b855,907c4106ff9989c1805827d5581bdf107a253b098cb71eb374f5e47c35604452,0,True,Interpreter,/private/tmp/femtovg-aggressive-font-search-20261002/fonts/rubikmicrobe/RubikMicrobe-Regular.ttf,af2360aa13ce3a068142dedded39d2d831615d8bbe370bc086e95192f2e528d7
RubikMoonrocks-Regular,0,0,0,7,e3b0c44298fc1c149afbf4c8996fb92427ae41e4649b934ca495991b7852b855,907c4106ff9989c1805827d5581bdf107a253b098cb71eb374f5e47c35604452,0,True,Interpreter,/private/tmp/femtovg-aggressive-font-search-20261002/fonts/rubikmoonrocks/RubikMoonrocks-Regular.ttf,39ff4d96b906e8cc2fd7a350aa13620d5eff18d776fedb5c98c12cbf6e1f2c1e
Rubik80sFade-Regular,0,0,0,7,e3b0c44298fc1c149afbf4c8996fb92427ae41e4649b934ca495991b7852b855,907c4106ff9989c1805827d5581bdf107a253b098cb71eb374f5e47c35604452,0,True,Interpreter,/private/tmp/femtovg-aggressive-font-search-20261002/fonts/rubik80sfade/Rubik80sFade-Regular.ttf,da14679ae16caaf4ad32aece9a7357dcdea02c5d7c9b1d296faba86e19862d3f
RubikVinyl-Regular,0,0,0,7,e3b0c44298fc1c149afbf4c8996fb92427ae41e4649b934ca495991b7852b855,907c4106ff9989c1805827d5581bdf107a253b098cb71eb374f5e47c35604452,0,True,Interpreter,/private/tmp/femtovg-aggressive-font-search-20261002/fonts/rubikvinyl/RubikVinyl-Regular.ttf,64f1d1636851d814a9031a945bc6ca6b7bc26a29009eb316176d27f00f2b7d4e
RubikBurned-Regular,0,0,0,7,e3b0c44298fc1c149afbf4c8996fb92427ae41e4649b934ca495991b7852b855,907c4106ff9989c1805827d5581bdf107a253b098cb71eb374f5e47c35604452,0,True,Interpreter,/private/tmp/femtovg-aggressive-font-search-20261002/fonts/rubikburned/RubikBurned-Regular.ttf,149705177b7fe352b54227b05121c030520a55e1cc8a4cdd7f8d0af324e6f00d
RubikPuddles-Regular,0,0,0,7,e3b0c44298fc1c149afbf4c8996fb92427ae41e4649b934ca495991b7852b855,907c4106ff9989c1805827d5581bdf107a253b098cb71eb374f5e47c35604452,0,True,Interpreter,/private/tmp/femtovg-aggressive-font-search-20261002/fonts/rubikpuddles/RubikPuddles-Regular.ttf,ac690b0790b890a24c54997cfc66bde14d4648cb1a914e9b8754e9023bb0d342
RubikPixels-Regular,0,0,0,7,e3b0c44298fc1c149afbf4c8996fb92427ae41e4649b934ca495991b7852b855,907c4106ff9989c1805827d5581bdf107a253b098cb71eb374f5e47c35604452,0,True,Interpreter,/private/tmp/femtovg-aggressive-font-search-20261002/fonts/rubikpixels/RubikPixels-Regular.ttf,2d81a3511bf20e24f1f7bae72029ff4c04134a98a4e0e9ff81e4d664d2412e18
MysteryQuest-Regular,0,371,353,7,07e1b798b9df2756bde24fef79fb8dfbdb025fa3b5afffe97cf261c451c35b43,907c4106ff9989c1805827d5581bdf107a253b098cb71eb374f5e47c35604452,0,True,Interpreter,/private/tmp/femtovg-aggressive-font-search-20261002/fonts/mysteryquest/MysteryQuest-Regular.ttf,fc3fba61be98d7de03964b41175ee5629bcc6958b251f8037ef13eabb5431eb2
FontdinerSwanky-Regular,0,371,353,7,07e1b798b9df2756bde24fef79fb8dfbdb025fa3b5afffe97cf261c451c35b43,907c4106ff9989c1805827d5581bdf107a253b098cb71eb374f5e47c35604452,0,True,Interpreter,/private/tmp/femtovg-aggressive-font-search-20261002/fonts/fontdinerswanky/FontdinerSwanky-Regular.ttf,847229fbf58c7f7479f93fd7cf9fc269b54c0c9f6465abcb65a206fb261be41b
Frijole-Regular,0,371,353,7,07e1b798b9df2756bde24fef79fb8dfbdb025fa3b5afffe97cf261c451c35b43,907c4106ff9989c1805827d5581bdf107a253b098cb71eb374f5e47c35604452,0,True,Interpreter,/private/tmp/femtovg-aggressive-font-search-20261002/fonts/frijole/Frijole-Regular.ttf,e182bbad0e1ba7eb06d93edb1c97a71f5b7d56e27433fb375f5f7138399ab72c
Diplomata-Regular,0,3596,3596,203,9d239cfba5c3e2b39c51b893b28d086288b051393d0fd49aa5876db89a49fddd,ef49f816f0df1a757a319c7a1a53924dbd8c6dc4f74543f95f092b00fdaac138,29520,True,Interpreter,/private/tmp/femtovg-aggressive-font-search-20261002/fonts/diplomata/Diplomata-Regular.ttf,0197d3dd0c7e8daf4ec373f15a4cdeeb963f76748ffd8360b9150bac90b73997
DiplomataSC-Regular,0,3596,3596,203,9d239cfba5c3e2b39c51b893b28d086288b051393d0fd49aa5876db89a49fddd,131abc7de1fa388d5dbee28b70a13df9bcffb4965e2d9846b28052e9adf994e7,28647,True,Interpreter,/private/tmp/femtovg-aggressive-font-search-20261002/fonts/diplomatasc/DiplomataSC-Regular.ttf,6c91b299f45463424e26daf5fbbd5f298ad7b2e89f25bee506dd34a6d5297054
Kranky-Regular,0,371,353,7,07e1b798b9df2756bde24fef79fb8dfbdb025fa3b5afffe97cf261c451c35b43,907c4106ff9989c1805827d5581bdf107a253b098cb71eb374f5e47c35604452,0,True,Interpreter,/private/tmp/femtovg-aggressive-font-search-20261002/fonts/kranky/Kranky-Regular.ttf,2b40548b2a84e3daa922f770657aefc86d4ce13d155b96912bea2d50bcb09cc4
Spirax-Regular,0,0,0,7,e3b0c44298fc1c149afbf4c8996fb92427ae41e4649b934ca495991b7852b855,907c4106ff9989c1805827d5581bdf107a253b098cb71eb374f5e47c35604452,0,True,Interpreter,/private/tmp/femtovg-aggressive-font-search-20261002/fonts/spirax/Spirax-Regular.ttf,e509975c0680e447e6be89467f7f0bebec6d4cb0a8b75d7b6bb6d6fd7e2d5b65
SnowburstOne-Regular,0,2402,2402,147,7b45e31f5af2902cdd4becde1b464324d2065adf5f09c591836dc344feaa84c7,f95bc1b696794fd5aad98cd10ce71ac6dd161f1a5f3713d04d48a2c736eb0647,11439,True,Interpreter,/private/tmp/femtovg-aggressive-font-search-20261002/fonts/snowburstone/SnowburstOne-Regular.ttf,ede8110b5922b718c9b80717a4c5dcc2b4a862767d8319877983773c900bb00f
Rye-Regular,0,1933,1865,96,829f333b3c9c7e8defe7eaaef94648ccfeccacb615ca9e5eb31c383cab31cfe1,f31f6774b5cbd9752db2529d9301d5a0c6c0692d1af03edea4fdf890e4e07e68,94918,True,Interpreter,/private/tmp/femtovg-font-stress-search-20261002/fonts/rye/Rye-Regular.ttf,b7edee5e615ae1b6b07e9d030c1309152bf3672a0e8a2a46293e273730f5adba
Vollkorn-Medium,0,4692,3596,250,44e6f89aa809453f2144ac932e798472c5becc648f34f2f66f654869304d05a6,a1bd3a230eaf8a7f8e71478262e4ec70995d790aca6a1d57f45a15a66c4f7ff5,85955,True,Interpreter,/private/tmp/femtovg-font-stress-search-20261002/fonts/controls/Vollkorn-Medium.ttf,b704817fe4433aa674c54f87141f2541d88d7d48342d98ec727a5eed4873a892
AveriaGruesaLibre-Regular,0,0,0,0,e3b0c44298fc1c149afbf4c8996fb92427ae41e4649b934ca495991b7852b855,e3b0c44298fc1c149afbf4c8996fb92427ae41e4649b934ca495991b7852b855,0,False,Auto(None),/private/tmp/femtovg-aggressive-font-search-20261002/hinted-supplement-v1/fonts/averiagruesalibre/AveriaGruesaLibre-Regular.ttf,df080c6c99c694b3d741835957e4ebc37d640a9c54f4079ceb8c7211e3f2e209
AveriaSerifLibre-Regular,0,0,0,0,e3b0c44298fc1c149afbf4c8996fb92427ae41e4649b934ca495991b7852b855,e3b0c44298fc1c149afbf4c8996fb92427ae41e4649b934ca495991b7852b855,0,False,Auto(None),/private/tmp/femtovg-aggressive-font-search-20261002/hinted-supplement-v1/fonts/averiaseriflibre/AveriaSerifLibre-Regular.ttf,c64545bce66be1d737832337c1188015f9acacc5230ccbeb4ce646a0eaa252da
AveriaLibre-Regular,0,0,0,0,e3b0c44298fc1c149afbf4c8996fb92427ae41e4649b934ca495991b7852b855,e3b0c44298fc1c149afbf4c8996fb92427ae41e4649b934ca495991b7852b855,0,False,Auto(None),/private/tmp/femtovg-aggressive-font-search-20261002/hinted-supplement-v1/fonts/averialibre/AveriaLibre-Regular.ttf,3dda695e06012f89b39eaccd77fbbcf22133a17b00ce5ddf3e4e9a996546b865
MissFajardose-Regular,0,0,0,7,e3b0c44298fc1c149afbf4c8996fb92427ae41e4649b934ca495991b7852b855,907c4106ff9989c1805827d5581bdf107a253b098cb71eb374f5e47c35604452,0,True,Interpreter,/private/tmp/femtovg-aggressive-font-search-20261002/hinted-supplement-v1/fonts/missfajardose/MissFajardose-Regular.ttf,f76e0f245e781a75ea9fa528706b417173f7741439369c07d1501276170ab709
HerrVonMuellerhoff-Regular,0,0,0,7,e3b0c44298fc1c149afbf4c8996fb92427ae41e4649b934ca495991b7852b855,907c4106ff9989c1805827d5581bdf107a253b098cb71eb374f5e47c35604452,0,True,Interpreter,/private/tmp/femtovg-aggressive-font-search-20261002/hinted-supplement-v1/fonts/herrvonmuellerhoff/HerrVonMuellerhoff-Regular.ttf,ba8ac10807a79462b7c8265b2eebb8419e5017fdc1a5828b1a071d9e8478772e
GreatVibes-Regular,0,3596,3596,214,24c7d2293020be24d28f973149e99b5e04536533dfb66a518191cc7fa206f99b,4020bd99130b41ffaa8c46b1a94bdd503502cf77d242d82b84bdbc33c3c8bad3,130017,True,Interpreter,/private/tmp/femtovg-aggressive-font-search-20261002/hinted-supplement-v1/fonts/greatvibes/GreatVibes-Regular.ttf,8d509802186f1b51572531ecf313e8098f9a5bfdfaca93f0c9b34467f9982d15
BilboSwashCaps-Regular,0,0,0,0,e3b0c44298fc1c149afbf4c8996fb92427ae41e4649b934ca495991b7852b855,e3b0c44298fc1c149afbf4c8996fb92427ae41e4649b934ca495991b7852b855,0,False,Auto(None),/private/tmp/femtovg-aggressive-font-search-20261002/hinted-supplement-v1/fonts/bilboswashcaps/BilboSwashCaps-Regular.ttf,36e0a6d9f33c57797340a65c8789272247f8d2b0b9521a92112eaa13c77a4354
PinyonScript-Regular,0,3596,3596,178,aec85fe1971754b1c72259bd4142f4d620ea996f8417ea6fc0d106c35cc06ea0,3f27f05e8c29ae4c090be9b3d488e21c915f2b3a871482fcbe2c5c85217d2b6b,32119,True,Interpreter,/private/tmp/femtovg-aggressive-font-search-20261002/hinted-supplement-v1/fonts/pinyonscript/PinyonScript-Regular.ttf,4aab130a6ed27f8b8117738c84a5602edf9300cdcc0651a9a65bf96f451ac29a
FleurDeLeah-Regular,0,3596,3596,189,8ddf009c35cfa39580ee436c3916c1223167ba16e9009e8ad468d8a60eed82cb,3a4c749ddf2bda450df7bb1beebe4eb2499277ecf6538de03c9db04ea20b015a,90422,True,Interpreter,/private/tmp/femtovg-aggressive-font-search-20261002/hinted-supplement-v1/fonts/fleurdeleah/FleurDeLeah-Regular.ttf,11f6c19bd52835c66cf6cf78f060a467a92a85f1d667447ea8feefdd9bccba7d
Eater-Regular,0,0,0,7,e3b0c44298fc1c149afbf4c8996fb92427ae41e4649b934ca495991b7852b855,907c4106ff9989c1805827d5581bdf107a253b098cb71eb374f5e47c35604452,0,True,Interpreter,/private/tmp/femtovg-aggressive-font-search-20261002/hinted-supplement-v1/fonts/eater/Eater-Regular.ttf,df2744af0f58592c4ff13e8205e62a56f7bdf915b3e31c9def075668c42a2b3f
BabelStoneHan,0,0,48,8,4eba5811deed9c094eca943363968dddd6b4c31948a277107e5be2027663e464,6846dc4034122b0028e03037c9d067ce445a622c37971d6c0512b7ecca70932d,0,True,Interpreter,/private/tmp/femtovg-cjk-font-search-20261002/fonts/babelstone/release/BabelStoneHan.ttf,d8bb747b3fdccd84a60bd0aa56bb90937270d0bd15f1101cd8f2a5a3709dd0a3
D2Coding-Regular,0,1480,371,78,ec0c6416886ad3d787f261b4f57a07c4e845c84dc46d647d208c86d7958d328c,6392fec64a3e6a8831b7c9cb0539012ffa09aadc597d3fceb845145280604238,815434,True,Interpreter,/private/tmp/femtovg-cjk-font-search-20261002/fonts/d2coding/D2Coding-Regular.ttf,c064f343b5cfc131f083377ba606b748f9b61a5bbd89708e4010b9066dff5a24
DroidSansFallback,0,0,7,18,5e390c56c9ec132f2afb7c6939ef5f409301767ccaf34fb10ff6d4489c9a629a,ac7afcbb4043ef7d75c95a7ebf81fc687c7e9c6acb8d4635bb50c470af58c409,0,True,Interpreter,/private/tmp/femtovg-cjk-font-search-20261002/fonts/droid/DroidSansFallback.ttf,21b96a0377f067833a93af3082eb28d4ffab7a8cd46bfd513286f1d64b7b0949
DroidSansFallbackFull,0,2,7,18,5e390c56c9ec132f2afb7c6939ef5f409301767ccaf34fb10ff6d4489c9a629a,ac7afcbb4043ef7d75c95a7ebf81fc687c7e9c6acb8d4635bb50c470af58c409,6,True,Interpreter,/private/tmp/femtovg-cjk-font-search-20261002/fonts/droid/DroidSansFallbackFull.ttf,2392015530438bafc48edfc4aee6d9de2387f627a6134d8ab3dfcc99d21c8240
NanumGothic-ExtraBold,0,1541,2313,372,5d2c3b3902996312ad55c8f13786926a10fd463c041d8da23208bc57a76a3383,cbcd5366d9921e629a545161cf06f6c08d57837e51de97bbed179c07747d8653,675833,True,Interpreter,/private/tmp/femtovg-cjk-font-search-20261002/fonts/nanumgothic/NanumGothic-ExtraBold.ttf,5c4568e5295a8c52bc30e7efa1ea6d2de43556268ef42daba93540a1ece691ae
NanumGothic-Regular,0,1480,2313,408,5d2c3b3902996312ad55c8f13786926a10fd463c041d8da23208bc57a76a3383,2b58ab4b252125f373b820882f98fa06156c0f38ca370888834bb54f7a0063c8,689373,True,Interpreter,/private/tmp/femtovg-cjk-font-search-20261002/fonts/nanumgothic/NanumGothic-Regular.ttf,76f45ef4a6bcff344c837c95a7dcc26e017e38b5846d5ae0cdcb5b86be2e2d31
NanumGothicCoding-Regular,0,1571,1571,234,86a555c33e6f9f9d52e7748652d0c36b92982e974538980257a3912b398ada20,4a0b627b55aafa5ec2397a0ae811a1600b7f4389ae80512e83bdd8482bd7c308,606428,True,Interpreter,/private/tmp/femtovg-cjk-font-search-20261002/fonts/nanumgothiccoding/NanumGothicCoding-Regular.ttf,787effd7efed2abca88ade231faa8191f4e9fcf85b1805a13ee1dc3724b72089
NanumMyeongjo-Bold,0,1292,1341,202,3451f80a7c8ee6660e62726578b57abc993d6092e16f83a429a5eba5d7013afe,dfc6f20f1184f04a98322e90541b4019178402fca1b4c6f6ee7d33329eeb73d0,1072122,True,Interpreter,/private/tmp/femtovg-cjk-font-search-20261002/fonts/nanummyeongjo/NanumMyeongjo-Bold.ttf,bc9ed8e60d93fe6db054b8fb988481b625f2eef8cb2317ad0e9834681b8fe3f3
NanumMyeongjo-ExtraBold,0,1364,742,165,c4f6e7f809304a8ab8052d7309a7d913ce04ecd2cfe9cceb8efbb3c567b7566c,6f6d946a9343cf1fff6243a464d6cca91defb3af9d5e34868eeea3c1226d316f,1123697,True,Interpreter,/private/tmp/femtovg-cjk-font-search-20261002/fonts/nanummyeongjo/NanumMyeongjo-ExtraBold.ttf,60c0077fce069ba90ae97c0a3679f6eb3712e0ca637bdd0c15b72d335ec46db7
NanumMyeongjo-Regular,0,1466,1341,220,3451f80a7c8ee6660e62726578b57abc993d6092e16f83a429a5eba5d7013afe,f417b110d0b1eb8f4e10130bb627bd910ff456c8882be854c02be92e898d3767,1123547,True,Interpreter,/private/tmp/femtovg-cjk-font-search-20261002/fonts/nanummyeongjo/NanumMyeongjo-Regular.ttf,7ed9e8653a8ed04285d51dc343ffea6eb3d9c73afc27383ea8929ee4ffd03205
NotoSansSC[wght],0,0,0,7,e3b0c44298fc1c149afbf4c8996fb92427ae41e4649b934ca495991b7852b855,907c4106ff9989c1805827d5581bdf107a253b098cb71eb374f5e47c35604452,0,True,Interpreter,/private/tmp/femtovg-cjk-font-search-20261002/fonts/notosanssc/NotoSansSC[wght].ttf,a3041811a78c361b1de50f953c805e0244951c21c5bd412f7232ef0d899af0da
NotoSerifSC[wght],0,0,0,7,e3b0c44298fc1c149afbf4c8996fb92427ae41e4649b934ca495991b7852b855,907c4106ff9989c1805827d5581bdf107a253b098cb71eb374f5e47c35604452,0,True,Interpreter,/private/tmp/femtovg-cjk-font-search-20261002/fonts/notoserifsc/NotoSerifSC[wght].ttf,050080d9255a86808f2945bffac582b31ef32bc36411ce29563b4961670c66f9
wqy-microhei,0,355,1797,748,febcc20cd530b4407ae11c2b5daeedfd780fd131e556e46560356e2e5360aca0,759db5255b4091426b22dd794c9c807195ca71fa99474ca771f15bbbf707599b,97467,True,Interpreter,/private/tmp/femtovg-cjk-font-search-20261002/fonts/wqy-microhei/wqy-microhei.ttc,e4bca8df123ce01b104780f576ea1a58b9a5ff1662a91124b6d3180cb6c88212
wqy-microhei,1,355,1797,638,febcc20cd530b4407ae11c2b5daeedfd780fd131e556e46560356e2e5360aca0,8263b8ed18275f5263ae379c6866d6524689f69cc4b61a00653868569ae50b06,97467,True,Interpreter,/private/tmp/femtovg-cjk-font-search-20261002/fonts/wqy-microhei/wqy-microhei.ttc,e4bca8df123ce01b104780f576ea1a58b9a5ff1662a91124b6d3180cb6c88212
