font,phase,role,frames,master_native_render_calls,master_unique_native_keys,master_repeated_native_keys,final_outline_requests,final_hits,final_misses,final_scaler_builds,final_admissions,final_outline_points,final_outline_verbs,final_coords_json,clears_for_whole_phase,request_streams_equal
DiplomataSC-Regular,first_paint,regular,1,263,112,151,263,151,112,40,112,8228,5399,[[]],0,True
DiplomataSC-Regular,first_paint,icons,1,6,6,0,6,0,6,6,6,206,144,[[]],0,True
DiplomataSC-Regular,warmup,regular,119,166,22,151,166,151,15,12,15,1750,1045,[[]],0,True
DiplomataSC-Regular,warmup,icons,119,0,0,0,0,0,0,0,0,0,0,[],0,True
DiplomataSC-Regular,warm,regular,30,0,0,0,0,0,0,0,0,0,0,[],0,True
DiplomataSC-Regular,warm,icons,30,0,0,0,0,0,0,0,0,0,0,[],0,True
DiplomataSC-Regular,zoom_in,regular,12,2803,1128,1675,2803,1675,1128,417,1128,81360,53820,[[]],0,True
DiplomataSC-Regular,zoom_in,icons,12,56,56,0,56,0,56,56,56,1923,1343,[[]],0,True
DiplomataSC-Regular,zoom_out,regular,12,1888,736,1228,1888,1136,752,279,752,54550,36073,[[]],1,True
DiplomataSC-Regular,zoom_out,icons,12,42,42,0,42,0,42,42,42,1442,1008,[[]],1,True
DiplomataSC-Regular,pan,regular,10,0,0,0,0,0,0,0,0,0,0,[],0,True
DiplomataSC-Regular,pan,icons,10,0,0,0,0,0,0,0,0,0,0,[],0,True
FleurDeLeah-Regular,first_paint,regular,1,264,112,152,264,152,112,36,112,17961,9429,[[]],0,True
FleurDeLeah-Regular,first_paint,icons,1,6,6,0,6,0,6,6,6,206,144,[[]],0,True
FleurDeLeah-Regular,warmup,regular,119,171,23,156,171,156,15,12,15,1912,1009,[[]],0,True
FleurDeLeah-Regular,warmup,icons,119,0,0,0,0,0,0,0,0,0,0,[],0,True
FleurDeLeah-Regular,warm,regular,30,0,0,0,0,0,0,0,0,0,0,[],0,True
FleurDeLeah-Regular,warm,icons,30,0,0,0,0,0,0,0,0,0,0,[],0,True
FleurDeLeah-Regular,zoom_in,regular,12,2862,1128,1734,2862,1724,1138,372,1138,182156,95606,[[]],1,True
FleurDeLeah-Regular,zoom_in,icons,12,56,56,0,56,0,56,56,56,1923,1343,[[]],1,True
FleurDeLeah-Regular,zoom_out,regular,12,1907,736,1245,1907,1162,745,250,745,120077,63017,[[]],1,True
FleurDeLeah-Regular,zoom_out,icons,12,42,42,0,42,0,42,42,42,1442,1008,[[]],1,True
FleurDeLeah-Regular,pan,regular,10,0,0,0,0,0,0,0,0,0,0,[],0,True
FleurDeLeah-Regular,pan,icons,10,0,0,0,0,0,0,0,0,0,0,[],0,True
LavishlyYours-Regular,first_paint,regular,1,263,112,151,263,151,112,36,112,9573,5183,[[]],0,True
LavishlyYours-Regular,first_paint,icons,1,6,6,0,6,0,6,6,6,206,144,[[]],0,True
LavishlyYours-Regular,warmup,regular,119,164,22,149,164,149,15,12,15,1310,709,[[]],0,True
LavishlyYours-Regular,warmup,icons,119,0,0,0,0,0,0,0,0,0,0,[],0,True
LavishlyYours-Regular,warm,regular,30,0,0,0,0,0,0,0,0,0,0,[],0,True
LavishlyYours-Regular,warm,icons,30,0,0,0,0,0,0,0,0,0,0,[],0,True
LavishlyYours-Regular,zoom_in,regular,12,2900,1128,1772,2900,1771,1129,371,1129,95496,51771,[[]],1,True
LavishlyYours-Regular,zoom_in,icons,12,56,56,0,56,0,56,56,56,1923,1343,[[]],1,True
LavishlyYours-Regular,zoom_out,regular,12,1891,736,1229,1891,1155,736,242,736,62816,34048,[[]],0,True
LavishlyYours-Regular,zoom_out,icons,12,42,42,0,42,0,42,42,42,1442,1008,[[]],0,True
LavishlyYours-Regular,pan,regular,10,0,0,0,0,0,0,0,0,0,0,[],0,True
LavishlyYours-Regular,pan,icons,10,0,0,0,0,0,0,0,0,0,0,[],0,True
Rye-Regular,first_paint,regular,1,268,112,156,268,156,112,39,112,15000,8343,[[]],0,True
Rye-Regular,first_paint,icons,1,6,6,0,6,0,6,6,6,206,144,[[]],0,True
Rye-Regular,warmup,regular,119,166,22,151,166,151,15,12,15,2336,1284,[[]],0,True
Rye-Regular,warmup,icons,119,0,0,0,0,0,0,0,0,0,0,[],0,True
Rye-Regular,warm,regular,30,0,0,0,0,0,0,0,0,0,0,[],0,True
Rye-Regular,warm,icons,30,0,0,0,0,0,0,0,0,0,0,[],0,True
Rye-Regular,zoom_in,regular,12,2882,1128,1754,2882,1745,1137,381,1137,153567,85493,[[]],1,True
Rye-Regular,zoom_in,icons,12,56,56,0,56,0,56,56,56,1923,1343,[[]],1,True
Rye-Regular,zoom_out,regular,12,1903,736,1243,1903,1153,750,260,750,101302,56385,[[]],1,True
Rye-Regular,zoom_out,icons,12,42,42,0,42,0,42,42,42,1442,1008,[[]],1,True
Rye-Regular,pan,regular,10,0,0,0,0,0,0,0,0,0,0,[],0,True
Rye-Regular,pan,icons,10,0,0,0,0,0,0,0,0,0,0,[],0,True
Vollkorn-Medium,first_paint,regular,1,263,112,151,263,151,112,37,112,8658,4985,[[]],0,True
Vollkorn-Medium,first_paint,icons,1,6,6,0,6,0,6,6,6,206,144,[[]],0,True
Vollkorn-Medium,warmup,regular,119,168,22,153,168,153,15,12,15,914,505,[[]],0,True
Vollkorn-Medium,warmup,icons,119,0,0,0,0,0,0,0,0,0,0,[],0,True
Vollkorn-Medium,warm,regular,30,0,0,0,0,0,0,0,0,0,0,[],0,True
Vollkorn-Medium,warm,icons,30,0,0,0,0,0,0,0,0,0,0,[],0,True
Vollkorn-Medium,zoom_in,regular,12,2821,1128,1693,2821,1693,1128,393,1128,90060,52284,[[]],0,True
Vollkorn-Medium,zoom_in,icons,12,56,56,0,56,0,56,56,56,1923,1343,[[]],0,True
Vollkorn-Medium,zoom_out,regular,12,1914,736,1252,1914,1163,751,262,751,60267,34973,[[]],1,True
Vollkorn-Medium,zoom_out,icons,12,42,42,0,42,0,42,42,42,1442,1008,[[]],1,True
Vollkorn-Medium,pan,regular,10,0,0,0,0,0,0,0,0,0,0,[],0,True
Vollkorn-Medium,pan,icons,10,0,0,0,0,0,0,0,0,0,0,[],0,True
WaterBrush-Regular,first_paint,regular,1,272,112,160,272,160,112,37,112,39848,24043,[[]],0,True
WaterBrush-Regular,first_paint,icons,1,6,6,0,6,0,6,6,6,206,144,[[]],0,True
WaterBrush-Regular,warmup,regular,119,154,22,139,154,139,15,12,15,4805,3585,[[]],0,True
WaterBrush-Regular,warmup,icons,119,0,0,0,0,0,0,0,0,0,0,[],0,True
WaterBrush-Regular,warm,regular,30,0,0,0,0,0,0,0,0,0,0,[],0,True
WaterBrush-Regular,warm,icons,30,0,0,0,0,0,0,0,0,0,0,[],0,True
WaterBrush-Regular,zoom_in,regular,12,2842,1128,1714,2842,1675,1167,375,1167,420959,252393,[[]],4,True
WaterBrush-Regular,zoom_in,icons,12,56,56,0,56,0,56,56,56,1923,1343,[[]],4,True
WaterBrush-Regular,zoom_out,regular,12,1918,736,1256,1918,1147,771,246,771,279255,167390,[[]],2,True
WaterBrush-Regular,zoom_out,icons,12,42,42,0,42,0,42,42,42,1442,1008,[[]],2,True
WaterBrush-Regular,pan,regular,10,0,0,0,0,0,0,0,0,0,0,[],0,True
WaterBrush-Regular,pan,icons,10,0,0,0,0,0,0,0,0,0,0,[],0,True
