label,face_index,sha256,file_bytes,full_name,version,glyph_count,glyf_program_bytes_total,fpgm_program_bytes,prep_program_bytes,maxp_maxPoints,maxp_maxContours,maxp_maxCompositePoints,maxp_maxCompositeContours,maxp_maxZones,maxp_maxTwilightPoints,maxp_maxStorage,maxp_maxFunctionDefs,maxp_maxInstructionDefs,maxp_maxStackElements,maxp_maxSizeOfInstructions,maxp_maxComponentElements,maxp_maxComponentDepth,ascii94_mapped_distinct,ascii94_requested_distinct,ascii94_direct_program_bytes_weighted,ascii94_expanded_points_weighted,demo_11_mapped_distinct,demo_11_requested_distinct,demo_11_direct_program_bytes_weighted,demo_11_expanded_points_weighted,demo_12_mapped_distinct,demo_12_requested_distinct,demo_12_direct_program_bytes_weighted,demo_12_expanded_points_weighted,demo_14_mapped_distinct,demo_14_requested_distinct,demo_14_direct_program_bytes_weighted,demo_14_expanded_points_weighted,demo_15_mapped_distinct,demo_15_requested_distinct,demo_15_direct_program_bytes_weighted,demo_15_expanded_points_weighted,demo_16_mapped_distinct,demo_16_requested_distinct,demo_16_direct_program_bytes_weighted,demo_16_expanded_points_weighted,demo_11_graphic_mapped_distinct,demo_11_graphic_requested_distinct,demo_11_graphic_direct_program_bytes_weighted,demo_11_graphic_expanded_points_weighted,demo_12_graphic_mapped_distinct,demo_12_graphic_requested_distinct,demo_12_graphic_direct_program_bytes_weighted,demo_12_graphic_expanded_points_weighted,demo_14_graphic_mapped_distinct,demo_14_graphic_requested_distinct,demo_14_graphic_direct_program_bytes_weighted,demo_14_graphic_expanded_points_weighted,demo_15_graphic_mapped_distinct,demo_15_graphic_requested_distinct,demo_15_graphic_direct_program_bytes_weighted,demo_15_graphic_expanded_points_weighted,demo_16_graphic_mapped_distinct,demo_16_graphic_requested_distinct,demo_16_graphic_direct_program_bytes_weighted,demo_16_graphic_expanded_points_weighted
FrederickatheGreat-Regular,0,33dc0832b5e934f3db79dc683dea5029c22eb418183b69669b047355c0c245a2,486016,Fredericka the Great,Version 1.001,229,0,0,7,2983,101,2534,91,1,0,0,0,0,0,0,3,1,94,94,0,105851,21,21,0,52518,9,9,0,12156,32,32,0,179867,12,12,0,20141,28,28,0,53655,20,20,0,52518,9,9,0,12156,31,31,0,179867,11,11,0,20141,27,27,0,53655
Ewert-Regular,0,8a7eb23adce5193b61bc1843d752f37c208c163dd6db2fc1b64791791969f4ab,70752,Ewert,Version 1.001,222,0,0,7,238,11,0,0,2,0,1,1,0,64,0,0,0,94,94,0,9692,21,21,0,7020,9,9,0,1106,32,32,0,20909,12,12,0,2418,28,28,0,5874,20,20,0,7020,9,9,0,1106,31,31,0,20909,11,11,0,2418,27,27,0,5874
JacquesFrancoisShadow-Regular,0,3947827a196a3c12ceb471ed589168a9b57285db7258eb468a83f4c17945784c,82492,Jacques Francois Shadow,Version 1.003,218,25534,353,266,416,10,187,8,1,0,0,10,0,512,1034,3,1,94,94,14086,7463,21,21,9030,4158,9,9,1471,701,32,32,28634,13151,12,12,3413,1431,28,28,8549,3966,20,20,9030,4158,9,9,1471,701,31,31,28634,13151,11,11,3413,1431,27,27,8549,3966
Monoton-Regular,0,951c4cea65ffede784a7c9672feec5d329a7e1e12216c42d53ecf36c90d04dea,51604,Monoton,Version 1.000,373,0,0,7,231,24,228,21,2,0,1,1,0,64,0,2,2,94,94,0,6943,21,21,0,3742,9,9,0,1100,32,32,0,11062,12,12,0,1151,28,28,0,3638,20,20,0,3742,9,9,0,1100,31,31,0,11062,11,11,0,1151,27,27,0,3638
BungeeShade-Regular,0,665c626082682b462f4e696308eafa7071c114da8f8ff3fb73a289c7ff7df482,304936,Bungee Shade Regular,Version 2.000,1063,0,0,7,311,15,263,10,1,0,0,0,0,0,0,1,1,94,94,0,9089,21,21,0,4822,9,9,0,972,32,32,0,14136,12,12,0,1394,28,28,0,4118,20,20,0,4822,9,9,0,972,31,31,0,14136,11,11,0,1394,27,27,0,4118
BungeeOutline-Regular,0,9232000ff85fdbb68987007305f2de877486d63d31450f81b403461bbe721f1f,202152,Bungee Outline Regular,Version 2.000,1063,0,0,7,345,21,288,12,1,0,0,0,0,0,0,3,1,94,94,0,8969,21,21,0,4687,9,9,0,1012,32,32,0,13702,12,12,0,1309,28,28,0,4034,20,20,0,4687,9,9,0,1012,31,31,0,13702,11,11,0,1309,27,27,0,4034
FascinateInline-Regular,0,413101810fe420520122880404d1f8e892269e6a6afa2e00e980f65ef632ee3b,59604,Fascinate Inline,Version 1.000,377,0,353,7,207,10,185,8,1,0,0,10,0,512,371,2,1,94,94,0,5799,21,21,0,3615,9,9,0,672,32,32,0,10552,12,12,0,1294,28,28,0,3147,20,20,0,3615,9,9,0,672,31,31,0,10552,11,11,0,1294,27,27,0,3147
RibeyeMarrow-Regular,0,4b19d54b86a068bb5b8a060938d87d1e6028d566c8efb68fa9c7debaa19987d0,84896,Ribeye Marrow,Version 1.000,372,0,0,7,199,10,172,8,1,0,0,0,0,0,0,2,1,94,94,0,6796,21,21,0,3844,9,9,0,688,32,32,0,11929,12,12,0,1257,28,28,0,3520,20,20,0,3844,9,9,0,688,31,31,0,11929,11,11,0,1257,27,27,0,3520
VastShadow-Regular,0,98bdf7f93c2330697078ece27e48dea7d97b253a547d699bf7afc4bdfa641a93,62364,Vast Shadow Regular,Version 1.002,235,0,0,7,222,14,0,0,1,0,0,0,0,0,0,0,0,94,94,0,6819,21,21,0,4402,9,9,0,932,32,32,0,13423,12,12,0,1492,28,28,0,4048,20,20,0,4402,9,9,0,932,31,31,0,13423,11,11,0,1492,27,27,0,4048
RubikGlitch-Regular,0,260245012483d56956269100ebece747aa95b4b67e5a9411a81a36e91f55e653,407304,Rubik Glitch Regular,Version 2.200,774,0,0,7,965,16,865,12,1,0,0,0,0,0,0,3,1,94,94,0,31900,21,21,0,17538,9,9,0,3292,32,32,0,53545,12,12,0,6143,28,28,0,15228,20,20,0,17538,9,9,0,3292,31,31,0,53545,11,11,0,6143,27,27,0,15228
RubikGlitchPop-Regular,0,20545e9c47a8d5f1a23305c598c54b2c29f252079db2965e593184e765d5880f,1976660,Rubik Glitch Pop Regular,Version 2.201,776,0,0,7,8405,1124,8326,855,1,0,0,0,0,0,0,3,1,94,94,0,174005,21,21,0,84744,9,9,0,19440,32,32,0,276567,12,12,0,28547,28,28,0,84599,20,20,0,84744,9,9,0,19440,31,31,0,276567,11,11,0,28547,27,27,0,84599
RubikDistressed-Regular,0,64a9962c862451507b5d8dbc1c4bf023ddbcad701bc73d277eae46723718327a,892544,Rubik Distressed Regular,Version 2.200,774,0,0,7,1912,142,1629,129,1,0,0,0,0,0,0,3,1,94,94,0,65762,21,21,0,34886,9,9,0,7435,32,32,0,108585,12,12,0,12540,28,28,0,32426,20,20,0,34886,9,9,0,7435,31,31,0,108585,11,11,0,12540,27,27,0,32426
RubikWetPaint-Regular,0,3f35d1c77219c5219826b23c2f0c72dd0eed46425a0d4fff21b8827cdce61693,442628,Rubik Wet Paint Regular,Version 2.200,774,0,0,7,784,10,753,9,1,0,0,0,0,0,0,3,1,94,94,0,29869,21,21,0,14321,9,9,0,3208,32,32,0,44279,12,12,0,4940,28,28,0,13665,20,20,0,14321,9,9,0,3208,31,31,0,44279,11,11,0,4940,27,27,0,13665
RubikBeastly-Regular,0,854c5f4bd05aae76d7830e871e2c990ea309a436072d8f0b67a796a80ec1cb18,512684,Rubik Beastly Regular,Version 2.200,774,0,0,7,881,32,828,27,1,0,0,0,0,0,0,3,1,94,94,0,32578,21,21,0,16581,9,9,0,3487,32,32,0,51070,12,12,0,5922,28,28,0,15489,20,20,0,16581,9,9,0,3487,31,31,0,51070,11,11,0,5922,27,27,0,15489
RubikMicrobe-Regular,0,af2360aa13ce3a068142dedded39d2d831615d8bbe370bc086e95192f2e528d7,1444176,Rubik Microbe Regular,Version 2.200,774,0,0,7,2403,306,2337,297,1,0,0,0,0,0,0,3,1,94,94,0,96373,21,21,0,53504,9,9,0,10986,32,32,0,163267,12,12,0,18803,28,28,0,47831,20,20,0,53504,9,9,0,10986,31,31,0,163267,11,11,0,18803,27,27,0,47831
RubikMoonrocks-Regular,0,39ff4d96b906e8cc2fd7a350aa13620d5eff18d776fedb5c98c12cbf6e1f2c1e,403712,Rubik Moonrocks Regular,Version 2.200,774,0,0,7,555,51,611,58,1,0,0,0,0,0,0,3,1,94,94,0,25644,21,21,0,14753,9,9,0,2769,32,32,0,44230,12,12,0,5267,28,28,0,13087,20,20,0,14753,9,9,0,2769,31,31,0,44230,11,11,0,5267,27,27,0,13087
Rubik80sFade-Regular,0,da14679ae16caaf4ad32aece9a7357dcdea02c5d7c9b1d296faba86e19862d3f,3448044,Rubik 80s Fade Regular,Version 2.201,776,0,0,7,9661,1291,6794,1131,1,0,0,0,0,0,0,3,1,94,94,0,284420,21,21,0,152969,9,9,0,28951,32,32,0,467542,12,12,0,51196,28,28,0,144735,20,20,0,152969,9,9,0,28951,31,31,0,467542,11,11,0,51196,27,27,0,144735
RubikVinyl-Regular,0,64f1d1636851d814a9031a945bc6ca6b7bc26a29009eb316176d27f00f2b7d4e,414752,Rubik Vinyl Regular,Version 2.200,774,0,0,7,662,9,830,9,1,0,0,0,0,0,0,3,1,94,94,0,25408,21,21,0,13178,9,9,0,2587,32,32,0,39926,12,12,0,4359,28,28,0,12205,20,20,0,13178,9,9,0,2587,31,31,0,39926,11,11,0,4359,27,27,0,12205
RubikBurned-Regular,0,149705177b7fe352b54227b05121c030520a55e1cc8a4cdd7f8d0af324e6f00d,605348,Rubik Burned Regular,Version 2.200,774,0,0,7,1128,11,1054,17,1,0,0,0,0,0,0,3,1,94,94,0,40954,21,21,0,22777,9,9,0,4359,32,32,0,67796,12,12,0,7494,28,28,0,20014,20,20,0,22777,9,9,0,4359,31,31,0,67796,11,11,0,7494,27,27,0,20014
RubikPuddles-Regular,0,ac690b0790b890a24c54997cfc66bde14d4648cb1a914e9b8754e9023bb0d342,404956,Rubik Puddles Regular,Version 2.200,774,0,0,7,606,42,562,43,1,0,0,0,0,0,0,3,1,94,94,0,23149,21,21,0,12300,9,9,0,2415,32,32,0,37810,12,12,0,4378,28,28,0,11154,20,20,0,12300,9,9,0,2415,31,31,0,37810,11,11,0,4378,27,27,0,11154
RubikPixels-Regular,0,2d81a3511bf20e24f1f7bae72029ff4c04134a98a4e0e9ff81e4d664d2412e18,5627648,Rubik Pixels Regular,Version 2.200,779,0,0,7,20084,4953,26400,6600,1,0,0,0,0,0,0,298,1,94,94,0,560894,21,21,0,284590,9,9,0,69056,32,32,0,911186,12,12,0,106128,28,28,0,270748,20,20,0,284590,9,9,0,69056,31,31,0,911186,11,11,0,106128,27,27,0,270748
MysteryQuest-Regular,0,fc3fba61be98d7de03964b41175ee5629bcc6958b251f8037ef13eabb5431eb2,42124,Mystery Quest,Version 1.000,229,0,353,7,173,6,178,4,1,0,0,10,0,512,371,3,1,94,94,0,6966,21,21,0,3855,9,9,0,753,32,32,0,12787,12,12,0,1344,28,28,0,4126,20,20,0,3855,9,9,0,753,31,31,0,12787,11,11,0,1344,27,27,0,4126
FontdinerSwanky-Regular,0,847229fbf58c7f7479f93fd7cf9fc269b54c0c9f6465abcb65a206fb261be41b,45524,Fontdiner Swanky Regular,Version 1.001,231,0,353,7,124,6,98,4,1,0,0,10,0,512,371,3,1,94,94,0,3070,21,21,0,2263,9,9,0,388,32,32,0,6731,12,12,0,790,28,28,0,2141,20,20,0,2263,9,9,0,388,31,31,0,6731,11,11,0,790,27,27,0,2141
Frijole-Regular,0,e182bbad0e1ba7eb06d93edb1c97a71f5b7d56e27433fb375f5f7138399ab72c,227860,Frijole,Version 1.000,227,0,353,7,1054,33,1064,28,1,0,0,10,0,512,371,3,1,94,94,0,47124,21,21,0,28566,9,9,0,5252,32,32,0,85358,12,12,0,10351,28,28,0,25693,20,20,0,28566,9,9,0,5252,31,31,0,85358,11,11,0,10351,27,27,0,25693
Diplomata-Regular,0,0197d3dd0c7e8daf4ec373f15a4cdeeb963f76748ffd8360b9150bac90b73997,89556,Diplomata Regular,Version 1.002; ttfautohint (v1.8.4.7-5d5b);gftools[0.9.23],447,29520,3596,203,324,10,179,13,2,72,132,141,0,229,3596,4,1,94,94,13366,5472,21,21,9192,3378,9,9,1732,705,32,32,27034,10064,12,12,3048,1208,28,28,8058,3077,20,20,9192,3378,9,9,1732,705,31,31,27034,10064,11,11,3048,1208,27,27,8058,3077
DiplomataSC-Regular,0,6c91b299f45463424e26daf5fbbd5f298ad7b2e89f25bee506dd34a6d5297054,87544,Diplomata SC Regular,Version 1.002; ttfautohint (v1.8.4.7-5d5b);gftools[0.9.23],447,28647,3596,203,324,10,172,13,2,72,132,141,0,229,3596,4,1,94,94,13147,5346,21,21,8911,3061,9,9,1765,705,32,32,25566,8785,12,12,3203,950,28,28,7832,2717,20,20,8911,3061,9,9,1765,705,31,31,25566,8785,11,11,3203,950,27,27,7832,2717
Kranky-Regular,0,2b40548b2a84e3daa922f770657aefc86d4ce13d155b96912bea2d50bcb09cc4,199284,Kranky Regular,Version 1.001,228,0,353,7,1136,7,867,7,1,0,0,10,0,512,371,3,1,94,94,0,41328,21,21,0,20769,9,9,0,4669,32,32,0,66664,12,12,0,7641,28,28,0,20548,20,20,0,20769,9,9,0,4669,31,31,0,66664,11,11,0,7641,27,27,0,20548
Spirax-Regular,0,e509975c0680e447e6be89467f7f0bebec6d4cb0a8b75d7b6bb6d6fd7e2d5b65,49064,Spirax-Regular,Version 1.002,222,0,0,7,112,7,0,0,2,0,1,1,0,64,0,0,0,94,94,0,3806,21,21,0,2022,9,9,0,423,32,32,0,6017,12,12,0,657,28,28,0,1879,20,20,0,2022,9,9,0,423,31,31,0,6017,11,11,0,657,27,27,0,1879
SnowburstOne-Regular,0,ede8110b5922b718c9b80717a4c5dcc2b4a862767d8319877983773c900bb00f,68360,Snowburst One,Version 1.001,323,11439,2402,147,189,7,193,4,2,54,68,106,0,179,2402,3,1,94,94,4997,6849,21,21,2825,3858,9,9,511,621,32,32,8250,11832,12,12,941,1294,28,28,2593,3374,20,20,2825,3858,9,9,511,621,31,31,8250,11832,11,11,941,1294,27,27,2593,3374
Rye-Regular,0,b7edee5e615ae1b6b07e9d030c1309152bf3672a0e8a2a46293e273730f5adba,183244,Rye Regular,Version 1.001,271,94918,1865,96,255,13,0,0,2,60,71,60,0,241,1933,2,0,94,94,33387,9707,21,21,17336,5488,9,9,4882,1087,32,32,59042,17633,12,12,5984,2052,28,28,23607,5329,20,20,17336,5488,9,9,4882,1087,31,31,59042,17633,11,11,5984,2052,27,27,23607,5329
Vollkorn-Medium,0,b704817fe4433aa674c54f87141f2541d88d7d48342d98ec727a5eed4873a892,428384,Vollkorn Medium,Version 5.000; ttfautohint (v1.8.3),2281,85955,3596,250,818,65,160,9,2,524,810,141,0,1320,4692,3,1,94,94,6907,4471,21,21,5516,2542,9,9,665,390,32,32,16718,8502,12,12,1458,880,28,28,5406,2366,20,20,5516,2542,9,9,665,390,31,31,16718,8502,11,11,1458,880,27,27,5406,2366
