screen,font,font_sha256,profile,dpr,logical_sizes,native_outline_us_per_glyph,native_render_us_per_glyph,geometry_reuse_us_per_glyph,native_outline_unhinted_us_per_glyph,hinting_increment_us_per_glyph,potential_saved_us_per_glyph
aggressive,RubikPixels-Regular,2d81a3511bf20e24f1f7bae72029ff4c04134a98a4e0e9ff81e4d664d2412e18,ascii94,1,"[11.0, 12.0, 14.0, 15.0, 16.0]",19.9950496455,59.9748085105,39.5900549645,19.984781915,0.10379432599999916,20.1374840425
aggressive,Rye-Regular,b7edee5e615ae1b6b07e9d030c1309152bf3672a0e8a2a46293e273730f5adba,ascii94,1,"[11.0, 12.0, 14.0, 15.0, 16.0]",17.5545939715,19.932253546,1.816710993,0.43616844,17.1193085105,17.9045531915
aggressive,DiplomataSC-Regular,6c91b299f45463424e26daf5fbbd5f298ad7b2e89f25bee506dd34a6d5297054,ascii94,1,"[11.0, 12.0, 14.0, 15.0, 16.0]",16.7961737585,18.487441489,1.6385195035,0.2958049645,16.506945035,16.911053191500002
aggressive,Diplomata-Regular,0197d3dd0c7e8daf4ec373f15a4cdeeb963f76748ffd8360b9150bac90b73997,ascii94,1,"[11.0, 12.0, 14.0, 15.0, 16.0]",16.7657358155,18.584070922000002,1.5585851064999998,0.301714539,16.431515957000002,16.863994680500003
aggressive,SnowburstOne-Regular,ede8110b5922b718c9b80717a4c5dcc2b4a862767d8319877983773c900bb00f,ascii94,1,"[11.0, 12.0, 14.0, 15.0, 16.0]",12.753326241,14.401742908,1.490101064,0.337322695,12.4263475175,12.981086879
aggressive,Vollkorn-Medium,b704817fe4433aa674c54f87141f2541d88d7d48342d98ec727a5eed4873a892,ascii94,1,"[11.0, 12.0, 14.0, 15.0, 16.0]",12.1428049645,13.064936170500001,0.8324468085000001,0.2492606385,11.8971631205,12.22658156
aggressive,Rubik80sFade-Regular,da14679ae16caaf4ad32aece9a7357dcdea02c5d7c9b1d296faba86e19862d3f,ascii94,1,"[11.0, 12.0, 14.0, 15.0, 16.0]",11.466975177,33.538416667,21.3111684395,11.4346187945,0.002143617499999806,12.005024823500001
aggressive,RubikGlitchPop-Regular,20545e9c47a8d5f1a23305c598c54b2c29f252079db2965e593184e765d5880f,ascii94,1,"[11.0, 12.0, 14.0, 15.0, 16.0]",8.479315603,22.874039007,13.890955674,8.386377659499999,0.1546968090000007,8.970005319000002
aggressive,FrederickatheGreat-Regular,33dc0832b5e934f3db79dc683dea5029c22eb418183b69669b047355c0c245a2,ascii94,1,"[11.0, 12.0, 14.0, 15.0, 16.0]",5.004358156,15.387042553,9.8958333335,4.9885496455,0.06227836900000039,5.299794326000001
aggressive,RubikMicrobe-Regular,af2360aa13ce3a068142dedded39d2d831615d8bbe370bc086e95192f2e528d7,ascii94,1,"[11.0, 12.0, 14.0, 15.0, 16.0]",4.0806719860000005,14.793661347499999,10.288859929000001,4.1069734045,-0.020539006999999998,4.2273226955
aggressive,RubikDistressed-Regular,64a9962c862451507b5d8dbc1c4bf023ddbcad701bc73d277eae46723718327a,ascii94,1,"[11.0, 12.0, 14.0, 15.0, 16.0]",2.653072695,11.5316205675,8.732934397000001,2.6838049645,-0.03738120549999957,2.759161347000001
aggressive,Frijole-Regular,e182bbad0e1ba7eb06d93edb1c97a71f5b7d56e27433fb375f5f7138399ab72c,ascii94,1,"[11.0, 12.0, 14.0, 15.0, 16.0]",1.856973404,6.781987589,4.885787234,1.8594113475,-0.009310284000000113,1.9209521274999997
aggressive,Kranky-Regular,2b40548b2a84e3daa922f770657aefc86d4ce13d155b96912bea2d50bcb09cc4,ascii94,1,"[11.0, 12.0, 14.0, 15.0, 16.0]",1.625960993,5.3659131205,3.7496294325,1.598329787,0.006796099500000263,1.6433226949999993
aggressive,RubikBurned-Regular,149705177b7fe352b54227b05121c030520a55e1cc8a4cdd7f8d0af324e6f00d,ascii94,1,"[11.0, 12.0, 14.0, 15.0, 16.0]",1.572471631,5.3982730495,3.935062057,1.586140071,-0.033909574499999984,1.4952712759999995
aggressive,JacquesFrancoisShadow-Regular,3947827a196a3c12ceb471ed589168a9b57285db7258eb468a83f4c17945784c,ascii94,1,"[11.0, 12.0, 14.0, 15.0, 16.0]",1.507829787,3.8525425535,2.17922695,0.348035461,1.1597943259999999,1.7460833335000003
aggressive,RubikBeastly-Regular,854c5f4bd05aae76d7830e871e2c990ea309a436072d8f0b67a796a80ec1cb18,ascii94,1,"[11.0, 12.0, 14.0, 15.0, 16.0]",1.2129858155,5.816858156,4.558510638,1.2403226950000001,-0.023345744500000043,1.224069149
aggressive,RubikWetPaint-Regular,3f35d1c77219c5219826b23c2f0c72dd0eed46425a0d4fff21b8827cdce61693,ascii94,1,"[11.0, 12.0, 14.0, 15.0, 16.0]",1.1947393615,4.0651613475,2.9144503544999996,1.199173759,-0.010342198500000066,1.1485638289999995
aggressive,RubikGlitch-Regular,260245012483d56956269100ebece747aa95b4b67e5a9411a81a36e91f55e653,ascii94,1,"[11.0, 12.0, 14.0, 15.0, 16.0]",1.1424343970000002,4.5033989365,3.188755319,1.1386666664999998,-0.006945035499999808,1.3146436174999998
aggressive,RubikMoonrocks-Regular,39ff4d96b906e8cc2fd7a350aa13620d5eff18d776fedb5c98c12cbf6e1f2c1e,ascii94,1,"[11.0, 12.0, 14.0, 15.0, 16.0]",1.1166524825000002,4.300382979,3.054962766,1.0768315605,0.0376046095,1.1820336879999997
aggressive,RubikVinyl-Regular,64f1d1636851d814a9031a945bc6ca6b7bc26a29009eb316176d27f00f2b7d4e,ascii94,1,"[11.0, 12.0, 14.0, 15.0, 16.0]",1.0491276594999999,3.895241135,2.8655425535,1.0141843975,0.03457446799999975,1.0084202125
aggressive,RubikPuddles-Regular,ac690b0790b890a24c54997cfc66bde14d4648cb1a914e9b8754e9023bb0d342,ascii94,1,"[11.0, 12.0, 14.0, 15.0, 16.0]",0.9470301415,5.291076241,3.8721187945000004,0.928560284,0.010934396499999943,1.2183067375000007
aggressive,Ewert-Regular,8a7eb23adce5193b61bc1843d752f37c208c163dd6db2fc1b64791791969f4ab,ascii94,1,"[11.0, 12.0, 14.0, 15.0, 16.0]",0.4554539005,2.3377659575000003,1.8371755319999998,0.4429663125,-0.002437943499999984,0.479758865
aggressive,BungeeShade-Regular,665c626082682b462f4e696308eafa7071c114da8f8ff3fb73a289c7ff7df482,ascii94,1,"[11.0, 12.0, 14.0, 15.0, 16.0]",0.414671986,2.3084361700000002,1.8713812055,0.4185868795,-0.0039893615000000104,0.4960851064999998
aggressive,BungeeOutline-Regular,9232000ff85fdbb68987007305f2de877486d63d31450f81b403461bbe721f1f,ascii94,1,"[11.0, 12.0, 14.0, 15.0, 16.0]",0.4111258865,2.2245868795000003,1.786569149,0.4227996455,-0.005393616500000031,0.4712624110000001
aggressive,MysteryQuest-Regular,fc3fba61be98d7de03964b41175ee5629bcc6958b251f8037ef13eabb5431eb2,ascii94,1,"[11.0, 12.0, 14.0, 15.0, 16.0]",0.349882979,1.6514485815,1.2296843974999998,0.3530567375,-0.0031737585000000124,0.3656932625
aggressive,Monoton-Regular,951c4cea65ffede784a7c9672feec5d329a7e1e12216c42d53ecf36c90d04dea,ascii94,1,"[11.0, 12.0, 14.0, 15.0, 16.0]",0.34943971650000005,3.02570922,2.4210248229999998,0.3494397165,-0.002141843500000018,0.5062783684999999
aggressive,VastShadow-Regular,98bdf7f93c2330697078ece27e48dea7d97b253a547d699bf7afc4bdfa641a93,ascii94,1,"[11.0, 12.0, 14.0, 15.0, 16.0]",0.3441205675,1.857046099,1.473184397,0.3519521275,-0.006726949999999954,0.3452269499999998
aggressive,RibeyeMarrow-Regular,4b19d54b86a068bb5b8a060938d87d1e6028d566c8efb68fa9c7debaa19987d0,ascii94,1,"[11.0, 12.0, 14.0, 15.0, 16.0]",0.327718085,1.824466312,1.5472819150000001,0.33156028400000004,-0.006280142000000044,0.3663546099999997
aggressive,FascinateInline-Regular,413101810fe420520122880404d1f8e892269e6a6afa2e00e980f65ef632ee3b,ascii94,1,"[11.0, 12.0, 14.0, 15.0, 16.0]",0.312498227,1.2684680855,0.9252358155,0.3175975175,-0.005099290499999964,0.3314131210000001
aggressive,Spirax-Regular,e509975c0680e447e6be89467f7f0bebec6d4cb0a8b75d7b6bb6d6fd7e2d5b65,ascii94,1,"[11.0, 12.0, 14.0, 15.0, 16.0]",0.226656028,1.182698582,0.954712766,0.2333031915,-0.004728723500000032,0.23116312049999987
aggressive,FontdinerSwanky-Regular,847229fbf58c7f7479f93fd7cf9fc269b54c0c9f6465abcb65a206fb261be41b,ascii94,1,"[11.0, 12.0, 14.0, 15.0, 16.0]",0.2091453905,1.093675532,0.8441932624999999,0.21579432650000002,-0.006203899999999984,0.24948226950000008
aggressive,RubikPixels-Regular,2d81a3511bf20e24f1f7bae72029ff4c04134a98a4e0e9ff81e4d664d2412e18,demo_unique,1,"[11.0, 12.0, 14.0, 15.0, 16.0]",20.430560606,61.89094444449999,40.2613484845,20.153549382999998,0.2243083329999962,20.422061728499997
aggressive,Rye-Regular,b7edee5e615ae1b6b07e9d030c1309152bf3672a0e8a2a46293e273730f5adba,demo_unique,1,"[11.0, 12.0, 14.0, 15.0, 16.0]",19.0630123455,21.0195432095,1.4709696970000001,0.5056021505,18.517746913499998,19.414864197500002
aggressive,DiplomataSC-Regular,6c91b299f45463424e26daf5fbbd5f298ad7b2e89f25bee506dd34a6d5297054,demo_unique,1,"[11.0, 12.0, 14.0, 15.0, 16.0]",18.616709677499998,19.773301075,1.094983871,0.299863636,18.319666666499998,18.678317204
aggressive,Diplomata-Regular,0197d3dd0c7e8daf4ec373f15a4cdeeb963f76748ffd8360b9150bac90b73997,demo_unique,1,"[11.0, 12.0, 14.0, 15.0, 16.0]",17.968188171999998,19.448863636,1.196908602,0.320344086,17.647844086,18.1301505375
aggressive,Vollkorn-Medium,b704817fe4433aa674c54f87141f2541d88d7d48342d98ec727a5eed4873a892,demo_unique,1,"[11.0, 12.0, 14.0, 15.0, 16.0]",14.6079833335,15.125,0.74619697,0.24937878800000002,14.346525,14.5079753085
aggressive,SnowburstOne-Regular,ede8110b5922b718c9b80717a4c5dcc2b4a862767d8319877983773c900bb00f,demo_unique,1,"[11.0, 12.0, 14.0, 15.0, 16.0]",12.7368083335,13.774999999999999,0.9545454545000001,0.339636364,12.3979250005,12.807575268499999
aggressive,Rubik80sFade-Regular,da14679ae16caaf4ad32aece9a7357dcdea02c5d7c9b1d296faba86e19862d3f,demo_unique,1,"[11.0, 12.0, 14.0, 15.0, 16.0]",11.032833333,32.161741935500004,20.694215054,10.95766129,0.10879629599999951,11.514591666000001
aggressive,RubikGlitchPop-Regular,20545e9c47a8d5f1a23305c598c54b2c29f252079db2965e593184e765d5880f,demo_unique,1,"[11.0, 12.0, 14.0, 15.0, 16.0]",7.5159444445000005,21.7754814815,13.579462963000001,7.415317204500001,-0.06874999999999964,8.1960185185
aggressive,FrederickatheGreat-Regular,33dc0832b5e934f3db79dc683dea5029c22eb418183b69669b047355c0c245a2,demo_unique,1,"[11.0, 12.0, 14.0, 15.0, 16.0]",4.7662037040000005,15.1304074075,9.429777778,4.7538580244999995,0.012345679500000983,4.847892472999998
aggressive,RubikMicrobe-Regular,af2360aa13ce3a068142dedded39d2d831615d8bbe370bc086e95192f2e528d7,demo_unique,1,"[11.0, 12.0, 14.0, 15.0, 16.0]",4.020141667,14.1032688175,9.7021666665,4.1363636365,-0.005407407999999947,4.245133333
aggressive,RubikDistressed-Regular,64a9962c862451507b5d8dbc1c4bf023ddbcad701bc73d277eae46723718327a,demo_unique,1,"[11.0, 12.0, 14.0, 15.0, 16.0]",2.359212121,8.448314815,6.236727273,2.301075269,0.11874166650000006,2.4452222225
aggressive,Frijole-Regular,e182bbad0e1ba7eb06d93edb1c97a71f5b7d56e27433fb375f5f7138399ab72c,demo_unique,1,"[11.0, 12.0, 14.0, 15.0, 16.0]",1.9922777775,6.8712272725000005,4.685606061,1.929,0.0,2.0022419355
aggressive,JacquesFrancoisShadow-Regular,3947827a196a3c12ceb471ed589168a9b57285db7258eb468a83f4c17945784c,demo_unique,1,"[11.0, 12.0, 14.0, 15.0, 16.0]",1.6707839505,3.0643939395000004,1.2847272725,0.35864516150000003,1.30422043,1.7330185185
aggressive,Kranky-Regular,2b40548b2a84e3daa922f770657aefc86d4ce13d155b96912bea2d50bcb09cc4,demo_unique,1,"[11.0, 12.0, 14.0, 15.0, 16.0]",1.5483518520000001,5.312720430000001,3.7856182795,1.5990185184999999,-0.050666666499999735,1.4490740739999994
aggressive,RubikBurned-Regular,149705177b7fe352b54227b05121c030520a55e1cc8a4cdd7f8d0af324e6f00d,demo_unique,1,"[11.0, 12.0, 14.0, 15.0, 16.0]",1.4629629625,4.9413030305,3.4008787875,1.455865591,-0.0050454550000003096,1.5786290320000007
aggressive,RubikBeastly-Regular,854c5f4bd05aae76d7830e871e2c990ea309a436072d8f0b67a796a80ec1cb18,demo_unique,1,"[11.0, 12.0, 14.0, 15.0, 16.0]",1.190408602,4.315592593,3.4589696965,1.1976060605,-0.0031515149999998826,1.0620537635000002
aggressive,RubikMoonrocks-Regular,39ff4d96b906e8cc2fd7a350aa13620d5eff18d776fedb5c98c12cbf6e1f2c1e,demo_unique,1,"[11.0, 12.0, 14.0, 15.0, 16.0]",1.1157407405,3.7840537635000002,2.5517727275,1.108537037,0.0023148144999998177,1.2628641970000003
aggressive,RubikGlitch-Regular,260245012483d56956269100ebece747aa95b4b67e5a9411a81a36e91f55e653,demo_unique,1,"[11.0, 12.0, 14.0, 15.0, 16.0]",1.0895061725000001,3.3510268815,2.1092272725,1.1115591395,-0.003870370499999831,1.079158333
aggressive,RubikWetPaint-Regular,3f35d1c77219c5219826b23c2f0c72dd0eed46425a0d4fff21b8827cdce61693,demo_unique,1,"[11.0, 12.0, 14.0, 15.0, 16.0]",1.007969136,3.2227345675,2.224016129,1.017473118,-0.002530303500000053,1.0315806455
aggressive,RubikVinyl-Regular,64f1d1636851d814a9031a945bc6ca6b7bc26a29009eb316176d27f00f2b7d4e,demo_unique,1,"[11.0, 12.0, 14.0, 15.0, 16.0]",0.93441358,3.1643518520000002,2.2130430105,0.921296296,-0.004709677500000065,1.0061666665000004
aggressive,RubikPuddles-Regular,ac690b0790b890a24c54997cfc66bde14d4648cb1a914e9b8754e9023bb0d342,demo_unique,1,"[11.0, 12.0, 14.0, 15.0, 16.0]",0.920698925,3.6148939395,2.7954696969999997,0.9152750000000001,0.001030864499999895,1.0054074075
aggressive,Ewert-Regular,8a7eb23adce5193b61bc1843d752f37c208c163dd6db2fc1b64791791969f4ab,demo_unique,1,"[11.0, 12.0, 14.0, 15.0, 16.0]",0.5620483869999999,2.160348485,1.6363636365,0.5536666665000001,0.005045454499999935,0.5239848485
aggressive,BungeeShade-Regular,665c626082682b462f4e696308eafa7071c114da8f8ff3fb73a289c7ff7df482,demo_unique,1,"[11.0, 12.0, 14.0, 15.0, 16.0]",0.4229408605,1.7291666664999998,1.3017037035,0.4265215055,-0.0035806449999999934,0.4128939395
aggressive,BungeeOutline-Regular,9232000ff85fdbb68987007305f2de877486d63d31450f81b403461bbe721f1f,demo_unique,1,"[11.0, 12.0, 14.0, 15.0, 16.0]",0.414876344,1.642919355,1.2235698925,0.4218833335,-0.0014000000000000123,0.4024333335000001
aggressive,VastShadow-Regular,98bdf7f93c2330697078ece27e48dea7d97b253a547d699bf7afc4bdfa641a93,demo_unique,1,"[11.0, 12.0, 14.0, 15.0, 16.0]",0.375512346,1.5705645165,1.166681818,0.38040123449999996,-0.0038181820000000033,0.371525
aggressive,MysteryQuest-Regular,fc3fba61be98d7de03964b41175ee5629bcc6958b251f8037ef13eabb5431eb2,demo_unique,1,"[11.0, 12.0, 14.0, 15.0, 16.0]",0.364247312,1.3669354839999999,0.9853333335000001,0.36805913999999995,-0.002774999499999986,0.3904320984999998
aggressive,Monoton-Regular,951c4cea65ffede784a7c9672feec5d329a7e1e12216c42d53ecf36c90d04dea,demo_unique,1,"[11.0, 12.0, 14.0, 15.0, 16.0]",0.362363636,2.0650151515,1.5439086025,0.362378788,-0.0015555550000000418,0.47736419750000003
aggressive,RibeyeMarrow-Regular,4b19d54b86a068bb5b8a060938d87d1e6028d566c8efb68fa9c7debaa19987d0,demo_unique,1,"[11.0, 12.0, 14.0, 15.0, 16.0]",0.3525967745,1.2999999999999998,0.969681818,0.355736559,-0.00313978450000002,0.3590493829999999
aggressive,FascinateInline-Regular,413101810fe420520122880404d1f8e892269e6a6afa2e00e980f65ef632ee3b,demo_unique,1,"[11.0, 12.0, 14.0, 15.0, 16.0]",0.3323,1.1463518515,0.837191358,0.33715,-0.004850000000000021,0.32291666699999977
aggressive,FontdinerSwanky-Regular,847229fbf58c7f7479f93fd7cf9fc269b54c0c9f6465abcb65a206fb261be41b,demo_unique,1,"[11.0, 12.0, 14.0, 15.0, 16.0]",0.23055,0.9722222225,0.7305107525000001,0.233683333,-0.005155913999999984,0.232641667
aggressive,Spirax-Regular,e509975c0680e447e6be89467f7f0bebec6d4cb0a8b75d7b6bb6d6fd7e2d5b65,demo_unique,1,"[11.0, 12.0, 14.0, 15.0, 16.0]",0.23006451649999998,0.968104938,0.711425926,0.238,-0.004500000000000004,0.24305555550000002
aggressive,RubikPixels-Regular,2d81a3511bf20e24f1f7bae72029ff4c04134a98a4e0e9ff81e4d664d2412e18,ascii94,2,"[11.0, 12.0, 14.0, 15.0, 16.0]",20.071367021,70.6083031915,51.163859929,19.9422287235,0.04041134749999742,19.7390656025
aggressive,Rye-Regular,b7edee5e615ae1b6b07e9d030c1309152bf3672a0e8a2a46293e273730f5adba,ascii94,2,"[11.0, 12.0, 14.0, 15.0, 16.0]",17.9465868795,21.933953901000002,3.5450656030000003,0.44806383,17.5093085105,18.243719858
aggressive,DiplomataSC-Regular,6c91b299f45463424e26daf5fbbd5f298ad7b2e89f25bee506dd34a6d5297054,ascii94,2,"[11.0, 12.0, 14.0, 15.0, 16.0]",17.253842198500003,20.0514184395,2.9429663120000003,0.31346099299999997,16.940381205500003,17.421544326
aggressive,Diplomata-Regular,0197d3dd0c7e8daf4ec373f15a4cdeeb963f76748ffd8360b9150bac90b73997,ascii94,2,"[11.0, 12.0, 14.0, 15.0, 16.0]",16.943558511,20.462691489500003,3.15625,0.3181170215,16.6254414895,17.32210461
aggressive,SnowburstOne-Regular,ede8110b5922b718c9b80717a4c5dcc2b4a862767d8319877983773c900bb00f,ascii94,2,"[11.0, 12.0, 14.0, 15.0, 16.0]",12.898789007,15.340278369,2.42966844,0.35593971599999996,12.540042553,13.226654255
aggressive,Vollkorn-Medium,b704817fe4433aa674c54f87141f2541d88d7d48342d98ec727a5eed4873a892,ascii94,2,"[11.0, 12.0, 14.0, 15.0, 16.0]",12.3713067375,14.078384752,1.4327730495,0.2473404255,12.099365248,12.531544326499999
aggressive,Rubik80sFade-Regular,da14679ae16caaf4ad32aece9a7357dcdea02c5d7c9b1d296faba86e19862d3f,ascii94,2,"[11.0, 12.0, 14.0, 15.0, 16.0]",11.505539007,43.9006347515,31.501108156,11.487219858,0.015661347500000034,12.3995265955
aggressive,RubikGlitchPop-Regular,20545e9c47a8d5f1a23305c598c54b2c29f252079db2965e593184e765d5880f,ascii94,2,"[11.0, 12.0, 14.0, 15.0, 16.0]",8.7075957445,29.146572695,20.1784875885,8.497856382999998,0.14125354599999973,8.994679077499999
aggressive,FrederickatheGreat-Regular,33dc0832b5e934f3db79dc683dea5029c22eb418183b69669b047355c0c245a2,ascii94,2,"[11.0, 12.0, 14.0, 15.0, 16.0]",5.087026596,20.0857712765,14.7162375885,4.980643617,0.03849113500000012,5.502363475000001
aggressive,RubikMicrobe-Regular,af2360aa13ce3a068142dedded39d2d831615d8bbe370bc086e95192f2e528d7,ascii94,2,"[11.0, 12.0, 14.0, 15.0, 16.0]",4.186319149,20.6251489365,16.296099290500003,4.1716897159999995,0.004210993499999205,4.296764184499999
aggressive,RubikDistressed-Regular,64a9962c862451507b5d8dbc1c4bf023ddbcad701bc73d277eae46723718327a,ascii94,2,"[11.0, 12.0, 14.0, 15.0, 16.0]",2.6609024825,18.0835549645,15.113992908,2.6720585110000004,-0.014255319500000141,3.1645975180000008
aggressive,Frijole-Regular,e182bbad0e1ba7eb06d93edb1c97a71f5b7d56e27433fb375f5f7138399ab72c,ascii94,2,"[11.0, 12.0, 14.0, 15.0, 16.0]",1.860741135,9.025562057,7.3151595745,1.8303049645,0.015886524500000165,1.7104024825000002
aggressive,Kranky-Regular,2b40548b2a84e3daa922f770657aefc86d4ce13d155b96912bea2d50bcb09cc4,ascii94,2,"[11.0, 12.0, 14.0, 15.0, 16.0]",1.6094113475,6.9572996455,5.1673297875,1.6076382974999999,-0.0077570920000000765,1.7200780140000003
aggressive,RubikBurned-Regular,149705177b7fe352b54227b05121c030520a55e1cc8a4cdd7f8d0af324e6f00d,ascii94,2,"[11.0, 12.0, 14.0, 15.0, 16.0]",1.5709202125,7.2646258865,5.5932322695,1.56168617,0.030141844000000084,1.5413723405000006
aggressive,JacquesFrancoisShadow-Regular,3947827a196a3c12ceb471ed589168a9b57285db7258eb468a83f4c17945784c,ascii94,2,"[11.0, 12.0, 14.0, 15.0, 16.0]",1.5494237590000002,6.1111861705,4.3055549645,0.35498049649999996,1.1944432625,1.8056312060000002
aggressive,RubikWetPaint-Regular,3f35d1c77219c5219826b23c2f0c72dd0eed46425a0d4fff21b8827cdce61693,ascii94,2,"[11.0, 12.0, 14.0, 15.0, 16.0]",1.2253989365,5.30112234,3.92058156,1.2593812055,-0.027409574999999853,1.289968085
aggressive,RubikBeastly-Regular,854c5f4bd05aae76d7830e871e2c990ea309a436072d8f0b67a796a80ec1cb18,ascii94,2,"[11.0, 12.0, 14.0, 15.0, 16.0]",1.2082588655,10.1515212765,8.5791950355,1.2214840425,-0.007609929000000015,1.5193546095000006
aggressive,RubikGlitch-Regular,260245012483d56956269100ebece747aa95b4b67e5a9411a81a36e91f55e653,ascii94,2,"[11.0, 12.0, 14.0, 15.0, 16.0]",1.1566914895,5.674496454,4.619384752,1.1514468085,0.0007375885000000526,1.154625887
aggressive,RubikMoonrocks-Regular,39ff4d96b906e8cc2fd7a350aa13620d5eff18d776fedb5c98c12cbf6e1f2c1e,ascii94,2,"[11.0, 12.0, 14.0, 15.0, 16.0]",1.0801578015,6.6891241135,5.368645390499999,1.067819149,0.021943262500000005,1.1354166670000003
aggressive,RubikVinyl-Regular,64f1d1636851d814a9031a945bc6ca6b7bc26a29009eb316176d27f00f2b7d4e,ascii94,2,"[11.0, 12.0, 14.0, 15.0, 16.0]",1.0305106385,5.5350159575,4.354388298,1.0358297875,0.012705673499999959,0.8059255319999998
aggressive,RubikPuddles-Regular,ac690b0790b890a24c54997cfc66bde14d4648cb1a914e9b8754e9023bb0d342,ascii94,2,"[11.0, 12.0, 14.0, 15.0, 16.0]",0.9154095745,8.3172287235,7.1094131205,0.906175532,0.0027322694999999397,1.0559999999999992
aggressive,BungeeShade-Regular,665c626082682b462f4e696308eafa7071c114da8f8ff3fb73a289c7ff7df482,ascii94,2,"[11.0, 12.0, 14.0, 15.0, 16.0]",0.457521277,4.268913120500001,3.78856383,0.462101064,-0.003987587999999986,0.5429237590000007
aggressive,Ewert-Regular,8a7eb23adce5193b61bc1843d752f37c208c163dd6db2fc1b64791791969f4ab,ascii94,2,"[11.0, 12.0, 14.0, 15.0, 16.0]",0.442005319,4.043439716,3.5110088655,0.454787234,-0.016992907999999973,0.5876932624999993
aggressive,BungeeOutline-Regular,9232000ff85fdbb68987007305f2de877486d63d31450f81b403461bbe721f1f,ascii94,2,"[11.0, 12.0, 14.0, 15.0, 16.0]",0.415115248,3.6682943265,3.1536631205,0.412900709,0.0016985815000000182,0.5146312059999998
aggressive,MysteryQuest-Regular,fc3fba61be98d7de03964b41175ee5629bcc6958b251f8037ef13eabb5431eb2,ascii94,2,"[11.0, 12.0, 14.0, 15.0, 16.0]",0.3474432625,2.6948156030000003,2.3540195035,0.3583031915,-0.008051418500000018,0.5683368789999999
aggressive,Monoton-Regular,951c4cea65ffede784a7c9672feec5d329a7e1e12216c42d53ecf36c90d04dea,ascii94,2,"[11.0, 12.0, 14.0, 15.0, 16.0]",0.3473705675,5.606235816,5.1343085105,0.3524663125,-0.0017730494999999569,0.47554787249999997
aggressive,VastShadow-Regular,98bdf7f93c2330697078ece27e48dea7d97b253a547d699bf7afc4bdfa641a93,ascii94,2,"[11.0, 12.0, 14.0, 15.0, 16.0]",0.34182801399999996,3.5423315605,3.1216755320000003,0.344858156,-0.0019202130000000595,0.5328723405
aggressive,RibeyeMarrow-Regular,4b19d54b86a068bb5b8a060938d87d1e6028d566c8efb68fa9c7debaa19987d0,ascii94,2,"[11.0, 12.0, 14.0, 15.0, 16.0]",0.328012411,3.2317517735,2.767363475,0.327865248,-0.0036187940000000363,0.5593226950000001
aggressive,FascinateInline-Regular,413101810fe420520122880404d1f8e892269e6a6afa2e00e980f65ef632ee3b,ascii94,2,"[11.0, 12.0, 14.0, 15.0, 16.0]",0.29491666650000004,1.964537234,1.5805265954999999,0.30260106350000004,-0.007904255000000027,0.38401063850000017
aggressive,Spirax-Regular,e509975c0680e447e6be89467f7f0bebec6d4cb0a8b75d7b6bb6d6fd7e2d5b65,ascii94,2,"[11.0, 12.0, 14.0, 15.0, 16.0]",0.2320478725,1.979388298,1.7415035460000001,0.236406028,-0.0082748225,0.3252074469999999
aggressive,FontdinerSwanky-Regular,847229fbf58c7f7479f93fd7cf9fc269b54c0c9f6465abcb65a206fb261be41b,ascii94,2,"[11.0, 12.0, 14.0, 15.0, 16.0]",0.1937056735,1.8382836880000002,1.6230797875,0.2017570925,-0.008494681000000004,0.31900177250000006
aggressive,RubikPixels-Regular,2d81a3511bf20e24f1f7bae72029ff4c04134a98a4e0e9ff81e4d664d2412e18,demo_unique,2,"[11.0, 12.0, 14.0, 15.0, 16.0]",20.1772098765,74.597212121,52.1893939395,20.391722222,-0.10542424249999982,20.538314815
aggressive,Rye-Regular,b7edee5e615ae1b6b07e9d030c1309152bf3672a0e8a2a46293e273730f5adba,demo_unique,2,"[11.0, 12.0, 14.0, 15.0, 16.0]",19.9585925925,22.631944444,2.3162727275,0.4915,19.4387839505,20.205204301000002
aggressive,DiplomataSC-Regular,6c91b299f45463424e26daf5fbbd5f298ad7b2e89f25bee506dd34a6d5297054,demo_unique,2,"[11.0, 12.0, 14.0, 15.0, 16.0]",18.639338709500002,20.9941720435,1.9460000000000002,0.3008494625,18.338489247000002,19.120069893
aggressive,Diplomata-Regular,0197d3dd0c7e8daf4ec373f15a4cdeeb963f76748ffd8360b9150bac90b73997,demo_unique,2,"[11.0, 12.0, 14.0, 15.0, 16.0]",18.017740740999997,20.6245537635,2.250672043,0.3138916665,17.715783951,18.320734568
aggressive,Vollkorn-Medium,b704817fe4433aa674c54f87141f2541d88d7d48342d98ec727a5eed4873a892,demo_unique,2,"[11.0, 12.0, 14.0, 15.0, 16.0]",14.9089506175,16.1022727275,1.1310483869999999,0.2607272725,14.6589506175,14.970969697000001
aggressive,SnowburstOne-Regular,ede8110b5922b718c9b80717a4c5dcc2b4a862767d8319877983773c900bb00f,demo_unique,2,"[11.0, 12.0, 14.0, 15.0, 16.0]",12.766462962999999,14.8734567905,1.688166667,0.34184946250000003,12.418981481499998,13.076733333
aggressive,Rubik80sFade-Regular,da14679ae16caaf4ad32aece9a7357dcdea02c5d7c9b1d296faba86e19862d3f,demo_unique,2,"[11.0, 12.0, 14.0, 15.0, 16.0]",11.380141975499999,41.628803030499995,30.032704301,10.993500000000001,0.3158395064999979,11.628466666999998
aggressive,RubikGlitchPop-Regular,20545e9c47a8d5f1a23305c598c54b2c29f252079db2965e593184e765d5880f,demo_unique,2,"[11.0, 12.0, 14.0, 15.0, 16.0]",7.563392473,25.506962963,18.522090909,7.4794259255,0.018939393999999332,8.010037036999996
aggressive,FrederickatheGreat-Regular,33dc0832b5e934f3db79dc683dea5029c22eb418183b69669b047355c0c245a2,demo_unique,2,"[11.0, 12.0, 14.0, 15.0, 16.0]",4.8505860215,17.9151296295,14.875,4.90277957,-0.05324074049999972,4.6948924729999995
aggressive,RubikMicrobe-Regular,af2360aa13ce3a068142dedded39d2d831615d8bbe370bc086e95192f2e528d7,demo_unique,2,"[11.0, 12.0, 14.0, 15.0, 16.0]",4.0761358025,19.445712121,14.6205757575,3.944703704,-0.0024999999999995026,4.8251363635
aggressive,RubikDistressed-Regular,64a9962c862451507b5d8dbc1c4bf023ddbcad701bc73d277eae46723718327a,demo_unique,2,"[11.0, 12.0, 14.0, 15.0, 16.0]",2.361112903,13.7973484845,10.736742424,2.3380376345,-0.018954545500000197,3.0321481479999974
aggressive,Frijole-Regular,e182bbad0e1ba7eb06d93edb1c97a71f5b7d56e27433fb375f5f7138399ab72c,demo_unique,2,"[11.0, 12.0, 14.0, 15.0, 16.0]",1.966172043,8.606045455,6.6174242425,1.9266851855,-0.004516666500000044,1.9440999999999997
aggressive,JacquesFrancoisShadow-Regular,3947827a196a3c12ceb471ed589168a9b57285db7258eb468a83f4c17945784c,demo_unique,2,"[11.0, 12.0, 14.0, 15.0, 16.0]",1.6350666665,4.0865,2.221590909,0.3551975305,1.284025,1.7838225805000008
aggressive,Kranky-Regular,2b40548b2a84e3daa922f770657aefc86d4ce13d155b96912bea2d50bcb09cc4,demo_unique,2,"[11.0, 12.0, 14.0, 15.0, 16.0]",1.5933641975000001,6.0756296295,4.1697592595,1.5318888890000002,0.08087096799999993,1.6834731174999993
aggressive,RubikBurned-Regular,149705177b7fe352b54227b05121c030520a55e1cc8a4cdd7f8d0af324e6f00d,demo_unique,2,"[11.0, 12.0, 14.0, 15.0, 16.0]",1.4785303035,5.71912963,4.4728484845,1.449817204,0.0026935484999999204,1.283607527
aggressive,RubikBeastly-Regular,854c5f4bd05aae76d7830e871e2c990ea309a436072d8f0b67a796a80ec1cb18,demo_unique,2,"[11.0, 12.0, 14.0, 15.0, 16.0]",1.1628148145,6.9815,5.654030303,1.196506173,-0.009454545500000133,1.6123950614999991
aggressive,RubikMoonrocks-Regular,39ff4d96b906e8cc2fd7a350aa13620d5eff18d776fedb5c98c12cbf6e1f2c1e,demo_unique,2,"[11.0, 12.0, 14.0, 15.0, 16.0]",1.1507222225,5.155939394,3.883325,1.1335000000000002,-0.00022580650000003644,1.3541666669999994
aggressive,RubikGlitch-Regular,260245012483d56956269100ebece747aa95b4b67e5a9411a81a36e91f55e653,demo_unique,2,"[11.0, 12.0, 14.0, 15.0, 16.0]",1.111376543,3.789757576,2.583969697,1.1005617285,-0.0031333330000000714,1.2723888895000002
aggressive,RubikWetPaint-Regular,3f35d1c77219c5219826b23c2f0c72dd0eed46425a0d4fff21b8827cdce61693,demo_unique,2,"[11.0, 12.0, 14.0, 15.0, 16.0]",1.008234568,4.0154444445,2.689064516,1.017493827,-0.0037878780000000223,1.1710432099999997
aggressive,RubikVinyl-Regular,64f1d1636851d814a9031a945bc6ca6b7bc26a29009eb316176d27f00f2b7d4e,demo_unique,2,"[11.0, 12.0, 14.0, 15.0, 16.0]",0.924895062,3.9861111109999996,2.851,0.9187583335,0.004263440999999979,1.0615967740000003
aggressive,RubikPuddles-Regular,ac690b0790b890a24c54997cfc66bde14d4648cb1a914e9b8754e9023bb0d342,demo_unique,2,"[11.0, 12.0, 14.0, 15.0, 16.0]",0.8781344085,5.5744848485,4.691924242500001,0.881939394,-0.0018024690000000287,0.9591111115000004
aggressive,Ewert-Regular,8a7eb23adce5193b61bc1843d752f37c208c163dd6db2fc1b64791791969f4ab,demo_unique,2,"[11.0, 12.0, 14.0, 15.0, 16.0]",0.5194892470000001,3.4097121215,3.031575758,0.5336913585,-0.015685185499999976,0.46605555500000007
aggressive,BungeeShade-Regular,665c626082682b462f4e696308eafa7071c114da8f8ff3fb73a289c7ff7df482,demo_unique,2,"[11.0, 12.0, 14.0, 15.0, 16.0]",0.4334623655,2.6566481485,2.152,0.45216666699999997,-0.0018939390000000111,0.4996499999999997
aggressive,BungeeOutline-Regular,9232000ff85fdbb68987007305f2de877486d63d31450f81b403461bbe721f1f,demo_unique,2,"[11.0, 12.0, 14.0, 15.0, 16.0]",0.4106129035,2.4944032255,1.9506296295,0.413891667,-0.0018939394999999415,0.37950833350000024
aggressive,VastShadow-Regular,98bdf7f93c2330697078ece27e48dea7d97b253a547d699bf7afc4bdfa641a93,demo_unique,2,"[11.0, 12.0, 14.0, 15.0, 16.0]",0.3774333335,2.426075269,2.063259259,0.376537037,-0.002241935500000014,0.42500000000000027
aggressive,MysteryQuest-Regular,fc3fba61be98d7de03964b41175ee5629bcc6958b251f8037ef13eabb5431eb2,demo_unique,2,"[11.0, 12.0, 14.0, 15.0, 16.0]",0.359567901,1.899,1.849518519,0.366316667,-0.006432098999999969,0.33525757600000006
aggressive,Monoton-Regular,951c4cea65ffede784a7c9672feec5d329a7e1e12216c42d53ecf36c90d04dea,demo_unique,2,"[11.0, 12.0, 14.0, 15.0, 16.0]",0.357333333,4.239962963,3.411621212,0.360469697,-0.005401234500000018,0.6142473119999994
aggressive,RibeyeMarrow-Regular,4b19d54b86a068bb5b8a060938d87d1e6028d566c8efb68fa9c7debaa19987d0,demo_unique,2,"[11.0, 12.0, 14.0, 15.0, 16.0]",0.34318817199999996,2.0372424245,1.7070606060000002,0.3499916665,-0.0046296289999999685,0.39471505350000013
aggressive,FascinateInline-Regular,413101810fe420520122880404d1f8e892269e6a6afa2e00e980f65ef632ee3b,demo_unique,2,"[11.0, 12.0, 14.0, 15.0, 16.0]",0.312759259,1.539424731,1.404314815,0.34027777800000003,-0.007197531500000021,0.32459259249999994
aggressive,Spirax-Regular,e509975c0680e447e6be89467f7f0bebec6d4cb0a8b75d7b6bb6d6fd7e2d5b65,demo_unique,2,"[11.0, 12.0, 14.0, 15.0, 16.0]",0.228946237,1.5180061725,1.2455161289999999,0.229166667,0.0020833330000000205,0.21780303
aggressive,FontdinerSwanky-Regular,847229fbf58c7f7479f93fd7cf9fc269b54c0c9f6465abcb65a206fb261be41b,demo_unique,2,"[11.0, 12.0, 14.0, 15.0, 16.0]",0.2283888885,1.6123787875,1.3787727275,0.23096296249999998,-0.0038703704999999977,0.2284259260000001
