font,actual_font,scene,phase,prefix_frames,version,allocation_calls,allocation_requested_bytes,rasterizer_owned_requested_bytes,accounted_retained_peak,peak_live_requested_growth,counter_requests,counter_hits,counter_misses,counter_clear_calls,counter_nonempty_clears,counter_insertions,counter_pool_acquires,counter_fresh_native_outlines,counter_recycle_calls,counter_pool_discards,counter_failed_scaling,counter_admission_skips,state_accounted_retained_bytes,state_cached_entries,state_pooled_entries,state_pool_vec_capacity,state_outline_map_capacity,state_metadata_bytes,state_cached_logical_geometry_bytes,state_pooled_logical_geometry_bytes,state_arena_point_capacity,state_arena_verb_capacity,state_scratch_point_high_water,state_scratch_verb_high_water
stock,stock,grid_singleton,once,1,final,144,130367,41432,30259,47680,94,0,94,0,0,94,0,0,0,0,0,0,30259,94,0,0,112,6016,22408,0,2688,1920,86,51
stock,stock,grid_two_phases,first,1,final,144,130367,41432,30259,47680,94,0,94,0,0,94,0,0,0,0,0,0,30259,94,0,0,112,6016,22408,0,2688,1920,86,51
stock,stock,grid_two_phases,second,2,final,238,177413,41432,30259,47680,188,94,94,0,0,94,0,0,0,0,0,0,30259,94,0,0,112,6016,22408,0,2688,1920,86,51
stock,stock,grid_unique_sizes,sweep,32,final,3135,4228607,1033832,942899,1162878,3008,0,3008,0,0,3008,0,0,0,0,0,0,942899,3008,0,0,3584,192512,717056,0,86016,61440,86,51
stock,stock,grid_unique_variations,sweep,32,final,6158,3631332,1037528,954931,1170004,3008,0,3008,0,0,3008,0,0,0,0,0,0,954931,3008,0,0,3584,204544,717056,0,86016,61440,86,51
stock,stock,grid_pollution,hot_first,1,final,144,130367,41432,30259,47680,94,0,94,0,0,94,0,0,0,0,0,0,30259,94,0,0,112,6016,22408,0,2688,1920,86,51
stock,stock,grid_pollution,hot_second,2,final,238,177413,41432,30259,47680,188,94,94,0,0,94,0,0,0,0,0,0,30259,94,0,0,112,6016,22408,0,2688,1920,86,51
stock,stock,grid_pollution,pollution,66,final,6364,8591265,1033928,951347,1162711,6204,94,6110,1,1,6110,0,0,0,0,0,0,940467,2970,0,0,3584,190080,707499,0,86016,61440,86,51
stock,stock,grid_pollution,hot_return,67,final,6459,8638331,1033928,951347,1162711,6298,94,6204,1,1,6204,0,0,0,0,0,0,946483,3064,0,0,3584,196096,729907,0,86016,61440,86,51
vollkorn,vollkorn,grid_singleton,once,1,final,245,2115193,113432,101686,149532,94,0,94,0,0,94,0,0,0,0,0,0,101686,94,0,0,112,6016,52606,0,11008,6272,147,78
vollkorn,vollkorn,grid_two_phases,first,1,final,245,2115193,113432,101686,149532,94,0,94,0,0,94,0,0,0,0,0,0,101686,94,0,0,112,6016,52606,0,11008,6272,147,78
vollkorn,vollkorn,grid_two_phases,second,2,final,339,2161428,113432,101686,149532,188,94,94,0,0,94,0,0,0,0,0,0,101686,94,0,0,112,6016,52606,0,11008,6272,147,78
vollkorn,vollkorn,grid_unique_sizes,sweep,32,final,6166,62502715,906920,842486,1088612,3008,0,3008,2,2,3008,0,0,0,0,0,0,776310,317,0,0,1792,20288,177881,0,88064,50176,147,78
vollkorn,stock,grid_unique_variations,sweep,32,final,6158,3631332,1037528,954931,1170004,3008,0,3008,0,0,3008,0,0,0,0,0,0,954931,3008,0,0,3584,204544,717056,0,86016,61440,86,51
vollkorn,vollkorn,grid_pollution,hot_first,1,final,245,2115193,113432,101686,149532,94,0,94,0,0,94,0,0,0,0,0,0,101686,94,0,0,112,6016,52606,0,11008,6272,147,78
vollkorn,vollkorn,grid_pollution,hot_second,2,final,339,2161428,113432,101686,149532,188,94,94,0,0,94,0,0,0,0,0,0,101686,94,0,0,112,6016,52606,0,11008,6272,147,78
vollkorn,vollkorn,grid_pollution,pollution,66,final,12497,127049375,907016,842550,1088473,6204,94,6110,4,4,6110,0,0,0,0,0,0,802294,723,0,0,1792,46272,408521,0,88064,50176,147,78
vollkorn,vollkorn,grid_pollution,hot_return,67,final,12686,128922703,907016,842550,1088473,6298,94,6204,4,4,6204,0,0,0,0,0,0,808310,817,0,0,1792,52288,461127,0,88064,50176,147,78
ptsans,ptsans,grid_singleton,once,1,final,149,180037,68360,56622,70628,94,0,94,0,0,94,0,0,0,0,0,0,56622,94,0,0,112,6016,28352,0,5888,2176,146,78
ptsans,ptsans,grid_two_phases,first,1,final,149,180037,68360,56622,70628,94,0,94,0,0,94,0,0,0,0,0,0,56622,94,0,0,112,6016,28352,0,5888,2176,146,78
ptsans,ptsans,grid_two_phases,second,2,final,243,220367,68360,56622,71360,188,94,94,0,0,94,0,0,0,0,0,0,56622,94,0,0,112,6016,28352,0,5888,2176,146,78
ptsans,ptsans,grid_unique_sizes,sweep,32,final,3153,4186199,1108632,997550,1239922,3008,0,3008,1,1,3008,0,0,0,0,0,0,844206,306,0,0,3584,19584,91720,0,94208,69632,146,78
ptsans,stock,grid_unique_variations,sweep,32,final,6158,3631332,1037528,954931,1170004,3008,0,3008,0,0,3008,0,0,0,0,0,0,954931,3008,0,0,3584,204544,717056,0,86016,61440,86,51
ptsans,ptsans,grid_pollution,hot_first,1,final,149,180037,68360,56622,70628,94,0,94,0,0,94,0,0,0,0,0,0,56622,94,0,0,112,6016,28352,0,5888,2176,146,78
ptsans,ptsans,grid_pollution,hot_second,2,final,243,220367,68360,56622,71360,188,94,94,0,0,94,0,0,0,0,0,0,56622,94,0,0,112,6016,28352,0,5888,2176,146,78
ptsans,ptsans,grid_pollution,pollution,66,final,6382,8122698,1108712,997550,1239768,6204,94,6110,2,2,6110,0,0,0,0,0,0,869806,706,0,0,3584,45184,211689,0,94208,69632,146,78
ptsans,ptsans,grid_pollution,hot_return,67,final,6477,8165232,1108712,997550,1239768,6298,94,6204,2,2,6204,0,0,0,0,0,0,875822,800,0,0,3584,51200,240041,0,94208,69632,146,78
stock,stock,grid_singleton,once,1,pool,799,173214,72192,34440,73716,94,0,94,0,0,94,0,94,0,0,0,0,34440,94,0,0,112,12032,22408,0,0,0,0,0
stock,stock,grid_two_phases,first,1,pool,799,173214,72192,34440,73716,94,0,94,0,0,94,0,94,0,0,0,0,34440,94,0,0,112,12032,22408,0,0,0,0,0
stock,stock,grid_two_phases,second,2,pool,893,220260,72192,34440,75058,188,94,94,0,0,94,0,94,0,0,0,0,34440,94,0,0,112,12032,22408,0,0,0,0,0
stock,stock,grid_unique_sizes,sweep,32,pool,24022,6377486,2273456,1048576,2382670,3008,0,3008,1,1,3008,146,2862,0,245,0,0,1048549,147,2470,4096,3584,18816,47238,589279,0,0,0,0
stock,stock,grid_unique_variations,sweep,32,pool,26914,5769611,2252576,1048575,2360856,3008,0,3008,1,1,3008,177,2831,0,261,0,0,1048149,178,2392,4096,3584,23496,57251,574186,0,0,0,0
stock,stock,grid_pollution,hot_first,1,pool,799,173214,72192,34440,73716,94,0,94,0,0,94,0,94,0,0,0,0,34440,94,0,0,112,12032,22408,0,0,0,0,0
stock,stock,grid_pollution,hot_second,2,pool,893,220260,72192,34440,75058,188,94,94,0,0,94,0,94,0,0,0,0,34440,94,0,0,112,12032,22408,0,0,0,0,0
stock,stock,grid_pollution,pollution,66,pool,37268,12883640,2033128,1048576,2401806,6204,94,6110,2,2,6110,2175,3935,0,2172,0,0,1048473,748,1015,4096,3584,95744,263870,295643,0,0,0,0
stock,stock,grid_pollution,hot_return,67,pool,37433,12947826,2005216,1048576,2401806,6298,94,6204,2,2,6204,2269,3935,0,2237,0,0,1048385,842,856,4096,3584,107776,297721,249672,0,0,0,0
vollkorn,vollkorn,grid_singleton,once,1,pool,1139,2101834,115992,64638,151092,94,0,94,0,0,94,0,94,0,0,0,0,64638,94,0,0,112,12032,52606,0,0,0,0,0
vollkorn,vollkorn,grid_two_phases,first,1,pool,1139,2101834,115992,64638,151092,94,0,94,0,0,94,0,94,0,0,0,0,64638,94,0,0,112,12032,52606,0,0,0,0,0
vollkorn,vollkorn,grid_two_phases,second,2,pool,1233,2148069,115992,64638,151092,188,94,94,0,0,94,0,94,0,0,0,0,64638,94,0,0,112,12032,52606,0,0,0,0,0
vollkorn,vollkorn,grid_unique_sizes,sweep,32,pool,24947,65602612,1847808,1048576,2086160,3008,0,3008,2,2,3008,1191,1817,0,602,0,0,1048567,170,1045,2048,1792,21760,129354,700845,0,0,0,0
vollkorn,stock,grid_unique_variations,sweep,32,pool,26914,5769611,2252576,1048575,2360856,3008,0,3008,1,1,3008,177,2831,0,261,0,0,1048149,178,2392,4096,3584,23496,57251,574186,0,0,0,0
vollkorn,vollkorn,grid_pollution,hot_first,1,pool,1139,2101834,115992,64638,151092,94,0,94,0,0,94,0,94,0,0,0,0,64638,94,0,0,112,12032,52606,0,0,0,0,0
vollkorn,vollkorn,grid_pollution,hot_second,2,pool,1233,2148069,115992,64638,151092,188,94,94,0,0,94,0,94,0,0,0,0,64638,94,0,0,112,12032,52606,0,0,0,0,0
vollkorn,vollkorn,grid_pollution,pollution,66,pool,37837,132368008,1650696,1048576,2085656,6204,94,6110,4,4,6110,3721,2389,0,1442,0,0,1048313,809,138,2048,1792,103552,641748,106405,0,0,0,0
vollkorn,vollkorn,grid_pollution,hot_return,67,pool,38045,134251512,1628200,1048576,2085656,6298,94,6204,4,4,6204,3815,2389,0,1464,0,0,1048333,903,22,2048,1792,115584,719551,16590,0,0,0,0
ptsans,ptsans,grid_singleton,once,1,pool,850,187510,81424,40384,83182,94,0,94,0,0,94,0,94,0,0,0,0,40384,94,0,0,112,12032,28352,0,0,0,0,0
ptsans,ptsans,grid_two_phases,first,1,pool,850,187510,81424,40384,83182,94,0,94,0,0,94,0,94,0,0,0,0,40384,94,0,0,112,12032,28352,0,0,0,0,0
ptsans,ptsans,grid_two_phases,second,2,pool,944,227840,81424,40384,84424,188,94,94,0,0,94,0,94,0,0,0,0,40384,94,0,0,112,12032,28352,0,0,0,0,0
ptsans,ptsans,grid_unique_sizes,sweep,32,pool,22816,6506176,2068504,1048576,2412592,3008,0,3008,1,1,3008,567,2441,0,740,0,0,1048566,568,1133,4096,3584,72704,252302,330344,0,0,0,0
ptsans,stock,grid_unique_variations,sweep,32,pool,26914,5769611,2252576,1048575,2360856,3008,0,3008,1,1,3008,177,2831,0,261,0,0,1048149,178,2392,4096,3584,23496,57251,574186,0,0,0,0
ptsans,ptsans,grid_pollution,hot_first,1,pool,850,187510,81424,40384,83182,94,0,94,0,0,94,0,94,0,0,0,0,40384,94,0,0,112,12032,28352,0,0,0,0,0
ptsans,ptsans,grid_pollution,hot_second,2,pool,944,227840,81424,40384,84424,188,94,94,0,0,94,0,94,0,0,0,0,40384,94,0,0,112,12032,28352,0,0,0,0,0
ptsans,ptsans,grid_pollution,pollution,66,pool,39138,13264171,1795464,1048576,2430136,6204,94,6110,2,2,6110,2234,3876,0,2283,0,0,877158,1593,0,0,3584,203904,673254,0,0,0,0,0
ptsans,ptsans,grid_pollution,hot_return,67,pool,39964,13400881,1851952,1048576,2430136,6298,94,6204,2,2,6204,2234,3970,0,2283,0,0,917542,1687,0,0,3584,215936,701606,0,0,0,0,0
